[2025-11-03 23:27:14] [GENERATE_CERT] Script generate_certificate.php iniciado
[2025-11-03 23:27:14] [GENERATE_CERT] Dados recebidos - Lecture: 41f26228-4f94-4c7f-b9f0-7906ea80bb26, User: debug-user
[2025-11-03 23:27:14] [GENERATE_CERT] Iniciando validações de segurança anti-fraude
[2025-11-03 23:27:14] [GENERATE_CERT] Progresso no DB: 3777s
[2025-11-03 23:27:14] [GENERATE_CERT] MODO TESTE: Duração total: 2520s, Requerido: 120s (fixo em 2 min)
[2025-11-03 23:27:14] [GENERATE_CERT] TESTE - Security data - Sequential: 600s, Segments: 3, Suspicious: 0
[2025-11-03 23:27:14] [GENERATE_CERT] ALERTA TESTE: Diferença temporal grande mas permitindo - DB: 3777s, Cliente: 600s, Diferença: 3177s
[2025-11-03 23:27:14] [GENERATE_CERT] INFO: Certificado já existe - ID: eae1a3de-53fe-4497-90ac-419951e15674
[2025-11-03 20:27:14] [DOWNLOAD] DEBUG: Script download_certificate_files.php iniciado.
[2025-11-03 20:27:14] [DOWNLOAD] DEBUG: ID do certificado recebido: eae1a3de-53fe-4497-90ac-419951e15674, formato solicitado: png
[2025-11-03 20:27:14] [DOWNLOAD] DEBUG: Dados do certificado encontrados no banco de dados.
[2025-11-03 20:27:14] [DOWNLOAD] DEBUG: Arquivo PNG encontrado: /home/u335416710/domains/translators101.com/public_html/v/certificates/certificate_eae1a3de-53fe-4497-90ac-419951e15674.png
[2025-11-03 20:27:14] [DOWNLOAD] DEBUG: Preparando download final: Certificado_William_Cassemiro_2025-11-03.png (Tipo: image/png) - Arquivo: /home/u335416710/domains/translators101.com/public_html/v/certificates/certificate_eae1a3de-53fe-4497-90ac-419951e15674.png
[2025-11-03 20:27:14] [DOWNLOAD] INFO: Arquivo Certificado_William_Cassemiro_2025-11-03.png enviado para download com sucesso.
[2025-11-03 20:31:59] [DOWNLOAD] DEBUG: Script download_certificate_files.php iniciado.
[2025-11-03 20:31:59] [DOWNLOAD] ERRO: ID do certificado não fornecido.
[2025-11-03 20:33:27] [DOWNLOAD] DEBUG: Script download_certificate_files.php iniciado.
[2025-11-03 20:33:27] [DOWNLOAD] DEBUG: ID do certificado recebido: fc90657a-3b98-4929-88a5-3507bc31014f, formato solicitado: png
[2025-11-03 20:33:27] [DOWNLOAD] DEBUG: Dados do certificado encontrados no banco de dados.
[2025-11-03 20:33:27] [DOWNLOAD] DEBUG: Arquivo PNG encontrado: /home/u335416710/domains/translators101.com/public_html/v/certificates/certificate_fc90657a-3b98-4929-88a5-3507bc31014f.png
[2025-11-03 20:33:27] [DOWNLOAD] DEBUG: Preparando download final: Certificado_William_Cassemiro_2025-11-03.png (Tipo: image/png) - Arquivo: /home/u335416710/domains/translators101.com/public_html/v/certificates/certificate_fc90657a-3b98-4929-88a5-3507bc31014f.png
[2025-11-03 20:33:27] [DOWNLOAD] INFO: Arquivo Certificado_William_Cassemiro_2025-11-03.png enviado para download com sucesso.
[2025-11-03 23:33:54] [VIEW] DEBUG: Script view_certificate_files.php iniciado.
[2025-11-03 23:33:54] [VIEW] DEBUG: ID do certificado recebido: 7da3b5af-add7-4fb4-9a46-2d26658c2a4f
[2025-11-03 23:33:54] [VIEW] DEBUG: Dados do certificado encontrados no banco de dados para ID: 7da3b5af-add7-4fb4-9a46-2d26658c2a4f
[2025-11-03 23:33:54] [VIEW] DEBUG: Arquivo PNG encontrado: /home/u335416710/domains/translators101.com/public_html/v/certificates/certificate_7da3b5af-add7-4fb4-9a46-2d26658c2a4f.png
[2025-11-03 23:33:54] [VIEW] DEBUG: Script view_certificate_files.php iniciado.
[2025-11-03 23:33:54] [VIEW] DEBUG: ID do certificado recebido: 7da3b5af-add7-4fb4-9a46-2d26658c2a4f
[2025-11-03 23:33:54] [VIEW] DEBUG: Dados do certificado encontrados no banco de dados para ID: 7da3b5af-add7-4fb4-9a46-2d26658c2a4f
[2025-11-03 23:33:54] [VIEW] DEBUG: Arquivo PNG encontrado: /home/u335416710/domains/translators101.com/public_html/v/certificates/certificate_7da3b5af-add7-4fb4-9a46-2d26658c2a4f.png
[2025-11-03 23:33:54] [VIEW] DEBUG: Mostrando imagem diretamente: Certificado_WilliamCassemiro.png
[2025-11-03 23:33:54] [VIEW] INFO: Imagem PNG enviada para visualização direta.
[2025-11-03 23:40:04] [VIEW] DEBUG: Script view_certificate_files.php iniciado.
[2025-11-03 23:40:04] [VIEW] DEBUG: ID do certificado recebido: eae1a3de-53fe-4497-90ac-419951e15674
[2025-11-03 23:40:04] [VIEW] DEBUG: Dados do certificado encontrados no banco de dados para ID: eae1a3de-53fe-4497-90ac-419951e15674
[2025-11-03 23:40:04] [VIEW] DEBUG: Arquivo PNG encontrado: /home/u335416710/domains/translators101.com/public_html/v/certificates/certificate_eae1a3de-53fe-4497-90ac-419951e15674.png
[2025-11-03 23:40:04] [VIEW] DEBUG: Script view_certificate_files.php iniciado.
[2025-11-03 23:40:04] [VIEW] DEBUG: ID do certificado recebido: eae1a3de-53fe-4497-90ac-419951e15674
[2025-11-03 23:40:04] [VIEW] DEBUG: Dados do certificado encontrados no banco de dados para ID: eae1a3de-53fe-4497-90ac-419951e15674
[2025-11-03 23:40:04] [VIEW] DEBUG: Arquivo PNG encontrado: /home/u335416710/domains/translators101.com/public_html/v/certificates/certificate_eae1a3de-53fe-4497-90ac-419951e15674.png
[2025-11-03 23:40:04] [VIEW] DEBUG: Mostrando imagem diretamente: Certificado_WilliamCassemiro.png
[2025-11-03 23:40:04] [VIEW] INFO: Imagem PNG enviada para visualização direta.
[2025-11-03 20:40:14] [DOWNLOAD] DEBUG: Script download_certificate_files.php iniciado.
[2025-11-03 20:40:14] [DOWNLOAD] DEBUG: ID do certificado recebido: eae1a3de-53fe-4497-90ac-419951e15674, formato solicitado: pdf
[2025-11-03 20:40:14] [DOWNLOAD] DEBUG: Dados do certificado encontrados no banco de dados.
[2025-11-03 20:40:14] [DOWNLOAD] DEBUG: Arquivo PNG encontrado: /home/u335416710/domains/translators101.com/public_html/v/certificates/certificate_eae1a3de-53fe-4497-90ac-419951e15674.png
[2025-11-03 20:40:14] [DOWNLOAD] DEBUG: Iniciando conversão PNG para PDF: /home/u335416710/domains/translators101.com/public_html/v/certificates/certificate_eae1a3de-53fe-4497-90ac-419951e15674.png -> /home/u335416710/domains/translators101.com/public_html/v/certificates/certificate_eae1a3de-53fe-4497-90ac-419951e15674_converted.pdf
[2025-11-03 20:40:14] [DOWNLOAD] SUCESSO: PDF criado com TCPDF: /home/u335416710/domains/translators101.com/public_html/v/certificates/certificate_eae1a3de-53fe-4497-90ac-419951e15674_converted.pdf
[2025-11-03 20:40:14] [DOWNLOAD] DEBUG: PNG convertido para PDF com sucesso: /home/u335416710/domains/translators101.com/public_html/v/certificates/certificate_eae1a3de-53fe-4497-90ac-419951e15674_converted.pdf
[2025-11-03 20:40:14] [DOWNLOAD] DEBUG: Preparando download final: Certificado_William_Cassemiro_2025-11-03.pdf (Tipo: application/pdf) - Arquivo: /home/u335416710/domains/translators101.com/public_html/v/certificates/certificate_eae1a3de-53fe-4497-90ac-419951e15674_converted.pdf
[2025-11-03 20:40:14] [DOWNLOAD] INFO: Arquivo Certificado_William_Cassemiro_2025-11-03.pdf enviado para download com sucesso.
[2025-11-03 23:41:48] [VIEW] DEBUG: Script view_certificate_files.php iniciado.
[2025-11-03 23:41:48] [VIEW] DEBUG: ID do certificado recebido: 0bee714c-73c9-4652-8f71-848da012f221
[2025-11-03 23:41:48] [VIEW] DEBUG: Dados do certificado encontrados no banco de dados para ID: 0bee714c-73c9-4652-8f71-848da012f221
[2025-11-03 23:41:48] [VIEW] DEBUG: Arquivo PNG encontrado: /home/u335416710/domains/translators101.com/public_html/v/certificates/certificate_0bee714c-73c9-4652-8f71-848da012f221.png
[2025-11-03 23:41:48] [VIEW] DEBUG: Script view_certificate_files.php iniciado.
[2025-11-03 23:41:48] [VIEW] DEBUG: ID do certificado recebido: 0bee714c-73c9-4652-8f71-848da012f221
[2025-11-03 23:41:48] [VIEW] DEBUG: Dados do certificado encontrados no banco de dados para ID: 0bee714c-73c9-4652-8f71-848da012f221
[2025-11-03 23:41:48] [VIEW] DEBUG: Arquivo PNG encontrado: /home/u335416710/domains/translators101.com/public_html/v/certificates/certificate_0bee714c-73c9-4652-8f71-848da012f221.png
[2025-11-03 23:41:48] [VIEW] DEBUG: Mostrando imagem diretamente: Certificado_WilliamCassemiro.png
[2025-11-03 23:41:48] [VIEW] INFO: Imagem PNG enviada para visualização direta.
[2025-11-03 23:43:07] [VIEW] DEBUG: Script view_certificate_files.php iniciado.
[2025-11-03 23:43:07] [VIEW] DEBUG: ID do certificado recebido: cert_0d3a0eb273424d9a
[2025-11-03 23:43:07] [VIEW] DEBUG: Dados do certificado encontrados no banco de dados para ID: cert_0d3a0eb273424d9a
[2025-11-03 23:43:07] [VIEW] DEBUG: Arquivo PNG encontrado: /home/u335416710/domains/translators101.com/public_html/v/certificates/certificate_cert_0d3a0eb273424d9a.png
[2025-11-03 23:43:07] [VIEW] DEBUG: Script view_certificate_files.php iniciado.
[2025-11-03 23:43:07] [VIEW] DEBUG: ID do certificado recebido: cert_0d3a0eb273424d9a
[2025-11-03 23:43:07] [VIEW] DEBUG: Dados do certificado encontrados no banco de dados para ID: cert_0d3a0eb273424d9a
[2025-11-03 23:43:07] [VIEW] DEBUG: Arquivo PNG encontrado: /home/u335416710/domains/translators101.com/public_html/v/certificates/certificate_cert_0d3a0eb273424d9a.png
[2025-11-03 23:43:07] [VIEW] DEBUG: Mostrando imagem diretamente: Certificado_ValIvonica.png
[2025-11-03 23:43:07] [VIEW] INFO: Imagem PNG enviada para visualização direta.
[2025-11-03 23:46:18] [VIEW] DEBUG: Script view_certificate_files.php iniciado.
[2025-11-03 23:46:18] [VIEW] DEBUG: ID do certificado recebido: cert_179b7062e4c18cf0
[2025-11-03 23:46:18] [VIEW] DEBUG: Dados do certificado encontrados no banco de dados para ID: cert_179b7062e4c18cf0
[2025-11-03 23:46:18] [VIEW] DEBUG: Arquivo PNG encontrado: /home/u335416710/domains/translators101.com/public_html/v/certificates/certificate_cert_179b7062e4c18cf0.png
[2025-11-03 23:46:18] [VIEW] DEBUG: Script view_certificate_files.php iniciado.
[2025-11-03 23:46:18] [VIEW] DEBUG: ID do certificado recebido: cert_179b7062e4c18cf0
[2025-11-03 23:46:18] [VIEW] DEBUG: Dados do certificado encontrados no banco de dados para ID: cert_179b7062e4c18cf0
[2025-11-03 23:46:18] [VIEW] DEBUG: Arquivo PNG encontrado: /home/u335416710/domains/translators101.com/public_html/v/certificates/certificate_cert_179b7062e4c18cf0.png
[2025-11-03 23:46:18] [VIEW] DEBUG: Mostrando imagem diretamente: Certificado_ValIvonica.png
[2025-11-03 23:46:18] [VIEW] INFO: Imagem PNG enviada para visualização direta.
[2025-11-03 23:46:46] [VIEW] DEBUG: Script view_certificate_files.php iniciado.
[2025-11-03 23:46:46] [VIEW] DEBUG: ID do certificado recebido: 7da3b5af-add7-4fb4-9a46-2d26658c2a4f
[2025-11-03 23:46:46] [VIEW] DEBUG: Dados do certificado encontrados no banco de dados para ID: 7da3b5af-add7-4fb4-9a46-2d26658c2a4f
[2025-11-03 23:46:46] [VIEW] DEBUG: Arquivo PNG encontrado: /home/u335416710/domains/translators101.com/public_html/v/certificates/certificate_7da3b5af-add7-4fb4-9a46-2d26658c2a4f.png
[2025-11-03 23:46:46] [VIEW] DEBUG: Script view_certificate_files.php iniciado.
[2025-11-03 23:46:46] [VIEW] DEBUG: ID do certificado recebido: 7da3b5af-add7-4fb4-9a46-2d26658c2a4f
[2025-11-03 23:46:46] [VIEW] DEBUG: Dados do certificado encontrados no banco de dados para ID: 7da3b5af-add7-4fb4-9a46-2d26658c2a4f
[2025-11-03 23:46:46] [VIEW] DEBUG: Arquivo PNG encontrado: /home/u335416710/domains/translators101.com/public_html/v/certificates/certificate_7da3b5af-add7-4fb4-9a46-2d26658c2a4f.png
[2025-11-03 23:46:46] [VIEW] DEBUG: Mostrando imagem diretamente: Certificado_WilliamCassemiro.png
[2025-11-03 23:46:46] [VIEW] INFO: Imagem PNG enviada para visualização direta.
[2025-11-04 00:54:36] [VIEW] DEBUG: Script view_certificate_files.php iniciado.
[2025-11-04 00:54:36] [VIEW] DEBUG: ID do certificado recebido: eae1a3de-53fe-4497-90ac-419951e15674
[2025-11-04 00:54:36] [VIEW] DEBUG: Dados do certificado encontrados no banco de dados para ID: eae1a3de-53fe-4497-90ac-419951e15674
[2025-11-04 00:54:36] [VIEW] DEBUG: Arquivo PNG encontrado: /home/u335416710/domains/translators101.com/public_html/v/certificates/certificate_eae1a3de-53fe-4497-90ac-419951e15674.png
[2025-11-04 00:54:36] [VIEW] DEBUG: Script view_certificate_files.php iniciado.
[2025-11-04 00:54:36] [VIEW] DEBUG: ID do certificado recebido: eae1a3de-53fe-4497-90ac-419951e15674
[2025-11-04 00:54:36] [VIEW] DEBUG: Dados do certificado encontrados no banco de dados para ID: eae1a3de-53fe-4497-90ac-419951e15674
[2025-11-04 00:54:36] [VIEW] DEBUG: Arquivo PNG encontrado: /home/u335416710/domains/translators101.com/public_html/v/certificates/certificate_eae1a3de-53fe-4497-90ac-419951e15674.png
[2025-11-04 00:54:36] [VIEW] DEBUG: Mostrando imagem diretamente: Certificado_WilliamCassemiro.png
[2025-11-04 00:54:36] [VIEW] INFO: Imagem PNG enviada para visualização direta.
[2025-11-03 21:55:21] [DOWNLOAD] DEBUG: Script download_certificate_files.php iniciado.
[2025-11-03 21:55:21] [DOWNLOAD] DEBUG: ID do certificado recebido: eae1a3de-53fe-4497-90ac-419951e15674, formato solicitado: pdf
[2025-11-03 21:55:21] [DOWNLOAD] DEBUG: Dados do certificado encontrados no banco de dados.
[2025-11-03 21:55:21] [DOWNLOAD] DEBUG: Arquivo PNG encontrado: /home/u335416710/domains/translators101.com/public_html/v/certificates/certificate_eae1a3de-53fe-4497-90ac-419951e15674.png
[2025-11-03 21:55:21] [DOWNLOAD] DEBUG: PDF convertido já existe e está atualizado: /home/u335416710/domains/translators101.com/public_html/v/certificates/certificate_eae1a3de-53fe-4497-90ac-419951e15674_converted.pdf
[2025-11-03 21:55:21] [DOWNLOAD] DEBUG: Preparando download final: Certificado_William_Cassemiro_2025-11-03.pdf (Tipo: application/pdf) - Arquivo: /home/u335416710/domains/translators101.com/public_html/v/certificates/certificate_eae1a3de-53fe-4497-90ac-419951e15674_converted.pdf
[2025-11-03 21:55:21] [DOWNLOAD] INFO: Arquivo Certificado_William_Cassemiro_2025-11-03.pdf enviado para download com sucesso.
[2025-11-04 13:24:13] [VIEW] DEBUG: Script view_certificate_files.php iniciado.
[2025-11-04 13:24:13] [VIEW] DEBUG: ID do certificado recebido: 7da3b5af-add7-4fb4-9a46-2d26658c2a4f
[2025-11-04 13:24:13] [VIEW] DEBUG: Dados do certificado encontrados no banco de dados para ID: 7da3b5af-add7-4fb4-9a46-2d26658c2a4f
[2025-11-04 13:24:13] [VIEW] DEBUG: Arquivo PNG encontrado: /home/u335416710/domains/translators101.com/public_html/v/certificates/certificate_7da3b5af-add7-4fb4-9a46-2d26658c2a4f.png
[2025-11-04 13:24:13] [VIEW] DEBUG: Script view_certificate_files.php iniciado.
[2025-11-04 13:24:13] [VIEW] DEBUG: ID do certificado recebido: 7da3b5af-add7-4fb4-9a46-2d26658c2a4f
[2025-11-04 13:24:13] [VIEW] DEBUG: Dados do certificado encontrados no banco de dados para ID: 7da3b5af-add7-4fb4-9a46-2d26658c2a4f
[2025-11-04 13:24:13] [VIEW] DEBUG: Arquivo PNG encontrado: /home/u335416710/domains/translators101.com/public_html/v/certificates/certificate_7da3b5af-add7-4fb4-9a46-2d26658c2a4f.png
[2025-11-04 13:24:13] [VIEW] DEBUG: Mostrando imagem diretamente: Certificado_WilliamCassemiro.png
[2025-11-04 13:24:13] [VIEW] INFO: Imagem PNG enviada para visualização direta.
[2025-11-05 18:20:02] [PALESTRA] DEBUG: Script palestra.php iniciado.
[2025-11-05 18:20:02] [PALESTRA] DEBUG: Usuário tem permissão.
[2025-11-05 18:20:02] [PALESTRA] DEBUG: ID da palestra recebido: a4f42cb3-a234-11f0-916e-bad1eb27008a
[2025-11-05 18:20:02] [PALESTRA] DEBUG: Palestra 'S08E23 — Traduzir poesia: uma breve introdução' encontrada. Duração em minutos: 138
[2025-11-05 18:20:02] [PALESTRA] DEBUG: User ID da sessão ('630d1ae7-22dc-439b-8ff7-1c602c0f0ce3') é válido e existe na tabela 'users'.
[2025-11-05 18:20:02] [PALESTRA] INFO: Novo log de acesso registrado para palestra 'S08E23 — Traduzir poesia: uma breve introdução' (User ID: 630d1ae7-22dc-439b-8ff7-1c602c0f0ce3).
[2025-11-05 18:20:02] [PALESTRA] DEBUG: Progresso inicial carregado do DB (user_progress_seconds): 0
[2025-11-05 18:20:02] [PALESTRA] DEBUG: Palestras relacionadas buscadas para categoria 'Literária'.
[2025-11-05 18:20:02] [PALESTRA] DEBUG: Verificação de certificado existente para exibição inicial. ID existente: Nenhum
[2025-11-05 18:20:02] [PALESTRA] DEBUG: Panda Player Div ID extraído do embed: 'panda-a0bfb918-655e-412f-b96a-6b86ec470dc7'
[2025-11-06 00:25:57] [PALESTRA] DEBUG: Script palestra.php iniciado.
[2025-11-06 00:25:57] [PALESTRA] DEBUG: Usuário tem permissão.
[2025-11-06 00:25:57] [PALESTRA] DEBUG: ID da palestra recebido: dc96288d-ec99-40b2-a38e-95ebd5947c21
[2025-11-06 00:25:57] [PALESTRA] DEBUG: Palestra 'S04E21 — Tradução técnica – Recursos e desafios — Sónia Tavares' encontrada. Duração em minutos: 130
[2025-11-06 00:25:57] [PALESTRA] DEBUG: User ID da sessão ('f4c84ced-9d70-11f0-916e-bad1eb27008a') é válido e existe na tabela 'users'.
[2025-11-06 00:25:57] [PALESTRA] DEBUG: Log existente encontrado. Progresso: 8964s
[2025-11-06 00:25:57] [PALESTRA] DEBUG: Progresso inicial carregado do DB (user_progress_seconds): 8964
[2025-11-06 00:25:57] [PALESTRA] DEBUG: Palestras relacionadas buscadas para categoria ''.
[2025-11-06 00:25:57] [PALESTRA] DEBUG: Verificação de certificado existente para exibição inicial. ID existente: Nenhum
[2025-11-06 00:25:57] [PALESTRA] DEBUG: Panda Player Div ID extraído do embed: 'panda-dc96288d-ec99-40b2-a38e-95ebd5947c21'
[2025-11-06 00:26:02] [GENERATE_SIMPLE] Script generate_simple_certificate.php iniciado
[2025-11-06 00:26:02] [GENERATE_SIMPLE] Dados recebidos - Lecture: dc96288d-ec99-40b2-a38e-95ebd5947c21, User: f4c84ced-9d70-11f0-916e-bad1eb27008a, Watched: 7800s
[2025-11-06 00:26:02] [GENERATE_SIMPLE] Iniciando validações simplificadas
[2025-11-06 00:26:02] [GENERATE_SIMPLE] Progresso no DB: 8964s, Enviado pelo cliente: 7800s
[2025-11-06 00:26:02] [GENERATE_SIMPLE] Tempo final considerado: 8964s
[2025-11-06 00:26:02] [GENERATE_SIMPLE] Duração total: 7800s, Requerido (85%): 6630s
[2025-11-06 00:26:02] [GENERATE_SIMPLE] Todas as validações passaram - gerando certificado
[2025-11-06 00:26:02] [GENERATE_SIMPLE] SUCESSO: Certificado inserido no banco - ID: 627e3cfd-baa3-4a8d-8035-b672cfa78c64
[2025-11-06 00:26:02] [GENERATE_SIMPLE] DEBUG: [GENERATE_SIMPLE] Iniciando geração de PNG para ID: 627e3cfd-baa3-4a8d-8035-b672cfa78c64
[2025-11-06 00:26:02] [GENERATE_SIMPLE] DEBUG: [GENERATE_SIMPLE] Conversão UTF-8 aplicada para geração.
[2025-11-06 00:26:02] [GENERATE_SIMPLE] DEBUG: [GENERATE_SIMPLE] Dimensões do template: Largura=3509, Altura=2481
[2025-11-06 00:26:02] [GENERATE_SIMPLE] DEBUG: [GENERATE_SIMPLE] Procurando fontes TTF para geração...
[2025-11-06 00:26:02] [GENERATE_SIMPLE] DEBUG: [GENERATE_SIMPLE] Fonte TTF Bold encontrada em: /home/u335416710/domains/translators101.com/public_html/v/includes/../fonts/DejaVuSans-Bold.ttf
[2025-11-06 00:26:02] [GENERATE_SIMPLE] DEBUG: [GENERATE_SIMPLE] Fonte TTF padrão encontrada em: /home/u335416710/domains/translators101.com/public_html/v/includes/../fonts/DejaVuSans-Bold.ttf
[2025-11-06 00:26:02] [GENERATE_SIMPLE] DEBUG: [GENERATE_SIMPLE] Usando imagettftext para geração.
[2025-11-06 00:26:02] [GENERATE_SIMPLE] DEBUG: [GENERATE_SIMPLE] Nome do usuário adicionado (X: 1060, Y: 1100).
[2025-11-06 00:26:02] [GENERATE_SIMPLE] DEBUG: [GENERATE_SIMPLE] Processando título: 'S04E21 — Tradução técnica – Recursos e desafios — Sónia Tavares' (tamanho: 73 caracteres)
[2025-11-06 00:26:02] [GENERATE_SIMPLE] DEBUG: [GENERATE_SIMPLE] Título longo detectado - aplicando quebra de linha inteligente
[2025-11-06 00:26:02] [GENERATE_SIMPLE] DEBUG: [GENERATE_SIMPLE] Linha 1: 'Tradução técnica – Recursos e desafios'
[2025-11-06 00:26:02] [GENERATE_SIMPLE] DEBUG: [GENERATE_SIMPLE] Linha 2: 'S04E21 — — Sónia Tavares'
[2025-11-06 00:26:02] [GENERATE_SIMPLE] DEBUG: [GENERATE_SIMPLE] Linha 1 adicionada (X: 1024.5, Y: 1350)
[2025-11-06 00:26:02] [GENERATE_SIMPLE] DEBUG: [GENERATE_SIMPLE] Linha 2 adicionada (X: 1256.5, Y: 1410)
[2025-11-06 00:26:02] [GENERATE_SIMPLE] DEBUG: [GENERATE_SIMPLE] Duração da palestra adicionada (X: 2000, Y: 1570).
[2025-11-06 00:26:02] [GENERATE_SIMPLE] DEBUG: [GENERATE_SIMPLE] Data de emissão adicionada (X: 850, Y: 2330).
[2025-11-06 00:26:02] [GENERATE_SIMPLE] DEBUG: [GENERATE_SIMPLE] ID do certificado adicionado (X: 280, Y: 2430).
[2025-11-06 00:26:02] [GENERATE_SIMPLE] DEBUG: URL de verificação gerada: https://v.translators101.com/verificar_certificado.php?id=627e3cfd-baa3-4a8d-8035-b672cfa78c64
[2025-11-06 00:26:03] [GENERATE_SIMPLE] DEBUG: QR Code colado na imagem base.
[2025-11-06 00:26:03] [GENERATE_SIMPLE] DEBUG: [GENERATE_SIMPLE] QR Code adicionado à imagem durante a geração (X: 2989, Y: 2131, Tamanho: 300).
[2025-11-06 00:26:07] [GENERATE_SIMPLE] DEBUG: [GENERATE_SIMPLE] imagepng() retornou SUCESSO. Verificando se o arquivo gerado é um PNG válido.
[2025-11-06 00:26:07] [GENERATE_SIMPLE] INFO: [GENERATE_SIMPLE] Certificado PNG gerado e salvo com sucesso em: /home/u335416710/domains/translators101.com/public_html/v/includes/../certificates/certificate_627e3cfd-baa3-4a8d-8035-b672cfa78c64.png. É um PNG válido.
[2025-11-06 00:26:07] [GENERATE_SIMPLE] SUCESSO: PNG gerado - /home/u335416710/domains/translators101.com/public_html/v/includes/../certificates/certificate_627e3cfd-baa3-4a8d-8035-b672cfa78c64.png
[2025-11-06 00:26:07] [GENERATE_SIMPLE] DEBUG: [GENERATE_SIMPLE] Iniciando geração de PDF T101 CORRIGIDO para ID: 627e3cfd-baa3-4a8d-8035-b672cfa78c64
[2025-11-06 00:26:07] [GENERATE_SIMPLE] DEBUG: [GENERATE_SIMPLE] TCPDF encontrado em: /home/u335416710/domains/translators101.com/public_html/v/includes/../vendor/tecnickcom/tcpdf/tcpdf.php
[2025-11-06 00:26:09] [GENERATE_SIMPLE] DEBUG: [GENERATE_SIMPLE] Template T101 oficial aplicado como fundo
[2025-11-06 00:26:09] [GENERATE_SIMPLE] DEBUG: URL de verificação gerada: https://v.translators101.com/verificar_certificado.php?id=627e3cfd-baa3-4a8d-8035-b672cfa78c64
[2025-11-06 00:26:10] [GENERATE_SIMPLE] DEBUG: [GENERATE_SIMPLE] QR Code T101 adicionado ao PDF (posição corrigida)
[2025-11-06 00:26:10] [GENERATE_SIMPLE] SUCESSO: [GENERATE_SIMPLE] PDF T101 CORRIGIDO gerado em: /home/u335416710/domains/translators101.com/public_html/v/includes/../certificates/certificate_627e3cfd-baa3-4a8d-8035-b672cfa78c64.pdf
[2025-11-06 00:26:10] [GENERATE_SIMPLE] SUCESSO: PDF gerado - /home/u335416710/domains/translators101.com/public_html/v/includes/../certificates/certificate_627e3cfd-baa3-4a8d-8035-b672cfa78c64.pdf
[2025-11-06 00:26:10] [GENERATE_SIMPLE] SUCESSO: Certificado gerado - ID: 627e3cfd-baa3-4a8d-8035-b672cfa78c64, PNG: SIM, PDF: SIM, Assistido: 8964s de 7800s (114.9%)
[2025-11-06 00:27:43] [PALESTRA] DEBUG: Script palestra.php iniciado.
[2025-11-06 00:27:43] [PALESTRA] DEBUG: Usuário tem permissão.
[2025-11-06 00:27:43] [PALESTRA] DEBUG: ID da palestra recebido: 9aabe37d-7bf4-48a9-9478-1848b861cd73
[2025-11-06 00:27:43] [PALESTRA] DEBUG: Palestra 'S02E04 — Treine como um atleta 2: mais dicas para o tradutor autodidata — Isa Mara Lando' encontrada. Duração em minutos: 54
[2025-11-06 00:27:43] [PALESTRA] DEBUG: User ID da sessão ('f4c84ced-9d70-11f0-916e-bad1eb27008a') é válido e existe na tabela 'users'.
[2025-11-06 00:27:43] [PALESTRA] INFO: Novo log de acesso registrado para palestra 'S02E04 — Treine como um atleta 2: mais dicas para o tradutor autodidata — Isa Mara Lando' (User ID: f4c84ced-9d70-11f0-916e-bad1eb27008a).
[2025-11-06 00:27:43] [PALESTRA] DEBUG: Progresso inicial carregado do DB (user_progress_seconds): 0
[2025-11-06 00:27:43] [PALESTRA] DEBUG: Palestras relacionadas buscadas para categoria ''.
[2025-11-06 00:27:43] [PALESTRA] DEBUG: Verificação de certificado existente para exibição inicial. ID existente: Nenhum
[2025-11-06 00:27:43] [PALESTRA] DEBUG: Panda Player Div ID extraído do embed: 'panda-9aabe37d-7bf4-48a9-9478-1848b861cd73'
[2025-11-06 00:33:27] [PALESTRA] DEBUG: Script palestra.php iniciado.
[2025-11-06 00:33:27] [PALESTRA] DEBUG: Usuário tem permissão.
[2025-11-06 00:33:27] [PALESTRA] DEBUG: ID da palestra recebido: 9aabe37d-7bf4-48a9-9478-1848b861cd73
[2025-11-06 00:33:27] [PALESTRA] DEBUG: Palestra 'S02E04 — Treine como um atleta 2: mais dicas para o tradutor autodidata — Isa Mara Lando' encontrada. Duração em minutos: 54
[2025-11-06 00:33:27] [PALESTRA] DEBUG: User ID da sessão ('f4c84ced-9d70-11f0-916e-bad1eb27008a') é válido e existe na tabela 'users'.
[2025-11-06 00:33:27] [PALESTRA] DEBUG: Log existente encontrado. Progresso: 104s
[2025-11-06 00:33:27] [PALESTRA] DEBUG: Progresso inicial carregado do DB (user_progress_seconds): 104
[2025-11-06 00:33:27] [PALESTRA] DEBUG: Palestras relacionadas buscadas para categoria ''.
[2025-11-06 00:33:27] [PALESTRA] DEBUG: Verificação de certificado existente para exibição inicial. ID existente: Nenhum
[2025-11-06 00:33:27] [PALESTRA] DEBUG: Panda Player Div ID extraído do embed: 'panda-9aabe37d-7bf4-48a9-9478-1848b861cd73'
[2025-11-06 00:35:23] [PALESTRA] DEBUG: Script palestra.php iniciado.
[2025-11-06 00:35:23] [PALESTRA] DEBUG: Usuário tem permissão.
[2025-11-06 00:35:23] [PALESTRA] DEBUG: ID da palestra recebido: 9aabe37d-7bf4-48a9-9478-1848b861cd73
[2025-11-06 00:35:23] [PALESTRA] DEBUG: Palestra 'S02E04 — Treine como um atleta 2: mais dicas para o tradutor autodidata — Isa Mara Lando' encontrada. Duração em minutos: 54
[2025-11-06 00:35:23] [PALESTRA] DEBUG: User ID da sessão ('f4c84ced-9d70-11f0-916e-bad1eb27008a') é válido e existe na tabela 'users'.
[2025-11-06 00:35:23] [PALESTRA] DEBUG: Log existente encontrado. Progresso: 153s
[2025-11-06 00:35:23] [PALESTRA] DEBUG: Progresso inicial carregado do DB (user_progress_seconds): 153
[2025-11-06 00:35:23] [PALESTRA] DEBUG: Palestras relacionadas buscadas para categoria ''.
[2025-11-06 00:35:23] [PALESTRA] DEBUG: Verificação de certificado existente para exibição inicial. ID existente: Nenhum
[2025-11-06 00:35:23] [PALESTRA] DEBUG: Panda Player Div ID extraído do embed: 'panda-9aabe37d-7bf4-48a9-9478-1848b861cd73'
[2025-11-06 00:36:25] [PALESTRA] DEBUG: Script palestra.php iniciado.
[2025-11-06 00:36:25] [PALESTRA] DEBUG: Usuário tem permissão.
[2025-11-06 00:36:25] [PALESTRA] DEBUG: ID da palestra recebido: a2936cbc-8e78-440b-bb84-34b1272670eb
[2025-11-06 00:36:25] [PALESTRA] DEBUG: Palestra 'S04E09 — Linguística e Tradução: entre tapas e beijos — Meritxell Almarza' encontrada. Duração em minutos: 112
[2025-11-06 00:36:25] [PALESTRA] DEBUG: User ID da sessão ('f4c84ced-9d70-11f0-916e-bad1eb27008a') é válido e existe na tabela 'users'.
[2025-11-06 00:36:25] [PALESTRA] INFO: Novo log de acesso registrado para palestra 'S04E09 — Linguística e Tradução: entre tapas e beijos — Meritxell Almarza' (User ID: f4c84ced-9d70-11f0-916e-bad1eb27008a).
[2025-11-06 00:36:25] [PALESTRA] DEBUG: Progresso inicial carregado do DB (user_progress_seconds): 0
[2025-11-06 00:36:25] [PALESTRA] DEBUG: Palestras relacionadas buscadas para categoria ''.
[2025-11-06 00:36:25] [PALESTRA] DEBUG: Verificação de certificado existente para exibição inicial. ID existente: Nenhum
[2025-11-06 00:36:25] [PALESTRA] DEBUG: Panda Player Div ID extraído do embed: 'panda-a2936cbc-8e78-440b-bb84-34b1272670eb'
[2025-11-06 01:41:56] [PALESTRA] DEBUG: Script palestra.php iniciado.
[2025-11-06 01:41:56] [PALESTRA] DEBUG: Usuário tem permissão.
[2025-11-06 01:41:56] [PALESTRA] DEBUG: ID da palestra recebido: 239470dc-18ed-469a-a4a7-0bdd6ec604ff
[2025-11-06 01:41:56] [PALESTRA] DEBUG: Palestra 'S03E10 — Tradução de games? É muito simples! #sqn — Val Ivonica' encontrada. Duração em minutos: 124
[2025-11-06 01:41:56] [PALESTRA] DEBUG: User ID da sessão ('848ed1ac-9e27-11f0-916e-bad1eb27008a') é válido e existe na tabela 'users'.
[2025-11-06 01:41:56] [PALESTRA] DEBUG: Log existente encontrado. Progresso: 2249s
[2025-11-06 01:41:56] [PALESTRA] DEBUG: Progresso inicial carregado do DB (user_progress_seconds): 2249
[2025-11-06 01:41:56] [PALESTRA] DEBUG: Palestras relacionadas buscadas para categoria ''.
[2025-11-06 01:41:56] [PALESTRA] DEBUG: Verificação de certificado existente para exibição inicial. ID existente: Nenhum
[2025-11-06 01:41:56] [PALESTRA] DEBUG: Panda Player Div ID extraído do embed: 'panda-239470dc-18ed-469a-a4a7-0bdd6ec604ff'
[2025-11-06 01:42:45] [PALESTRA] DEBUG: Script palestra.php iniciado.
[2025-11-06 01:42:45] [PALESTRA] DEBUG: Usuário tem permissão.
[2025-11-06 01:42:45] [PALESTRA] DEBUG: ID da palestra recebido: dbec9252-a095-11f0-916e-bad1eb27008a
[2025-11-06 01:42:45] [PALESTRA] DEBUG: Palestra 'S08E27 — Linguagem imples: um novo campo de atuação para profissionais da tradução' encontrada. Duração em minutos: 86
[2025-11-06 01:42:45] [PALESTRA] DEBUG: User ID da sessão ('848ed1ac-9e27-11f0-916e-bad1eb27008a') é válido e existe na tabela 'users'.
[2025-11-06 01:42:45] [PALESTRA] INFO: Novo log de acesso registrado para palestra 'S08E27 — Linguagem imples: um novo campo de atuação para profissionais da tradução' (User ID: 848ed1ac-9e27-11f0-916e-bad1eb27008a).
[2025-11-06 01:42:45] [PALESTRA] DEBUG: Progresso inicial carregado do DB (user_progress_seconds): 0
[2025-11-06 01:42:45] [PALESTRA] DEBUG: Palestras relacionadas buscadas para categoria 'Língua'.
[2025-11-06 01:42:45] [PALESTRA] DEBUG: Verificação de certificado existente para exibição inicial. ID existente: Nenhum
[2025-11-06 01:42:45] [PALESTRA] DEBUG: Panda Player Div ID extraído do embed: 'panda-742f3e1f-e0be-4f18-a011-b406f315520d'
[2025-11-06 03:17:54] [PALESTRA] DEBUG: Script palestra.php iniciado.
[2025-11-06 03:17:54] [PALESTRA] DEBUG: Usuário tem permissão.
[2025-11-06 03:17:54] [PALESTRA] DEBUG: ID da palestra recebido: e0483cc4-a1cc-43ea-b59e-f53e4ab52c36
[2025-11-06 03:17:54] [PALESTRA] DEBUG: Palestra 'Especial #ITD 2020 — T101 Explica memoQ' encontrada. Duração em minutos: 67
[2025-11-06 03:17:54] [PALESTRA] DEBUG: User ID da sessão ('848ed1ac-9e27-11f0-916e-bad1eb27008a') é válido e existe na tabela 'users'.
[2025-11-06 03:17:54] [PALESTRA] DEBUG: Log existente encontrado. Progresso: 20967s
[2025-11-06 03:17:54] [PALESTRA] DEBUG: Progresso inicial carregado do DB (user_progress_seconds): 20967
[2025-11-06 03:17:54] [PALESTRA] DEBUG: Palestras relacionadas buscadas para categoria ''.
[2025-11-06 03:17:54] [PALESTRA] DEBUG: Verificação de certificado existente para exibição inicial. ID existente: Nenhum
[2025-11-06 03:17:54] [PALESTRA] DEBUG: Panda Player Div ID extraído do embed: 'panda-e0483cc4-a1cc-43ea-b59e-f53e4ab52c36'
[2025-11-06 11:25:44] [PALESTRA] DEBUG: Script palestra.php iniciado.
[2025-11-06 11:25:44] [PALESTRA] DEBUG: Usuário tem permissão.
[2025-11-06 11:25:44] [PALESTRA] DEBUG: ID da palestra recebido: e0483cc4-a1cc-43ea-b59e-f53e4ab52c36
[2025-11-06 11:25:44] [PALESTRA] DEBUG: Palestra 'Especial #ITD 2020 — T101 Explica memoQ' encontrada. Duração em minutos: 67
[2025-11-06 11:25:44] [PALESTRA] DEBUG: User ID da sessão ('848ed1ac-9e27-11f0-916e-bad1eb27008a') é válido e existe na tabela 'users'.
[2025-11-06 11:25:44] [PALESTRA] DEBUG: Log existente encontrado. Progresso: 24979s
[2025-11-06 11:25:44] [PALESTRA] DEBUG: Progresso inicial carregado do DB (user_progress_seconds): 24979
[2025-11-06 11:25:44] [PALESTRA] DEBUG: Palestras relacionadas buscadas para categoria ''.
[2025-11-06 11:25:44] [PALESTRA] DEBUG: Verificação de certificado existente para exibição inicial. ID existente: Nenhum
[2025-11-06 11:25:44] [PALESTRA] DEBUG: Panda Player Div ID extraído do embed: 'panda-e0483cc4-a1cc-43ea-b59e-f53e4ab52c36'
[2025-11-06 12:02:26] [PALESTRA] DEBUG: Script palestra.php iniciado.
[2025-11-06 12:02:26] [PALESTRA] DEBUG: Usuário tem permissão.
[2025-11-06 12:02:26] [PALESTRA] DEBUG: ID da palestra recebido: a4f42cb3-a234-11f0-916e-bad1eb27008a
[2025-11-06 12:02:26] [PALESTRA] DEBUG: Palestra 'S08E23 — Traduzir poesia: uma breve introdução' encontrada. Duração em minutos: 138
[2025-11-06 12:02:26] [PALESTRA] DEBUG: User ID da sessão ('630d1ae7-22dc-439b-8ff7-1c602c0f0ce3') é válido e existe na tabela 'users'.
[2025-11-06 12:02:26] [PALESTRA] DEBUG: Log existente encontrado. Progresso: 19347s
[2025-11-06 12:02:26] [PALESTRA] DEBUG: Progresso inicial carregado do DB (user_progress_seconds): 19347
[2025-11-06 12:02:26] [PALESTRA] DEBUG: Palestras relacionadas buscadas para categoria 'Literária'.
[2025-11-06 12:02:26] [PALESTRA] DEBUG: Verificação de certificado existente para exibição inicial. ID existente: Nenhum
[2025-11-06 12:02:26] [PALESTRA] DEBUG: Panda Player Div ID extraído do embed: 'panda-a0bfb918-655e-412f-b96a-6b86ec470dc7'
[2025-11-06 12:46:45] [PALESTRA] DEBUG: Script palestra.php iniciado.
[2025-11-06 12:46:45] [PALESTRA] DEBUG: Usuário tem permissão.
[2025-11-06 12:46:45] [PALESTRA] DEBUG: ID da palestra recebido: a4f42cb3-a234-11f0-916e-bad1eb27008a
[2025-11-06 12:46:45] [PALESTRA] DEBUG: Palestra 'S08E23 — Traduzir poesia: uma breve introdução' encontrada. Duração em minutos: 138
[2025-11-06 12:46:45] [PALESTRA] DEBUG: User ID da sessão ('630d1ae7-22dc-439b-8ff7-1c602c0f0ce3') é válido e existe na tabela 'users'.
[2025-11-06 12:46:45] [PALESTRA] DEBUG: Log existente encontrado. Progresso: 21740s
[2025-11-06 12:46:45] [PALESTRA] DEBUG: Progresso inicial carregado do DB (user_progress_seconds): 21740
[2025-11-06 12:46:45] [PALESTRA] DEBUG: Palestras relacionadas buscadas para categoria 'Literária'.
[2025-11-06 12:46:45] [PALESTRA] DEBUG: Verificação de certificado existente para exibição inicial. ID existente: Nenhum
[2025-11-06 12:46:45] [PALESTRA] DEBUG: Panda Player Div ID extraído do embed: 'panda-a0bfb918-655e-412f-b96a-6b86ec470dc7'
[2025-11-06 12:46:53] [GENERATE_SIMPLE] Script generate_simple_certificate.php iniciado
[2025-11-06 12:46:53] [GENERATE_SIMPLE] Dados recebidos - Lecture: a4f42cb3-a234-11f0-916e-bad1eb27008a, User: 630d1ae7-22dc-439b-8ff7-1c602c0f0ce3, Watched: 8280s
[2025-11-06 12:46:53] [GENERATE_SIMPLE] Iniciando validações simplificadas
[2025-11-06 12:46:53] [GENERATE_SIMPLE] Progresso no DB: 21740s, Enviado pelo cliente: 8280s
[2025-11-06 12:46:53] [GENERATE_SIMPLE] Tempo final considerado: 21740s
[2025-11-06 12:46:53] [GENERATE_SIMPLE] Duração total: 8280s, Requerido (85%): 7038s
[2025-11-06 12:46:53] [GENERATE_SIMPLE] Todas as validações passaram - gerando certificado
[2025-11-06 12:46:53] [GENERATE_SIMPLE] SUCESSO: Certificado inserido no banco - ID: 45eda435-2b33-4a46-9e67-72c2f36c8eb8
[2025-11-06 12:46:53] [GENERATE_SIMPLE] DEBUG: [GENERATE_SIMPLE] Iniciando geração de PNG para ID: 45eda435-2b33-4a46-9e67-72c2f36c8eb8
[2025-11-06 12:46:53] [GENERATE_SIMPLE] DEBUG: [GENERATE_SIMPLE] Conversão UTF-8 aplicada para geração.
[2025-11-06 12:46:53] [GENERATE_SIMPLE] DEBUG: [GENERATE_SIMPLE] Dimensões do template: Largura=3509, Altura=2481
[2025-11-06 12:46:53] [GENERATE_SIMPLE] DEBUG: [GENERATE_SIMPLE] Procurando fontes TTF para geração...
[2025-11-06 12:46:53] [GENERATE_SIMPLE] DEBUG: [GENERATE_SIMPLE] Fonte TTF Bold encontrada em: /home/u335416710/domains/translators101.com/public_html/v/includes/../fonts/DejaVuSans-Bold.ttf
[2025-11-06 12:46:53] [GENERATE_SIMPLE] DEBUG: [GENERATE_SIMPLE] Fonte TTF padrão encontrada em: /home/u335416710/domains/translators101.com/public_html/v/includes/../fonts/DejaVuSans-Bold.ttf
[2025-11-06 12:46:53] [GENERATE_SIMPLE] DEBUG: [GENERATE_SIMPLE] Usando imagettftext para geração.
[2025-11-06 12:46:53] [GENERATE_SIMPLE] DEBUG: [GENERATE_SIMPLE] Nome do usuário adicionado (X: 1138, Y: 1100).
[2025-11-06 12:46:53] [GENERATE_SIMPLE] DEBUG: [GENERATE_SIMPLE] Processando título: 'S08E23 — Traduzir poesia: uma breve introdução' (tamanho: 50 caracteres)
[2025-11-06 12:46:53] [GENERATE_SIMPLE] DEBUG: [GENERATE_SIMPLE] Título curto - usando layout centralizado
[2025-11-06 12:46:53] [GENERATE_SIMPLE] DEBUG: [GENERATE_SIMPLE] Título curto centralizado adicionado (X: 463.5, Y: 1400)
[2025-11-06 12:46:53] [GENERATE_SIMPLE] DEBUG: [GENERATE_SIMPLE] Duração da palestra adicionada (X: 2000, Y: 1570).
[2025-11-06 12:46:53] [GENERATE_SIMPLE] DEBUG: [GENERATE_SIMPLE] Data de emissão adicionada (X: 850, Y: 2330).
[2025-11-06 12:46:53] [GENERATE_SIMPLE] DEBUG: [GENERATE_SIMPLE] ID do certificado adicionado (X: 280, Y: 2430).
[2025-11-06 12:46:53] [GENERATE_SIMPLE] DEBUG: URL de verificação gerada: https://v.translators101.com/verificar_certificado.php?id=45eda435-2b33-4a46-9e67-72c2f36c8eb8
[2025-11-06 12:46:54] [GENERATE_SIMPLE] DEBUG: QR Code colado na imagem base.
[2025-11-06 12:46:54] [GENERATE_SIMPLE] DEBUG: [GENERATE_SIMPLE] QR Code adicionado à imagem durante a geração (X: 2989, Y: 2131, Tamanho: 300).
[2025-11-06 12:46:58] [GENERATE_SIMPLE] DEBUG: [GENERATE_SIMPLE] imagepng() retornou SUCESSO. Verificando se o arquivo gerado é um PNG válido.
[2025-11-06 12:46:58] [GENERATE_SIMPLE] INFO: [GENERATE_SIMPLE] Certificado PNG gerado e salvo com sucesso em: /home/u335416710/domains/translators101.com/public_html/v/includes/../certificates/certificate_45eda435-2b33-4a46-9e67-72c2f36c8eb8.png. É um PNG válido.
[2025-11-06 12:46:58] [GENERATE_SIMPLE] SUCESSO: PNG gerado - /home/u335416710/domains/translators101.com/public_html/v/includes/../certificates/certificate_45eda435-2b33-4a46-9e67-72c2f36c8eb8.png
[2025-11-06 12:46:58] [GENERATE_SIMPLE] DEBUG: [GENERATE_SIMPLE] Iniciando geração de PDF T101 CORRIGIDO para ID: 45eda435-2b33-4a46-9e67-72c2f36c8eb8
[2025-11-06 12:46:58] [GENERATE_SIMPLE] DEBUG: [GENERATE_SIMPLE] TCPDF encontrado em: /home/u335416710/domains/translators101.com/public_html/v/includes/../vendor/tecnickcom/tcpdf/tcpdf.php
[2025-11-06 12:47:00] [GENERATE_SIMPLE] DEBUG: [GENERATE_SIMPLE] Template T101 oficial aplicado como fundo
[2025-11-06 12:47:00] [GENERATE_SIMPLE] DEBUG: URL de verificação gerada: https://v.translators101.com/verificar_certificado.php?id=45eda435-2b33-4a46-9e67-72c2f36c8eb8
[2025-11-06 12:47:01] [GENERATE_SIMPLE] DEBUG: [GENERATE_SIMPLE] QR Code T101 adicionado ao PDF (posição corrigida)
[2025-11-06 12:47:01] [GENERATE_SIMPLE] SUCESSO: [GENERATE_SIMPLE] PDF T101 CORRIGIDO gerado em: /home/u335416710/domains/translators101.com/public_html/v/includes/../certificates/certificate_45eda435-2b33-4a46-9e67-72c2f36c8eb8.pdf
[2025-11-06 12:47:01] [GENERATE_SIMPLE] SUCESSO: PDF gerado - /home/u335416710/domains/translators101.com/public_html/v/includes/../certificates/certificate_45eda435-2b33-4a46-9e67-72c2f36c8eb8.pdf
[2025-11-06 12:47:01] [GENERATE_SIMPLE] SUCESSO: Certificado gerado - ID: 45eda435-2b33-4a46-9e67-72c2f36c8eb8, PNG: SIM, PDF: SIM, Assistido: 21740s de 8280s (262.6%)
[2025-11-06 12:47:11] [PALESTRA] DEBUG: Script palestra.php iniciado.
[2025-11-06 12:47:11] [PALESTRA] DEBUG: Usuário tem permissão.
[2025-11-06 12:47:11] [PALESTRA] DEBUG: ID da palestra recebido: a4f42cb3-a234-11f0-916e-bad1eb27008a
[2025-11-06 12:47:11] [PALESTRA] DEBUG: Palestra 'S08E23 — Traduzir poesia: uma breve introdução' encontrada. Duração em minutos: 138
[2025-11-06 12:47:11] [PALESTRA] DEBUG: User ID da sessão ('630d1ae7-22dc-439b-8ff7-1c602c0f0ce3') é válido e existe na tabela 'users'.
[2025-11-06 12:47:11] [PALESTRA] DEBUG: Log existente encontrado. Progresso: 21758s
[2025-11-06 12:47:11] [PALESTRA] DEBUG: Progresso inicial carregado do DB (user_progress_seconds): 21758
[2025-11-06 12:47:11] [PALESTRA] DEBUG: Palestras relacionadas buscadas para categoria 'Literária'.
[2025-11-06 12:47:11] [PALESTRA] DEBUG: Verificação de certificado existente para exibição inicial. ID existente: 45eda435-2b33-4a46-9e67-72c2f36c8eb8
[2025-11-06 12:47:11] [PALESTRA] DEBUG: Panda Player Div ID extraído do embed: 'panda-a0bfb918-655e-412f-b96a-6b86ec470dc7'
[2025-11-06 09:47:16] [DOWNLOAD] DEBUG: Script download_certificate_files.php iniciado.
[2025-11-06 09:47:16] [DOWNLOAD] DEBUG: ID do certificado recebido: 45eda435-2b33-4a46-9e67-72c2f36c8eb8, formato solicitado: png
[2025-11-06 09:47:16] [DOWNLOAD] DEBUG: Dados do certificado encontrados no banco de dados.
[2025-11-06 09:47:16] [DOWNLOAD] DEBUG: Arquivo PNG encontrado: /home/u335416710/domains/translators101.com/public_html/v/certificates/certificate_45eda435-2b33-4a46-9e67-72c2f36c8eb8.png
[2025-11-06 09:47:16] [DOWNLOAD] DEBUG: Preparando download final: Certificado_Rafaela_Franceschini_2025-11-06.png (Tipo: image/png) - Arquivo: /home/u335416710/domains/translators101.com/public_html/v/certificates/certificate_45eda435-2b33-4a46-9e67-72c2f36c8eb8.png
[2025-11-06 09:47:16] [DOWNLOAD] INFO: Arquivo Certificado_Rafaela_Franceschini_2025-11-06.png enviado para download com sucesso.
[2025-11-06 17:50:54] [PALESTRA] DEBUG: Script palestra.php iniciado.
[2025-11-06 17:50:54] [PALESTRA] DEBUG: Usuário tem permissão.
[2025-11-06 17:50:54] [PALESTRA] DEBUG: ID da palestra recebido: 2c36c965-b51d-11f0-916e-bad1eb27008a
[2025-11-06 17:50:54] [PALESTRA] DEBUG: Palestra 'S08E36 — Livros para deixar virados na estante: breve história e macetes para hot' encontrada. Duração em minutos: 82
[2025-11-06 17:50:54] [PALESTRA] DEBUG: User ID da sessão ('630d1ae7-22dc-439b-8ff7-1c602c0f0ce3') é válido e existe na tabela 'users'.
[2025-11-06 17:50:54] [PALESTRA] INFO: Novo log de acesso registrado para palestra 'S08E36 — Livros para deixar virados na estante: breve história e macetes para hot' (User ID: 630d1ae7-22dc-439b-8ff7-1c602c0f0ce3).
[2025-11-06 17:50:54] [PALESTRA] DEBUG: Progresso inicial carregado do DB (user_progress_seconds): 0
[2025-11-06 17:50:54] [PALESTRA] DEBUG: Palestras relacionadas buscadas para categoria 'Literária'.
[2025-11-06 17:50:54] [PALESTRA] DEBUG: Verificação de certificado existente para exibição inicial. ID existente: ab3fe6f5-6f1e-42dc-931b-053d5aea557e
[2025-11-06 17:50:54] [PALESTRA] DEBUG: Panda Player Div ID extraído do embed: 'panda-cb2a2b68-fa70-4fe8-b831-e6b40812bda9'
[2025-11-06 19:37:49] [PALESTRA] DEBUG: Script palestra.php iniciado.
[2025-11-06 19:37:49] [PALESTRA] DEBUG: Usuário tem permissão.
[2025-11-06 19:37:49] [PALESTRA] DEBUG: ID da palestra recebido: 24a244c8-8607-4cb0-b803-c37ee95738a4
[2025-11-06 19:37:49] [PALESTRA] DEBUG: Palestra 'S04E26 — O jeito que a gente diz: em busca da naturalidade — Stella Tagnin' encontrada. Duração em minutos: 75
[2025-11-06 19:37:49] [PALESTRA] DEBUG: User ID da sessão ('f4c84ced-9d70-11f0-916e-bad1eb27008a') é válido e existe na tabela 'users'.
[2025-11-06 19:37:49] [PALESTRA] INFO: Novo log de acesso registrado para palestra 'S04E26 — O jeito que a gente diz: em busca da naturalidade — Stella Tagnin' (User ID: f4c84ced-9d70-11f0-916e-bad1eb27008a).
[2025-11-06 19:37:49] [PALESTRA] DEBUG: Progresso inicial carregado do DB (user_progress_seconds): 0
[2025-11-06 19:37:49] [PALESTRA] DEBUG: Palestras relacionadas buscadas para categoria ''.
[2025-11-06 19:37:49] [PALESTRA] DEBUG: Verificação de certificado existente para exibição inicial. ID existente: Nenhum
[2025-11-06 19:37:49] [PALESTRA] DEBUG: Panda Player Div ID extraído do embed: 'panda-24a244c8-8607-4cb0-b803-c37ee95738a4'
[2025-11-06 19:38:50] [PALESTRA] DEBUG: Script palestra.php iniciado.
[2025-11-06 19:38:50] [PALESTRA] DEBUG: Usuário tem permissão.
[2025-11-06 19:38:50] [PALESTRA] DEBUG: ID da palestra recebido: 5437c44e-8acd-4a32-8afe-b45ab2504b70
[2025-11-06 19:38:50] [PALESTRA] DEBUG: Palestra 'S06E22 — Tradutor: um eterno aprendiz — Cláudia Fleith' encontrada. Duração em minutos: 58
[2025-11-06 19:38:50] [PALESTRA] DEBUG: User ID da sessão ('f4c84ced-9d70-11f0-916e-bad1eb27008a') é válido e existe na tabela 'users'.
[2025-11-06 19:38:50] [PALESTRA] INFO: Novo log de acesso registrado para palestra 'S06E22 — Tradutor: um eterno aprendiz — Cláudia Fleith' (User ID: f4c84ced-9d70-11f0-916e-bad1eb27008a).
[2025-11-06 19:38:50] [PALESTRA] DEBUG: Progresso inicial carregado do DB (user_progress_seconds): 0
[2025-11-06 19:38:50] [PALESTRA] DEBUG: Palestras relacionadas buscadas para categoria ''.
[2025-11-06 19:38:50] [PALESTRA] DEBUG: Verificação de certificado existente para exibição inicial. ID existente: Nenhum
[2025-11-06 19:38:50] [PALESTRA] DEBUG: Panda Player Div ID extraído do embed: 'panda-5437c44e-8acd-4a32-8afe-b45ab2504b70'
[2025-11-06 19:43:25] [PALESTRA] DEBUG: Script palestra.php iniciado.
[2025-11-06 19:43:25] [PALESTRA] DEBUG: Usuário tem permissão.
[2025-11-06 19:43:25] [PALESTRA] DEBUG: ID da palestra recebido: 8a558651-76f7-4d96-b37c-9b84499d70d9
[2025-11-06 19:43:25] [PALESTRA] DEBUG: Palestra 'S04E13 — A importância das ferramentas digitais para a tradução — Valter Mendes Jr.' encontrada. Duração em minutos: 126
[2025-11-06 19:43:25] [PALESTRA] DEBUG: User ID da sessão ('27994679-b51b-11f0-916e-bad1eb27008a') é válido e existe na tabela 'users'.
[2025-11-06 19:43:25] [PALESTRA] INFO: Novo log de acesso registrado para palestra 'S04E13 — A importância das ferramentas digitais para a tradução — Valter Mendes Jr.' (User ID: 27994679-b51b-11f0-916e-bad1eb27008a).
[2025-11-06 19:43:25] [PALESTRA] DEBUG: Progresso inicial carregado do DB (user_progress_seconds): 0
[2025-11-06 19:43:25] [PALESTRA] DEBUG: Palestras relacionadas buscadas para categoria ''.
[2025-11-06 19:43:25] [PALESTRA] DEBUG: Verificação de certificado existente para exibição inicial. ID existente: Nenhum
[2025-11-06 19:43:25] [PALESTRA] DEBUG: Panda Player Div ID extraído do embed: 'panda-8a558651-76f7-4d96-b37c-9b84499d70d9'
[2025-11-06 19:43:59] [PALESTRA] DEBUG: Script palestra.php iniciado.
[2025-11-06 19:43:59] [PALESTRA] DEBUG: Usuário tem permissão.
[2025-11-06 19:43:59] [PALESTRA] DEBUG: ID da palestra recebido: 1f024cc5-a1fd-11f0-916e-bad1eb27008a
[2025-11-06 19:43:59] [PALESTRA] DEBUG: Palestra 'S08E29 — Assinatura de e-mail com imagens e links clicáveis no Gmail' encontrada. Duração em minutos: 90
[2025-11-06 19:43:59] [PALESTRA] DEBUG: User ID da sessão ('630d1ae7-22dc-439b-8ff7-1c602c0f0ce3') é válido e existe na tabela 'users'.
[2025-11-06 19:43:59] [PALESTRA] INFO: Novo log de acesso registrado para palestra 'S08E29 — Assinatura de e-mail com imagens e links clicáveis no Gmail' (User ID: 630d1ae7-22dc-439b-8ff7-1c602c0f0ce3).
[2025-11-06 19:43:59] [PALESTRA] DEBUG: Progresso inicial carregado do DB (user_progress_seconds): 0
[2025-11-06 19:43:59] [PALESTRA] DEBUG: Palestras relacionadas buscadas para categoria 'Geral'.
[2025-11-06 19:43:59] [PALESTRA] DEBUG: Verificação de certificado existente para exibição inicial. ID existente: Nenhum
[2025-11-06 19:43:59] [PALESTRA] DEBUG: Panda Player Div ID extraído do embed: 'panda-6c04c40c-eb12-4074-97b8-d649dbc3c5f5'
[2025-11-07 19:21:31] [PALESTRA] DEBUG: Script palestra.php iniciado.
[2025-11-07 19:21:31] [PALESTRA] DEBUG: Usuário tem permissão.
[2025-11-07 19:21:31] [PALESTRA] DEBUG: ID da palestra recebido: 1f024cc5-a1fd-11f0-916e-bad1eb27008a
[2025-11-07 19:21:31] [PALESTRA] DEBUG: Palestra 'S08E29 — Assinatura de e-mail com imagens e links clicáveis no Gmail' encontrada. Duração em minutos: 90
[2025-11-07 19:21:31] [PALESTRA] DEBUG: User ID da sessão ('72e9d46b-1f56-4684-a387-6b751bdeeb65') é válido e existe na tabela 'users'.
[2025-11-07 19:21:31] [PALESTRA] INFO: Novo log de acesso registrado para palestra 'S08E29 — Assinatura de e-mail com imagens e links clicáveis no Gmail' (User ID: 72e9d46b-1f56-4684-a387-6b751bdeeb65).
[2025-11-07 19:21:31] [PALESTRA] DEBUG: Progresso inicial carregado do DB (user_progress_seconds): 0
[2025-11-07 19:21:31] [PALESTRA] DEBUG: Palestras relacionadas buscadas para categoria 'Geral'.
[2025-11-07 19:21:31] [PALESTRA] DEBUG: Verificação de certificado existente para exibição inicial. ID existente: Nenhum
[2025-11-07 19:21:31] [PALESTRA] DEBUG: Panda Player Div ID extraído do embed: 'panda-6c04c40c-eb12-4074-97b8-d649dbc3c5f5'
[2025-11-07 19:55:07] [VIEW] DEBUG: Script view_certificate_files.php iniciado.
[2025-11-07 19:55:07] [VIEW] DEBUG: ID do certificado recebido: fc90657a-3b98-4929-88a5-3507bc31014f
[2025-11-07 19:55:07] [VIEW] DEBUG: Dados do certificado encontrados no banco de dados para ID: fc90657a-3b98-4929-88a5-3507bc31014f
[2025-11-07 19:55:07] [VIEW] DEBUG: Arquivo PNG encontrado: /home/u335416710/domains/translators101.com/public_html/v/certificates/certificate_fc90657a-3b98-4929-88a5-3507bc31014f.png
[2025-11-07 19:55:07] [VIEW] DEBUG: Script view_certificate_files.php iniciado.
[2025-11-07 19:55:07] [VIEW] DEBUG: ID do certificado recebido: fc90657a-3b98-4929-88a5-3507bc31014f
[2025-11-07 19:55:07] [VIEW] DEBUG: Dados do certificado encontrados no banco de dados para ID: fc90657a-3b98-4929-88a5-3507bc31014f
[2025-11-07 19:55:07] [VIEW] DEBUG: Arquivo PNG encontrado: /home/u335416710/domains/translators101.com/public_html/v/certificates/certificate_fc90657a-3b98-4929-88a5-3507bc31014f.png
[2025-11-07 19:55:07] [VIEW] DEBUG: Mostrando imagem diretamente: Certificado_WilliamCassemiro.png
[2025-11-07 19:55:07] [VIEW] INFO: Imagem PNG enviada para visualização direta.
[2025-11-07 19:55:26] [REPORT_DOWNLOAD] User: debug-user downloaded report: relatorio_educacao_continuada_debug-user_2025-11-07_19-55-26.pdf (pdf)
[2025-11-07 19:57:32] [VIEW] DEBUG: Script view_certificate_files.php iniciado.
[2025-11-07 19:57:32] [VIEW] DEBUG: ID do certificado recebido: fc90657a-3b98-4929-88a5-3507bc31014f
[2025-11-07 19:57:32] [VIEW] DEBUG: Dados do certificado encontrados no banco de dados para ID: fc90657a-3b98-4929-88a5-3507bc31014f
[2025-11-07 19:57:32] [VIEW] DEBUG: Arquivo PNG encontrado: /home/u335416710/domains/translators101.com/public_html/v/certificates/certificate_fc90657a-3b98-4929-88a5-3507bc31014f.png
[2025-11-07 19:57:32] [VIEW] DEBUG: Script view_certificate_files.php iniciado.
[2025-11-07 19:57:32] [VIEW] DEBUG: ID do certificado recebido: fc90657a-3b98-4929-88a5-3507bc31014f
[2025-11-07 19:57:32] [VIEW] DEBUG: Dados do certificado encontrados no banco de dados para ID: fc90657a-3b98-4929-88a5-3507bc31014f
[2025-11-07 19:57:32] [VIEW] DEBUG: Arquivo PNG encontrado: /home/u335416710/domains/translators101.com/public_html/v/certificates/certificate_fc90657a-3b98-4929-88a5-3507bc31014f.png
[2025-11-07 19:57:32] [VIEW] DEBUG: Mostrando imagem diretamente: Certificado_WilliamCassemiro.png
[2025-11-07 19:57:32] [VIEW] INFO: Imagem PNG enviada para visualização direta.
[2025-11-07 16:57:37] [DOWNLOAD] DEBUG: Script download_certificate_files.php iniciado.
[2025-11-07 16:57:37] [DOWNLOAD] DEBUG: ID do certificado recebido: fc90657a-3b98-4929-88a5-3507bc31014f, formato solicitado: pdf
[2025-11-07 16:57:37] [DOWNLOAD] DEBUG: Dados do certificado encontrados no banco de dados.
[2025-11-07 16:57:37] [DOWNLOAD] DEBUG: Arquivo PNG encontrado: /home/u335416710/domains/translators101.com/public_html/v/certificates/certificate_fc90657a-3b98-4929-88a5-3507bc31014f.png
[2025-11-07 16:57:37] [DOWNLOAD] DEBUG: Iniciando conversão PNG para PDF: /home/u335416710/domains/translators101.com/public_html/v/certificates/certificate_fc90657a-3b98-4929-88a5-3507bc31014f.png -> /home/u335416710/domains/translators101.com/public_html/v/certificates/certificate_fc90657a-3b98-4929-88a5-3507bc31014f_converted.pdf
[2025-11-07 16:57:37] [DOWNLOAD] SUCESSO: PDF criado com TCPDF: /home/u335416710/domains/translators101.com/public_html/v/certificates/certificate_fc90657a-3b98-4929-88a5-3507bc31014f_converted.pdf
[2025-11-07 16:57:37] [DOWNLOAD] DEBUG: PNG convertido para PDF com sucesso: /home/u335416710/domains/translators101.com/public_html/v/certificates/certificate_fc90657a-3b98-4929-88a5-3507bc31014f_converted.pdf
[2025-11-07 16:57:37] [DOWNLOAD] DEBUG: Preparando download final: Certificado_William_Cassemiro_2025-11-07.pdf (Tipo: application/pdf) - Arquivo: /home/u335416710/domains/translators101.com/public_html/v/certificates/certificate_fc90657a-3b98-4929-88a5-3507bc31014f_converted.pdf
[2025-11-07 16:57:37] [DOWNLOAD] INFO: Arquivo Certificado_William_Cassemiro_2025-11-07.pdf enviado para download com sucesso.
[2025-11-07 20:52:04] [PALESTRA] DEBUG: Script palestra.php iniciado.
[2025-11-07 20:52:04] [PALESTRA] DEBUG: Usuário tem permissão.
[2025-11-07 20:52:04] [PALESTRA] DEBUG: ID da palestra recebido: 992e56a8-1809-4965-a8df-2c1a5abb7dd1
[2025-11-07 20:52:04] [PALESTRA] DEBUG: Palestra 'S08E05 — Corpora de Aprendizes de Tradução: Análise e Aplicações — Joacyr Oliveira' encontrada. Duração em minutos: 78
[2025-11-07 20:52:04] [PALESTRA] DEBUG: User ID da sessão ('f4c84ced-9d70-11f0-916e-bad1eb27008a') é válido e existe na tabela 'users'.
[2025-11-07 20:52:04] [PALESTRA] INFO: Novo log de acesso registrado para palestra 'S08E05 — Corpora de Aprendizes de Tradução: Análise e Aplicações — Joacyr Oliveira' (User ID: f4c84ced-9d70-11f0-916e-bad1eb27008a).
[2025-11-07 20:52:04] [PALESTRA] DEBUG: Progresso inicial carregado do DB (user_progress_seconds): 0
[2025-11-07 20:52:04] [PALESTRA] DEBUG: Palestras relacionadas buscadas para categoria ''.
[2025-11-07 20:52:04] [PALESTRA] DEBUG: Verificação de certificado existente para exibição inicial. ID existente: Nenhum
[2025-11-07 20:52:04] [PALESTRA] DEBUG: Panda Player Div ID extraído do embed: 'panda-992e56a8-1809-4965-a8df-2c1a5abb7dd1'
[2025-11-07 23:38:41] [PALESTRA] DEBUG: Script palestra.php iniciado.
[2025-11-07 23:38:41] [PALESTRA] DEBUG: Usuário tem permissão.
[2025-11-07 23:38:41] [PALESTRA] DEBUG: ID da palestra recebido: 992e56a8-1809-4965-a8df-2c1a5abb7dd1
[2025-11-07 23:38:41] [PALESTRA] DEBUG: Palestra 'S08E05 — Corpora de Aprendizes de Tradução: Análise e Aplicações — Joacyr Oliveira' encontrada. Duração em minutos: 78
[2025-11-07 23:38:41] [PALESTRA] DEBUG: User ID da sessão ('f4c84ced-9d70-11f0-916e-bad1eb27008a') é válido e existe na tabela 'users'.
[2025-11-07 23:38:41] [PALESTRA] DEBUG: Log existente encontrado. Progresso: 9990s
[2025-11-07 23:38:41] [PALESTRA] DEBUG: Progresso inicial carregado do DB (user_progress_seconds): 9990
[2025-11-07 23:38:41] [PALESTRA] DEBUG: Palestras relacionadas buscadas para categoria ''.
[2025-11-07 23:38:41] [PALESTRA] DEBUG: Verificação de certificado existente para exibição inicial. ID existente: Nenhum
[2025-11-07 23:38:41] [PALESTRA] DEBUG: Panda Player Div ID extraído do embed: 'panda-992e56a8-1809-4965-a8df-2c1a5abb7dd1'
[2025-11-08 16:01:49] [PALESTRA] DEBUG: Script palestra.php iniciado.
[2025-11-08 16:01:49] [PALESTRA] DEBUG: Usuário tem permissão.
[2025-11-08 16:01:49] [PALESTRA] DEBUG: ID da palestra recebido: 97c1499f-28f3-4b98-bbae-0c6833b06755
[2025-11-08 16:01:49] [PALESTRA] DEBUG: Palestra 'S06E35 — Language Lead? Que bicho é esse? — Mariana Ciocca Alves Passos' encontrada. Duração em minutos: 84
[2025-11-08 16:01:49] [PALESTRA] DEBUG: User ID da sessão ('630d1ae7-22dc-439b-8ff7-1c602c0f0ce3') é válido e existe na tabela 'users'.
[2025-11-08 16:01:49] [PALESTRA] DEBUG: Log existente encontrado. Progresso: 380s
[2025-11-08 16:01:49] [PALESTRA] DEBUG: Progresso inicial carregado do DB (user_progress_seconds): 380
[2025-11-08 16:01:49] [PALESTRA] DEBUG: Palestras relacionadas buscadas para categoria ''.
[2025-11-08 16:01:49] [PALESTRA] DEBUG: Verificação de certificado existente para exibição inicial. ID existente: Nenhum
[2025-11-08 16:01:49] [PALESTRA] DEBUG: Panda Player Div ID extraído do embed: 'panda-97c1499f-28f3-4b98-bbae-0c6833b06755'
[2025-11-08 22:54:41] [PALESTRA] DEBUG: Script palestra.php iniciado.
[2025-11-08 22:54:41] [PALESTRA] DEBUG: Usuário tem permissão.
[2025-11-08 22:54:41] [PALESTRA] DEBUG: ID da palestra recebido: 41d79913-34e4-4742-a7d9-b9aabe9c96f7
[2025-11-08 22:54:41] [PALESTRA] DEBUG: Palestra 'S03E17 — Como usar ferramentas de corpus para dar mais naturalidade ao seu texto — Daniel Erlich' encontrada. Duração em minutos: 127
[2025-11-08 22:54:41] [PALESTRA] DEBUG: User ID da sessão ('f4c84ced-9d70-11f0-916e-bad1eb27008a') é válido e existe na tabela 'users'.
[2025-11-08 22:54:41] [PALESTRA] INFO: Novo log de acesso registrado para palestra 'S03E17 — Como usar ferramentas de corpus para dar mais naturalidade ao seu texto — Daniel Erlich' (User ID: f4c84ced-9d70-11f0-916e-bad1eb27008a).
[2025-11-08 22:54:41] [PALESTRA] DEBUG: Progresso inicial carregado do DB (user_progress_seconds): 0
[2025-11-08 22:54:41] [PALESTRA] DEBUG: Palestras relacionadas buscadas para categoria ''.
[2025-11-08 22:54:41] [PALESTRA] DEBUG: Verificação de certificado existente para exibição inicial. ID existente: Nenhum
[2025-11-08 22:54:41] [PALESTRA] DEBUG: Panda Player Div ID extraído do embed: 'panda-41d79913-34e4-4742-a7d9-b9aabe9c96f7'
[2025-11-10 15:48:01] [GENERATE_SIMPLE] Script generate_simple_certificate.php iniciado
[2025-11-10 15:48:01] [GENERATE_SIMPLE] ERRO: Usuário não autorizado
[2025-11-10 15:48:06] [GENERATE_SIMPLE] Script generate_simple_certificate.php iniciado
[2025-11-10 15:48:06] [GENERATE_SIMPLE] ERRO: Usuário não autorizado
[2025-11-10 15:48:54] [GENERATE_SIMPLE] Script generate_simple_certificate.php iniciado
[2025-11-10 15:48:54] [GENERATE_SIMPLE] ERRO: Usuário não autorizado
[2025-11-10 16:47:54] [GENERATE_SIMPLE] Script generate_simple_certificate.php iniciado
[2025-11-10 16:47:54] [GENERATE_SIMPLE] ERRO: Usuário não autorizado
[2025-11-10 16:49:55] [PALESTRA] DEBUG: Script palestra.php iniciado.
[2025-11-10 16:49:55] [PALESTRA] DEBUG: Usuário tem permissão.
[2025-11-10 16:49:55] [PALESTRA] DEBUG: ID da palestra recebido: 1f024cc5-a1fd-11f0-916e-bad1eb27008a
[2025-11-10 16:49:55] [PALESTRA] DEBUG: Palestra 'S08E29 — Assinatura de e-mail com imagens e links clicáveis no Gmail' encontrada. Duração em minutos: 90
[2025-11-10 16:49:55] [PALESTRA] DEBUG: User ID da sessão ('72e9d46b-1f56-4684-a387-6b751bdeeb65') é válido e existe na tabela 'users'.
[2025-11-10 16:49:55] [PALESTRA] DEBUG: Log existente encontrado. Progresso: 4234s
[2025-11-10 16:49:55] [PALESTRA] DEBUG: Progresso inicial carregado do DB (user_progress_seconds): 4234
[2025-11-10 16:49:55] [PALESTRA] DEBUG: Palestras relacionadas buscadas para categoria 'Geral'.
[2025-11-10 16:49:55] [PALESTRA] DEBUG: Verificação de certificado existente para exibição inicial. ID existente: Nenhum
[2025-11-10 16:49:55] [PALESTRA] DEBUG: Panda Player Div ID extraído do embed: 'panda-6c04c40c-eb12-4074-97b8-d649dbc3c5f5'
[2025-11-10 17:08:27] [GENERATE_SIMPLE] Script generate_simple_certificate.php iniciado
[2025-11-10 17:08:27] [GENERATE_SIMPLE] Dados recebidos - Lecture: 1f024cc5-a1fd-11f0-916e-bad1eb27008a, User: 72e9d46b-1f56-4684-a387-6b751bdeeb65, Watched: 5342s
[2025-11-10 17:08:27] [GENERATE_SIMPLE] Iniciando validações simplificadas
[2025-11-10 17:08:27] [GENERATE_SIMPLE] Progresso no DB: 5341s, Enviado pelo cliente: 5342s
[2025-11-10 17:08:27] [GENERATE_SIMPLE] Tempo final considerado: 5342s
[2025-11-10 17:08:27] [GENERATE_SIMPLE] Duração total: 5400s, Requerido (85%): 4590s
[2025-11-10 17:08:27] [GENERATE_SIMPLE] Todas as validações passaram - gerando certificado
[2025-11-10 17:08:27] [GENERATE_SIMPLE] SUCESSO: Certificado inserido no banco - ID: 6860db24-0884-4e28-af46-40e626743db2
[2025-11-10 17:08:27] [GENERATE_SIMPLE] DEBUG: [GENERATE_SIMPLE] Iniciando geração de PNG para ID: 6860db24-0884-4e28-af46-40e626743db2
[2025-11-10 17:08:27] [GENERATE_SIMPLE] DEBUG: [GENERATE_SIMPLE] Conversão UTF-8 aplicada para geração.
[2025-11-10 17:08:27] [GENERATE_SIMPLE] DEBUG: [GENERATE_SIMPLE] Dimensões do template: Largura=3509, Altura=2481
[2025-11-10 17:08:27] [GENERATE_SIMPLE] DEBUG: [GENERATE_SIMPLE] Procurando fontes TTF para geração...
[2025-11-10 17:08:27] [GENERATE_SIMPLE] DEBUG: [GENERATE_SIMPLE] Fonte TTF Bold encontrada em: /home/u335416710/domains/translators101.com/public_html/v/includes/../fonts/DejaVuSans-Bold.ttf
[2025-11-10 17:08:27] [GENERATE_SIMPLE] DEBUG: [GENERATE_SIMPLE] Fonte TTF padrão encontrada em: /home/u335416710/domains/translators101.com/public_html/v/includes/../fonts/DejaVuSans-Bold.ttf
[2025-11-10 17:08:27] [GENERATE_SIMPLE] DEBUG: [GENERATE_SIMPLE] Usando imagettftext para geração.
[2025-11-10 17:08:27] [GENERATE_SIMPLE] DEBUG: [GENERATE_SIMPLE] Nome do usuário adicionado (X: 1105, Y: 1100).
[2025-11-10 17:08:27] [GENERATE_SIMPLE] DEBUG: [GENERATE_SIMPLE] Processando título: 'S08E29 — Assinatura de e-mail com imagens e links clicáveis no Gmail' (tamanho: 71 caracteres)
[2025-11-10 17:08:27] [GENERATE_SIMPLE] DEBUG: [GENERATE_SIMPLE] Título longo detectado - aplicando quebra de linha inteligente
[2025-11-10 17:08:27] [GENERATE_SIMPLE] DEBUG: [GENERATE_SIMPLE] Linha 1: 'Assinatura de e-mail com imagens e links'
[2025-11-10 17:08:27] [GENERATE_SIMPLE] DEBUG: [GENERATE_SIMPLE] Linha 2: 'S08E29 — clicáveis no Gmail'
[2025-11-10 17:08:27] [GENERATE_SIMPLE] DEBUG: [GENERATE_SIMPLE] Linha 1 adicionada (X: 975, Y: 1350)
[2025-11-10 17:08:27] [GENERATE_SIMPLE] DEBUG: [GENERATE_SIMPLE] Linha 2 adicionada (X: 1224, Y: 1410)
[2025-11-10 17:08:27] [GENERATE_SIMPLE] DEBUG: [GENERATE_SIMPLE] Duração da palestra adicionada (X: 2000, Y: 1570).
[2025-11-10 17:08:27] [GENERATE_SIMPLE] DEBUG: [GENERATE_SIMPLE] Data de emissão adicionada (X: 850, Y: 2330).
[2025-11-10 17:08:27] [GENERATE_SIMPLE] DEBUG: [GENERATE_SIMPLE] ID do certificado adicionado (X: 280, Y: 2430).
[2025-11-10 17:08:27] [GENERATE_SIMPLE] DEBUG: URL de verificação gerada: https://v.translators101.com/verificar_certificado.php?id=6860db24-0884-4e28-af46-40e626743db2
[2025-11-10 17:08:28] [GENERATE_SIMPLE] DEBUG: QR Code colado na imagem base.
[2025-11-10 17:08:28] [GENERATE_SIMPLE] DEBUG: [GENERATE_SIMPLE] QR Code adicionado à imagem durante a geração (X: 2989, Y: 2131, Tamanho: 300).
[2025-11-10 17:08:32] [GENERATE_SIMPLE] DEBUG: [GENERATE_SIMPLE] imagepng() retornou SUCESSO. Verificando se o arquivo gerado é um PNG válido.
[2025-11-10 17:08:32] [GENERATE_SIMPLE] INFO: [GENERATE_SIMPLE] Certificado PNG gerado e salvo com sucesso em: /home/u335416710/domains/translators101.com/public_html/v/includes/../certificates/certificate_6860db24-0884-4e28-af46-40e626743db2.png. É um PNG válido.
[2025-11-10 17:08:32] [GENERATE_SIMPLE] SUCESSO: PNG gerado - /home/u335416710/domains/translators101.com/public_html/v/includes/../certificates/certificate_6860db24-0884-4e28-af46-40e626743db2.png
[2025-11-10 17:08:32] [GENERATE_SIMPLE] DEBUG: [GENERATE_SIMPLE] Iniciando geração de PDF T101 CORRIGIDO para ID: 6860db24-0884-4e28-af46-40e626743db2
[2025-11-10 17:08:32] [GENERATE_SIMPLE] DEBUG: [GENERATE_SIMPLE] TCPDF encontrado em: /home/u335416710/domains/translators101.com/public_html/v/includes/../vendor/tecnickcom/tcpdf/tcpdf.php
[2025-11-10 17:08:34] [GENERATE_SIMPLE] DEBUG: [GENERATE_SIMPLE] Template T101 oficial aplicado como fundo
[2025-11-10 17:08:34] [GENERATE_SIMPLE] DEBUG: URL de verificação gerada: https://v.translators101.com/verificar_certificado.php?id=6860db24-0884-4e28-af46-40e626743db2
[2025-11-10 17:08:35] [GENERATE_SIMPLE] DEBUG: [GENERATE_SIMPLE] QR Code T101 adicionado ao PDF (posição corrigida)
[2025-11-10 17:08:35] [GENERATE_SIMPLE] SUCESSO: [GENERATE_SIMPLE] PDF T101 CORRIGIDO gerado em: /home/u335416710/domains/translators101.com/public_html/v/includes/../certificates/certificate_6860db24-0884-4e28-af46-40e626743db2.pdf
[2025-11-10 17:08:35] [GENERATE_SIMPLE] SUCESSO: PDF gerado - /home/u335416710/domains/translators101.com/public_html/v/includes/../certificates/certificate_6860db24-0884-4e28-af46-40e626743db2.pdf
[2025-11-10 17:08:35] [GENERATE_SIMPLE] SUCESSO: Certificado gerado - ID: 6860db24-0884-4e28-af46-40e626743db2, PNG: SIM, PDF: SIM, Assistido: 5342s de 5400s (98.9%)
[2025-11-10 17:48:09] [PALESTRA] DEBUG: Script palestra.php iniciado.
[2025-11-10 17:48:09] [PALESTRA] DEBUG: Usuário tem permissão.
[2025-11-10 17:48:09] [PALESTRA] DEBUG: ID da palestra recebido: 41d79913-34e4-4742-a7d9-b9aabe9c96f7
[2025-11-10 17:48:09] [PALESTRA] DEBUG: Palestra 'S03E17 — Como usar ferramentas de corpus para dar mais naturalidade ao seu texto — Daniel Erlich' encontrada. Duração em minutos: 127
[2025-11-10 17:48:09] [PALESTRA] DEBUG: User ID da sessão ('f4c84ced-9d70-11f0-916e-bad1eb27008a') é válido e existe na tabela 'users'.
[2025-11-10 17:48:09] [PALESTRA] DEBUG: Log existente encontrado. Progresso: 5328s
[2025-11-10 17:48:09] [PALESTRA] DEBUG: Progresso inicial carregado do DB (user_progress_seconds): 5328
[2025-11-10 17:48:09] [PALESTRA] DEBUG: Palestras relacionadas buscadas para categoria ''.
[2025-11-10 17:48:09] [PALESTRA] DEBUG: Verificação de certificado existente para exibição inicial. ID existente: Nenhum
[2025-11-10 17:48:09] [PALESTRA] DEBUG: Panda Player Div ID extraído do embed: 'panda-41d79913-34e4-4742-a7d9-b9aabe9c96f7'
[2025-11-10 21:33:55] [PALESTRA] DEBUG: Script palestra.php iniciado.
[2025-11-10 21:33:55] [PALESTRA] DEBUG: Usuário tem permissão.
[2025-11-10 21:33:55] [PALESTRA] DEBUG: ID da palestra recebido: 41d79913-34e4-4742-a7d9-b9aabe9c96f7
[2025-11-10 21:33:55] [PALESTRA] DEBUG: Palestra 'S03E17 — Como usar ferramentas de corpus para dar mais naturalidade ao seu texto — Daniel Erlich' encontrada. Duração em minutos: 127
[2025-11-10 21:33:55] [PALESTRA] DEBUG: User ID da sessão ('f4c84ced-9d70-11f0-916e-bad1eb27008a') é válido e existe na tabela 'users'.
[2025-11-10 21:33:55] [PALESTRA] DEBUG: Log existente encontrado. Progresso: 8770s
[2025-11-10 21:33:55] [PALESTRA] DEBUG: Progresso inicial carregado do DB (user_progress_seconds): 8770
[2025-11-10 21:33:55] [PALESTRA] DEBUG: Palestras relacionadas buscadas para categoria ''.
[2025-11-10 21:33:55] [PALESTRA] DEBUG: Verificação de certificado existente para exibição inicial. ID existente: Nenhum
[2025-11-10 21:33:55] [PALESTRA] DEBUG: Panda Player Div ID extraído do embed: 'panda-41d79913-34e4-4742-a7d9-b9aabe9c96f7'
[2025-11-10 23:11:56] [PALESTRA] DEBUG: Script palestra.php iniciado.
[2025-11-10 23:11:56] [PALESTRA] DEBUG: Usuário tem permissão.
[2025-11-10 23:11:56] [PALESTRA] DEBUG: ID da palestra recebido: 41d79913-34e4-4742-a7d9-b9aabe9c96f7
[2025-11-10 23:11:56] [PALESTRA] DEBUG: Palestra 'S03E17 — Como usar ferramentas de corpus para dar mais naturalidade ao seu texto — Daniel Erlich' encontrada. Duração em minutos: 127
[2025-11-10 23:11:56] [PALESTRA] DEBUG: User ID da sessão ('f4c84ced-9d70-11f0-916e-bad1eb27008a') é válido e existe na tabela 'users'.
[2025-11-10 23:11:56] [PALESTRA] DEBUG: Log existente encontrado. Progresso: 14611s
[2025-11-10 23:11:56] [PALESTRA] DEBUG: Progresso inicial carregado do DB (user_progress_seconds): 14611
[2025-11-10 23:11:56] [PALESTRA] DEBUG: Palestras relacionadas buscadas para categoria ''.
[2025-11-10 23:11:56] [PALESTRA] DEBUG: Verificação de certificado existente para exibição inicial. ID existente: Nenhum
[2025-11-10 23:11:56] [PALESTRA] DEBUG: Panda Player Div ID extraído do embed: 'panda-41d79913-34e4-4742-a7d9-b9aabe9c96f7'
[2025-11-10 23:12:03] [GENERATE_SIMPLE] Script generate_simple_certificate.php iniciado
[2025-11-10 23:12:03] [GENERATE_SIMPLE] Dados recebidos - Lecture: 41d79913-34e4-4742-a7d9-b9aabe9c96f7, User: f4c84ced-9d70-11f0-916e-bad1eb27008a, Watched: 7620s
[2025-11-10 23:12:03] [GENERATE_SIMPLE] Iniciando validações simplificadas
[2025-11-10 23:12:03] [GENERATE_SIMPLE] Progresso no DB: 14611s, Enviado pelo cliente: 7620s
[2025-11-10 23:12:03] [GENERATE_SIMPLE] Tempo final considerado: 14611s
[2025-11-10 23:12:03] [GENERATE_SIMPLE] Duração total: 7620s, Requerido (85%): 6477s
[2025-11-10 23:12:03] [GENERATE_SIMPLE] Todas as validações passaram - gerando certificado
[2025-11-10 23:12:03] [GENERATE_SIMPLE] SUCESSO: Certificado inserido no banco - ID: d79d3242-6ef2-4263-b1a7-213993264b45
[2025-11-10 23:12:03] [GENERATE_SIMPLE] DEBUG: [GENERATE_SIMPLE] Iniciando geração de PNG para ID: d79d3242-6ef2-4263-b1a7-213993264b45
[2025-11-10 23:12:03] [GENERATE_SIMPLE] DEBUG: [GENERATE_SIMPLE] Conversão UTF-8 aplicada para geração.
[2025-11-10 23:12:03] [GENERATE_SIMPLE] DEBUG: [GENERATE_SIMPLE] Dimensões do template: Largura=3509, Altura=2481
[2025-11-10 23:12:03] [GENERATE_SIMPLE] DEBUG: [GENERATE_SIMPLE] Procurando fontes TTF para geração...
[2025-11-10 23:12:03] [GENERATE_SIMPLE] DEBUG: [GENERATE_SIMPLE] Fonte TTF Bold encontrada em: /home/u335416710/domains/translators101.com/public_html/v/includes/../fonts/DejaVuSans-Bold.ttf
[2025-11-10 23:12:03] [GENERATE_SIMPLE] DEBUG: [GENERATE_SIMPLE] Fonte TTF padrão encontrada em: /home/u335416710/domains/translators101.com/public_html/v/includes/../fonts/DejaVuSans-Bold.ttf
[2025-11-10 23:12:03] [GENERATE_SIMPLE] DEBUG: [GENERATE_SIMPLE] Usando imagettftext para geração.
[2025-11-10 23:12:03] [GENERATE_SIMPLE] DEBUG: [GENERATE_SIMPLE] Nome do usuário adicionado (X: 1060, Y: 1100).
[2025-11-10 23:12:03] [GENERATE_SIMPLE] DEBUG: [GENERATE_SIMPLE] Processando título: 'S03E17 — Como usar ferramentas de corpus para dar mais naturalidade ao seu texto — Daniel Erlich' (tamanho: 100 caracteres)
[2025-11-10 23:12:03] [GENERATE_SIMPLE] DEBUG: [GENERATE_SIMPLE] Título longo detectado - aplicando quebra de linha inteligente
[2025-11-10 23:12:03] [GENERATE_SIMPLE] DEBUG: [GENERATE_SIMPLE] Linha 1: 'S03E17 — Como usar ferramentas de corpus para dar'
[2025-11-10 23:12:03] [GENERATE_SIMPLE] DEBUG: [GENERATE_SIMPLE] Linha 2: 'mais naturalidade ao seu texto — Daniel Erlich'
[2025-11-10 23:12:03] [GENERATE_SIMPLE] DEBUG: [GENERATE_SIMPLE] Linha 1 adicionada (X: 752.5, Y: 1350)
[2025-11-10 23:12:03] [GENERATE_SIMPLE] DEBUG: [GENERATE_SIMPLE] Linha 2 adicionada (X: 881, Y: 1410)
[2025-11-10 23:12:03] [GENERATE_SIMPLE] DEBUG: [GENERATE_SIMPLE] Duração da palestra adicionada (X: 2000, Y: 1570).
[2025-11-10 23:12:03] [GENERATE_SIMPLE] DEBUG: [GENERATE_SIMPLE] Data de emissão adicionada (X: 850, Y: 2330).
[2025-11-10 23:12:03] [GENERATE_SIMPLE] DEBUG: [GENERATE_SIMPLE] ID do certificado adicionado (X: 280, Y: 2430).
[2025-11-10 23:12:03] [GENERATE_SIMPLE] DEBUG: URL de verificação gerada: https://v.translators101.com/verificar_certificado.php?id=d79d3242-6ef2-4263-b1a7-213993264b45
[2025-11-10 23:12:04] [GENERATE_SIMPLE] DEBUG: QR Code colado na imagem base.
[2025-11-10 23:12:04] [GENERATE_SIMPLE] DEBUG: [GENERATE_SIMPLE] QR Code adicionado à imagem durante a geração (X: 2989, Y: 2131, Tamanho: 300).
[2025-11-10 23:12:07] [GENERATE_SIMPLE] DEBUG: [GENERATE_SIMPLE] imagepng() retornou SUCESSO. Verificando se o arquivo gerado é um PNG válido.
[2025-11-10 23:12:07] [GENERATE_SIMPLE] INFO: [GENERATE_SIMPLE] Certificado PNG gerado e salvo com sucesso em: /home/u335416710/domains/translators101.com/public_html/v/includes/../certificates/certificate_d79d3242-6ef2-4263-b1a7-213993264b45.png. É um PNG válido.
[2025-11-10 23:12:07] [GENERATE_SIMPLE] SUCESSO: PNG gerado - /home/u335416710/domains/translators101.com/public_html/v/includes/../certificates/certificate_d79d3242-6ef2-4263-b1a7-213993264b45.png
[2025-11-10 23:12:07] [GENERATE_SIMPLE] DEBUG: [GENERATE_SIMPLE] Iniciando geração de PDF T101 CORRIGIDO para ID: d79d3242-6ef2-4263-b1a7-213993264b45
[2025-11-10 23:12:07] [GENERATE_SIMPLE] DEBUG: [GENERATE_SIMPLE] TCPDF encontrado em: /home/u335416710/domains/translators101.com/public_html/v/includes/../vendor/tecnickcom/tcpdf/tcpdf.php
[2025-11-10 23:12:10] [GENERATE_SIMPLE] DEBUG: [GENERATE_SIMPLE] Template T101 oficial aplicado como fundo
[2025-11-10 23:12:10] [GENERATE_SIMPLE] DEBUG: URL de verificação gerada: https://v.translators101.com/verificar_certificado.php?id=d79d3242-6ef2-4263-b1a7-213993264b45
[2025-11-10 23:12:11] [GENERATE_SIMPLE] DEBUG: [GENERATE_SIMPLE] QR Code T101 adicionado ao PDF (posição corrigida)
[2025-11-10 23:12:11] [GENERATE_SIMPLE] SUCESSO: [GENERATE_SIMPLE] PDF T101 CORRIGIDO gerado em: /home/u335416710/domains/translators101.com/public_html/v/includes/../certificates/certificate_d79d3242-6ef2-4263-b1a7-213993264b45.pdf
[2025-11-10 23:12:11] [GENERATE_SIMPLE] SUCESSO: PDF gerado - /home/u335416710/domains/translators101.com/public_html/v/includes/../certificates/certificate_d79d3242-6ef2-4263-b1a7-213993264b45.pdf
[2025-11-10 23:12:11] [GENERATE_SIMPLE] SUCESSO: Certificado gerado - ID: d79d3242-6ef2-4263-b1a7-213993264b45, PNG: SIM, PDF: SIM, Assistido: 14611s de 7620s (191.7%)
[2025-11-10 23:13:17] [PALESTRA] DEBUG: Script palestra.php iniciado.
[2025-11-10 23:13:17] [PALESTRA] DEBUG: Usuário tem permissão.
[2025-11-10 23:13:17] [PALESTRA] DEBUG: ID da palestra recebido: 8a558651-76f7-4d96-b37c-9b84499d70d9
[2025-11-10 23:13:17] [PALESTRA] DEBUG: Palestra 'S04E13 — A importância das ferramentas digitais para a tradução — Valter Mendes Jr.' encontrada. Duração em minutos: 126
[2025-11-10 23:13:17] [PALESTRA] DEBUG: User ID da sessão ('f4c84ced-9d70-11f0-916e-bad1eb27008a') é válido e existe na tabela 'users'.
[2025-11-10 23:13:17] [PALESTRA] INFO: Novo log de acesso registrado para palestra 'S04E13 — A importância das ferramentas digitais para a tradução — Valter Mendes Jr.' (User ID: f4c84ced-9d70-11f0-916e-bad1eb27008a).
[2025-11-10 23:13:17] [PALESTRA] DEBUG: Progresso inicial carregado do DB (user_progress_seconds): 0
[2025-11-10 23:13:17] [PALESTRA] DEBUG: Palestras relacionadas buscadas para categoria ''.
[2025-11-10 23:13:17] [PALESTRA] DEBUG: Verificação de certificado existente para exibição inicial. ID existente: Nenhum
[2025-11-10 23:13:17] [PALESTRA] DEBUG: Panda Player Div ID extraído do embed: 'panda-8a558651-76f7-4d96-b37c-9b84499d70d9'
[2025-11-10 23:23:49] [PALESTRA] DEBUG: Script palestra.php iniciado.
[2025-11-10 23:23:49] [PALESTRA] DEBUG: Usuário tem permissão.
[2025-11-10 23:23:49] [PALESTRA] DEBUG: ID da palestra recebido: 8a558651-76f7-4d96-b37c-9b84499d70d9
[2025-11-10 23:23:49] [PALESTRA] DEBUG: Palestra 'S04E13 — A importância das ferramentas digitais para a tradução — Valter Mendes Jr.' encontrada. Duração em minutos: 126
[2025-11-10 23:23:49] [PALESTRA] DEBUG: User ID da sessão ('f4c84ced-9d70-11f0-916e-bad1eb27008a') é válido e existe na tabela 'users'.
[2025-11-10 23:23:49] [PALESTRA] DEBUG: Log existente encontrado. Progresso: 7s
[2025-11-10 23:23:49] [PALESTRA] DEBUG: Progresso inicial carregado do DB (user_progress_seconds): 7
[2025-11-10 23:23:49] [PALESTRA] DEBUG: Palestras relacionadas buscadas para categoria ''.
[2025-11-10 23:23:49] [PALESTRA] DEBUG: Verificação de certificado existente para exibição inicial. ID existente: Nenhum
[2025-11-10 23:23:49] [PALESTRA] DEBUG: Panda Player Div ID extraído do embed: 'panda-8a558651-76f7-4d96-b37c-9b84499d70d9'
[2025-11-11 20:57:17] [PALESTRA] DEBUG: Script palestra.php iniciado.
[2025-11-11 20:57:17] [PALESTRA] DEBUG: Usuário tem permissão.
[2025-11-11 20:57:17] [PALESTRA] DEBUG: ID da palestra recebido: 5dd62066-a1fc-11f0-916e-bad1eb27008a
[2025-11-11 20:57:17] [PALESTRA] DEBUG: Palestra 'S08E28 — IA na tradução na área da saúde' encontrada. Duração em minutos: 72
[2025-11-11 20:57:17] [PALESTRA] DEBUG: User ID da sessão ('f4c84ced-9d70-11f0-916e-bad1eb27008a') é válido e existe na tabela 'users'.
[2025-11-11 20:57:17] [PALESTRA] INFO: Novo log de acesso registrado para palestra 'S08E28 — IA na tradução na área da saúde' (User ID: f4c84ced-9d70-11f0-916e-bad1eb27008a).
[2025-11-11 20:57:17] [PALESTRA] DEBUG: Progresso inicial carregado do DB (user_progress_seconds): 0
[2025-11-11 20:57:17] [PALESTRA] DEBUG: Palestras relacionadas buscadas para categoria 'Técnica'.
[2025-11-11 20:57:17] [PALESTRA] DEBUG: Verificação de certificado existente para exibição inicial. ID existente: Nenhum
[2025-11-11 20:57:17] [PALESTRA] DEBUG: Panda Player Div ID extraído do embed: 'panda-baaa605c-258d-4581-88b1-c9506c57190c'
[2025-11-11 23:33:47] [PALESTRA] DEBUG: Script palestra.php iniciado.
[2025-11-11 23:33:47] [PALESTRA] DEBUG: Usuário tem permissão.
[2025-11-11 23:33:47] [PALESTRA] DEBUG: ID da palestra recebido: 5dd62066-a1fc-11f0-916e-bad1eb27008a
[2025-11-11 23:33:47] [PALESTRA] DEBUG: Palestra 'S08E28 — IA na tradução na área da saúde' encontrada. Duração em minutos: 72
[2025-11-11 23:33:47] [PALESTRA] DEBUG: User ID da sessão ('f4c84ced-9d70-11f0-916e-bad1eb27008a') é válido e existe na tabela 'users'.
[2025-11-11 23:33:47] [PALESTRA] DEBUG: Log existente encontrado. Progresso: 9384s
[2025-11-11 23:33:47] [PALESTRA] DEBUG: Progresso inicial carregado do DB (user_progress_seconds): 9384
[2025-11-11 23:33:47] [PALESTRA] DEBUG: Palestras relacionadas buscadas para categoria 'Técnica'.
[2025-11-11 23:33:47] [PALESTRA] DEBUG: Verificação de certificado existente para exibição inicial. ID existente: Nenhum
[2025-11-11 23:33:47] [PALESTRA] DEBUG: Panda Player Div ID extraído do embed: 'panda-baaa605c-258d-4581-88b1-c9506c57190c'
[2025-11-12 00:12:13] [GENERATE_SIMPLE] Script generate_simple_certificate.php iniciado
[2025-11-12 00:12:13] [GENERATE_SIMPLE] Dados recebidos - Lecture: 5dd62066-a1fc-11f0-916e-bad1eb27008a, User: f4c84ced-9d70-11f0-916e-bad1eb27008a, Watched: 4320s
[2025-11-12 00:12:13] [GENERATE_SIMPLE] Iniciando validações simplificadas
[2025-11-12 00:12:13] [GENERATE_SIMPLE] Progresso no DB: 11680s, Enviado pelo cliente: 4320s
[2025-11-12 00:12:13] [GENERATE_SIMPLE] Tempo final considerado: 11680s
[2025-11-12 00:12:13] [GENERATE_SIMPLE] Duração total: 4320s, Requerido (85%): 3672s
[2025-11-12 00:12:13] [GENERATE_SIMPLE] Todas as validações passaram - gerando certificado
[2025-11-12 00:12:13] [GENERATE_SIMPLE] SUCESSO: Certificado inserido no banco - ID: 3cf64f39-0f1d-483f-8bef-f4b7c6e083d1
[2025-11-12 00:12:13] [GENERATE_SIMPLE] DEBUG: [GENERATE_SIMPLE] Iniciando geração de PNG para ID: 3cf64f39-0f1d-483f-8bef-f4b7c6e083d1
[2025-11-12 00:12:14] [GENERATE_SIMPLE] DEBUG: [GENERATE_SIMPLE] Conversão UTF-8 aplicada para geração.
[2025-11-12 00:12:14] [GENERATE_SIMPLE] DEBUG: [GENERATE_SIMPLE] Dimensões do template: Largura=3509, Altura=2481
[2025-11-12 00:12:14] [GENERATE_SIMPLE] DEBUG: [GENERATE_SIMPLE] Procurando fontes TTF para geração...
[2025-11-12 00:12:14] [GENERATE_SIMPLE] DEBUG: [GENERATE_SIMPLE] Fonte TTF Bold encontrada em: /home/u335416710/domains/translators101.com/public_html/v/includes/../fonts/DejaVuSans-Bold.ttf
[2025-11-12 00:12:14] [GENERATE_SIMPLE] DEBUG: [GENERATE_SIMPLE] Fonte TTF padrão encontrada em: /home/u335416710/domains/translators101.com/public_html/v/includes/../fonts/DejaVuSans-Bold.ttf
[2025-11-12 00:12:14] [GENERATE_SIMPLE] DEBUG: [GENERATE_SIMPLE] Usando imagettftext para geração.
[2025-11-12 00:12:14] [GENERATE_SIMPLE] DEBUG: [GENERATE_SIMPLE] Nome do usuário adicionado (X: 1060, Y: 1100).
[2025-11-12 00:12:14] [GENERATE_SIMPLE] DEBUG: [GENERATE_SIMPLE] Processando título: 'S08E28 — IA na tradução na área da saúde' (tamanho: 46 caracteres)
[2025-11-12 00:12:14] [GENERATE_SIMPLE] DEBUG: [GENERATE_SIMPLE] Título curto - usando layout centralizado
[2025-11-12 00:12:14] [GENERATE_SIMPLE] DEBUG: [GENERATE_SIMPLE] Título curto centralizado adicionado (X: 626.5, Y: 1400)
[2025-11-12 00:12:14] [GENERATE_SIMPLE] DEBUG: [GENERATE_SIMPLE] Duração da palestra adicionada (X: 2000, Y: 1570).
[2025-11-12 00:12:14] [GENERATE_SIMPLE] DEBUG: [GENERATE_SIMPLE] Data de emissão adicionada (X: 850, Y: 2330).
[2025-11-12 00:12:14] [GENERATE_SIMPLE] DEBUG: [GENERATE_SIMPLE] ID do certificado adicionado (X: 280, Y: 2430).
[2025-11-12 00:12:14] [GENERATE_SIMPLE] DEBUG: URL de verificação gerada: https://v.translators101.com/verificar_certificado.php?id=3cf64f39-0f1d-483f-8bef-f4b7c6e083d1
[2025-11-12 00:12:15] [GENERATE_SIMPLE] DEBUG: QR Code colado na imagem base.
[2025-11-12 00:12:15] [GENERATE_SIMPLE] DEBUG: [GENERATE_SIMPLE] QR Code adicionado à imagem durante a geração (X: 2989, Y: 2131, Tamanho: 300).
[2025-11-12 00:12:18] [GENERATE_SIMPLE] DEBUG: [GENERATE_SIMPLE] imagepng() retornou SUCESSO. Verificando se o arquivo gerado é um PNG válido.
[2025-11-12 00:12:18] [GENERATE_SIMPLE] INFO: [GENERATE_SIMPLE] Certificado PNG gerado e salvo com sucesso em: /home/u335416710/domains/translators101.com/public_html/v/includes/../certificates/certificate_3cf64f39-0f1d-483f-8bef-f4b7c6e083d1.png. É um PNG válido.
[2025-11-12 00:12:18] [GENERATE_SIMPLE] SUCESSO: PNG gerado - /home/u335416710/domains/translators101.com/public_html/v/includes/../certificates/certificate_3cf64f39-0f1d-483f-8bef-f4b7c6e083d1.png
[2025-11-12 00:12:18] [GENERATE_SIMPLE] DEBUG: [GENERATE_SIMPLE] Iniciando geração de PDF T101 CORRIGIDO para ID: 3cf64f39-0f1d-483f-8bef-f4b7c6e083d1
[2025-11-12 00:12:18] [GENERATE_SIMPLE] DEBUG: [GENERATE_SIMPLE] TCPDF encontrado em: /home/u335416710/domains/translators101.com/public_html/v/includes/../vendor/tecnickcom/tcpdf/tcpdf.php
[2025-11-12 00:12:21] [GENERATE_SIMPLE] DEBUG: [GENERATE_SIMPLE] Template T101 oficial aplicado como fundo
[2025-11-12 00:12:21] [GENERATE_SIMPLE] DEBUG: URL de verificação gerada: https://v.translators101.com/verificar_certificado.php?id=3cf64f39-0f1d-483f-8bef-f4b7c6e083d1
[2025-11-12 00:12:22] [GENERATE_SIMPLE] DEBUG: [GENERATE_SIMPLE] QR Code T101 adicionado ao PDF (posição corrigida)
[2025-11-12 00:12:22] [GENERATE_SIMPLE] SUCESSO: [GENERATE_SIMPLE] PDF T101 CORRIGIDO gerado em: /home/u335416710/domains/translators101.com/public_html/v/includes/../certificates/certificate_3cf64f39-0f1d-483f-8bef-f4b7c6e083d1.pdf
[2025-11-12 00:12:22] [GENERATE_SIMPLE] SUCESSO: PDF gerado - /home/u335416710/domains/translators101.com/public_html/v/includes/../certificates/certificate_3cf64f39-0f1d-483f-8bef-f4b7c6e083d1.pdf
[2025-11-12 00:12:22] [GENERATE_SIMPLE] SUCESSO: Certificado gerado - ID: 3cf64f39-0f1d-483f-8bef-f4b7c6e083d1, PNG: SIM, PDF: SIM, Assistido: 11680s de 4320s (270.4%)
[2025-11-12 14:12:58] [PALESTRA] DEBUG: Script palestra.php iniciado.
[2025-11-12 14:12:58] [PALESTRA] DEBUG: Usuário tem permissão.
[2025-11-12 14:12:58] [PALESTRA] DEBUG: ID da palestra recebido: 535bd2cd-8ef5-431f-b8b7-60600ad815b4
[2025-11-12 14:12:58] [PALESTRA] DEBUG: Palestra 'S08E03 — O mundo dos mods no PC gaming; e como traduzi-los pode abrir portas! — Jean Trindade' encontrada. Duração em minutos: 134
[2025-11-12 14:12:58] [PALESTRA] DEBUG: User ID da sessão ('72e9d46b-1f56-4684-a387-6b751bdeeb65') é válido e existe na tabela 'users'.
[2025-11-12 14:12:58] [PALESTRA] INFO: Novo log de acesso registrado para palestra 'S08E03 — O mundo dos mods no PC gaming; e como traduzi-los pode abrir portas! — Jean Trindade' (User ID: 72e9d46b-1f56-4684-a387-6b751bdeeb65).
[2025-11-12 14:12:58] [PALESTRA] DEBUG: Progresso inicial carregado do DB (user_progress_seconds): 0
[2025-11-12 14:12:58] [PALESTRA] DEBUG: Palestras relacionadas buscadas para categoria ''.
[2025-11-12 14:12:58] [PALESTRA] DEBUG: Verificação de certificado existente para exibição inicial. ID existente: Nenhum
[2025-11-12 14:12:58] [PALESTRA] DEBUG: Panda Player Div ID extraído do embed: 'panda-535bd2cd-8ef5-431f-b8b7-60600ad815b4'
[2025-11-12 19:12:40] [GENERATE_SIMPLE] Script generate_simple_certificate.php iniciado
[2025-11-12 19:12:40] [GENERATE_SIMPLE] Dados recebidos - Lecture: 535bd2cd-8ef5-431f-b8b7-60600ad815b4, User: 72e9d46b-1f56-4684-a387-6b751bdeeb65, Watched: 8040s
[2025-11-12 19:12:40] [GENERATE_SIMPLE] Iniciando validações simplificadas
[2025-11-12 19:12:40] [GENERATE_SIMPLE] Progresso no DB: 17978s, Enviado pelo cliente: 8040s
[2025-11-12 19:12:40] [GENERATE_SIMPLE] Tempo final considerado: 17978s
[2025-11-12 19:12:40] [GENERATE_SIMPLE] Duração total: 8040s, Requerido (85%): 6834s
[2025-11-12 19:12:40] [GENERATE_SIMPLE] Todas as validações passaram - gerando certificado
[2025-11-12 19:12:40] [GENERATE_SIMPLE] SUCESSO: Certificado inserido no banco - ID: 99a8dcb9-9423-4df8-b03b-1019aa563a1f
[2025-11-12 19:12:40] [GENERATE_SIMPLE] DEBUG: [GENERATE_SIMPLE] Iniciando geração de PNG para ID: 99a8dcb9-9423-4df8-b03b-1019aa563a1f
[2025-11-12 19:12:40] [GENERATE_SIMPLE] DEBUG: [GENERATE_SIMPLE] Conversão UTF-8 aplicada para geração.
[2025-11-12 19:12:40] [GENERATE_SIMPLE] DEBUG: [GENERATE_SIMPLE] Dimensões do template: Largura=3509, Altura=2481
[2025-11-12 19:12:40] [GENERATE_SIMPLE] DEBUG: [GENERATE_SIMPLE] Procurando fontes TTF para geração...
[2025-11-12 19:12:40] [GENERATE_SIMPLE] DEBUG: [GENERATE_SIMPLE] Fonte TTF Bold encontrada em: /home/u335416710/domains/translators101.com/public_html/v/includes/../fonts/DejaVuSans-Bold.ttf
[2025-11-12 19:12:40] [GENERATE_SIMPLE] DEBUG: [GENERATE_SIMPLE] Fonte TTF padrão encontrada em: /home/u335416710/domains/translators101.com/public_html/v/includes/../fonts/DejaVuSans-Bold.ttf
[2025-11-12 19:12:40] [GENERATE_SIMPLE] DEBUG: [GENERATE_SIMPLE] Usando imagettftext para geração.
[2025-11-12 19:12:40] [GENERATE_SIMPLE] DEBUG: [GENERATE_SIMPLE] Nome do usuário adicionado (X: 1105, Y: 1100).
[2025-11-12 19:12:40] [GENERATE_SIMPLE] DEBUG: [GENERATE_SIMPLE] Processando título: 'S08E03 — O mundo dos mods no PC gaming; e como traduzi-los pode abrir portas! — Jean Trindade' (tamanho: 97 caracteres)
[2025-11-12 19:12:40] [GENERATE_SIMPLE] DEBUG: [GENERATE_SIMPLE] Título longo detectado - aplicando quebra de linha inteligente
[2025-11-12 19:12:40] [GENERATE_SIMPLE] DEBUG: [GENERATE_SIMPLE] Linha 1: 'S08E03 — O mundo dos mods no PC gaming; e como'
[2025-11-12 19:12:40] [GENERATE_SIMPLE] DEBUG: [GENERATE_SIMPLE] Linha 2: 'traduzi-los pode abrir portas! — Jean Trindade'
[2025-11-12 19:12:40] [GENERATE_SIMPLE] DEBUG: [GENERATE_SIMPLE] Linha 1 adicionada (X: 772.5, Y: 1350)
[2025-11-12 19:12:40] [GENERATE_SIMPLE] DEBUG: [GENERATE_SIMPLE] Linha 2 adicionada (X: 887, Y: 1410)
[2025-11-12 19:12:40] [GENERATE_SIMPLE] DEBUG: [GENERATE_SIMPLE] Duração da palestra adicionada (X: 2000, Y: 1570).
[2025-11-12 19:12:40] [GENERATE_SIMPLE] DEBUG: [GENERATE_SIMPLE] Data de emissão adicionada (X: 850, Y: 2330).
[2025-11-12 19:12:40] [GENERATE_SIMPLE] DEBUG: [GENERATE_SIMPLE] ID do certificado adicionado (X: 280, Y: 2430).
[2025-11-12 19:12:40] [GENERATE_SIMPLE] DEBUG: URL de verificação gerada: https://v.translators101.com/verificar_certificado.php?id=99a8dcb9-9423-4df8-b03b-1019aa563a1f
[2025-11-12 19:12:41] [GENERATE_SIMPLE] DEBUG: QR Code colado na imagem base.
[2025-11-12 19:12:41] [GENERATE_SIMPLE] DEBUG: [GENERATE_SIMPLE] QR Code adicionado à imagem durante a geração (X: 2989, Y: 2131, Tamanho: 300).
[2025-11-12 19:12:44] [GENERATE_SIMPLE] DEBUG: [GENERATE_SIMPLE] imagepng() retornou SUCESSO. Verificando se o arquivo gerado é um PNG válido.
[2025-11-12 19:12:44] [GENERATE_SIMPLE] INFO: [GENERATE_SIMPLE] Certificado PNG gerado e salvo com sucesso em: /home/u335416710/domains/translators101.com/public_html/v/includes/../certificates/certificate_99a8dcb9-9423-4df8-b03b-1019aa563a1f.png. É um PNG válido.
[2025-11-12 19:12:44] [GENERATE_SIMPLE] SUCESSO: PNG gerado - /home/u335416710/domains/translators101.com/public_html/v/includes/../certificates/certificate_99a8dcb9-9423-4df8-b03b-1019aa563a1f.png
[2025-11-12 19:12:44] [GENERATE_SIMPLE] DEBUG: [GENERATE_SIMPLE] Iniciando geração de PDF T101 CORRIGIDO para ID: 99a8dcb9-9423-4df8-b03b-1019aa563a1f
[2025-11-12 19:12:44] [GENERATE_SIMPLE] DEBUG: [GENERATE_SIMPLE] TCPDF encontrado em: /home/u335416710/domains/translators101.com/public_html/v/includes/../vendor/tecnickcom/tcpdf/tcpdf.php
[2025-11-12 19:12:47] [GENERATE_SIMPLE] DEBUG: [GENERATE_SIMPLE] Template T101 oficial aplicado como fundo
[2025-11-12 19:12:47] [GENERATE_SIMPLE] DEBUG: URL de verificação gerada: https://v.translators101.com/verificar_certificado.php?id=99a8dcb9-9423-4df8-b03b-1019aa563a1f
[2025-11-12 19:12:48] [GENERATE_SIMPLE] DEBUG: [GENERATE_SIMPLE] QR Code T101 adicionado ao PDF (posição corrigida)
[2025-11-12 19:12:48] [GENERATE_SIMPLE] SUCESSO: [GENERATE_SIMPLE] PDF T101 CORRIGIDO gerado em: /home/u335416710/domains/translators101.com/public_html/v/includes/../certificates/certificate_99a8dcb9-9423-4df8-b03b-1019aa563a1f.pdf
[2025-11-12 19:12:48] [GENERATE_SIMPLE] SUCESSO: PDF gerado - /home/u335416710/domains/translators101.com/public_html/v/includes/../certificates/certificate_99a8dcb9-9423-4df8-b03b-1019aa563a1f.pdf
[2025-11-12 19:12:48] [GENERATE_SIMPLE] SUCESSO: Certificado gerado - ID: 99a8dcb9-9423-4df8-b03b-1019aa563a1f, PNG: SIM, PDF: SIM, Assistido: 17978s de 8040s (223.6%)
[2025-11-13 17:25:09] [PALESTRA] DEBUG: Script palestra.php iniciado.
[2025-11-13 17:25:09] [PALESTRA] DEBUG: Usuário tem permissão.
[2025-11-13 17:25:09] [PALESTRA] DEBUG: ID da palestra recebido: 49f99377-4822-4303-9548-3d47c7111341
[2025-11-13 17:25:09] [PALESTRA] DEBUG: Palestra 'S03E22 — Como traduzir a Terra-média — Reinaldo José Lopes' encontrada. Duração em minutos: 78
[2025-11-13 17:25:09] [PALESTRA] DEBUG: User ID da sessão ('630d1ae7-22dc-439b-8ff7-1c602c0f0ce3') é válido e existe na tabela 'users'.
[2025-11-13 17:25:09] [PALESTRA] INFO: Novo log de acesso registrado para palestra 'S03E22 — Como traduzir a Terra-média — Reinaldo José Lopes' (User ID: 630d1ae7-22dc-439b-8ff7-1c602c0f0ce3).
[2025-11-13 17:25:09] [PALESTRA] DEBUG: Progresso inicial carregado do DB (user_progress_seconds): 0
[2025-11-13 17:25:09] [PALESTRA] DEBUG: Palestras relacionadas buscadas para categoria ''.
[2025-11-13 17:25:09] [PALESTRA] DEBUG: Verificação de certificado existente para exibição inicial. ID existente: Nenhum
[2025-11-13 17:25:09] [PALESTRA] DEBUG: Panda Player Div ID extraído do embed: 'panda-49f99377-4822-4303-9548-3d47c7111341'
[2025-11-13 17:30:52] [PALESTRA] DEBUG: Script palestra.php iniciado.
[2025-11-13 17:30:52] [PALESTRA] DEBUG: Usuário tem permissão.
[2025-11-13 17:30:52] [PALESTRA] DEBUG: ID da palestra recebido: bc88589b-c0b5-11f0-916e-bad1eb27008a
[2025-11-13 17:30:52] [PALESTRA] DEBUG: Palestra 'S08E38 — As desventuras da legendagem eletrônica nos festivais de cinema' encontrada. Duração em minutos: 57
[2025-11-13 17:30:52] [PALESTRA] DEBUG: User ID da sessão ('630d1ae7-22dc-439b-8ff7-1c602c0f0ce3') é válido e existe na tabela 'users'.
[2025-11-13 17:30:52] [PALESTRA] INFO: Novo log de acesso registrado para palestra 'S08E38 — As desventuras da legendagem eletrônica nos festivais de cinema' (User ID: 630d1ae7-22dc-439b-8ff7-1c602c0f0ce3).
[2025-11-13 17:30:52] [PALESTRA] DEBUG: Progresso inicial carregado do DB (user_progress_seconds): 0
[2025-11-13 17:30:52] [PALESTRA] DEBUG: Palestras relacionadas buscadas para categoria 'TAV'.
[2025-11-13 17:30:52] [PALESTRA] DEBUG: Verificação de certificado existente para exibição inicial. ID existente: Nenhum
[2025-11-13 17:30:52] [PALESTRA] DEBUG: Panda Player Div ID extraído do embed: 'panda-41ed5260-b249-4cfc-8ca6-e3cee7632002'
[2025-11-13 18:25:34] [GENERATE_SIMPLE] Script generate_simple_certificate.php iniciado
[2025-11-13 18:25:34] [GENERATE_SIMPLE] Dados recebidos - Lecture: bc88589b-c0b5-11f0-916e-bad1eb27008a, User: 630d1ae7-22dc-439b-8ff7-1c602c0f0ce3, Watched: 3277s
[2025-11-13 18:25:34] [GENERATE_SIMPLE] Iniciando validações simplificadas
[2025-11-13 18:25:34] [GENERATE_SIMPLE] Progresso no DB: 3276s, Enviado pelo cliente: 3277s
[2025-11-13 18:25:34] [GENERATE_SIMPLE] Tempo final considerado: 3277s
[2025-11-13 18:25:34] [GENERATE_SIMPLE] Duração total: 3420s, Requerido (85%): 2907s
[2025-11-13 18:25:34] [GENERATE_SIMPLE] Todas as validações passaram - gerando certificado
[2025-11-13 18:25:34] [GENERATE_SIMPLE] SUCESSO: Certificado inserido no banco - ID: e077a968-1389-48b5-82b3-c3681580c39c
[2025-11-13 18:25:34] [GENERATE_SIMPLE] DEBUG: [GENERATE_SIMPLE] Iniciando geração de PNG para ID: e077a968-1389-48b5-82b3-c3681580c39c
[2025-11-13 18:25:34] [GENERATE_SIMPLE] DEBUG: [GENERATE_SIMPLE] Conversão UTF-8 aplicada para geração.
[2025-11-13 18:25:34] [GENERATE_SIMPLE] DEBUG: [GENERATE_SIMPLE] Dimensões do template: Largura=3509, Altura=2481
[2025-11-13 18:25:34] [GENERATE_SIMPLE] DEBUG: [GENERATE_SIMPLE] Procurando fontes TTF para geração...
[2025-11-13 18:25:34] [GENERATE_SIMPLE] DEBUG: [GENERATE_SIMPLE] Fonte TTF Bold encontrada em: /home/u335416710/domains/translators101.com/public_html/v/includes/../fonts/DejaVuSans-Bold.ttf
[2025-11-13 18:25:34] [GENERATE_SIMPLE] DEBUG: [GENERATE_SIMPLE] Fonte TTF padrão encontrada em: /home/u335416710/domains/translators101.com/public_html/v/includes/../fonts/DejaVuSans-Bold.ttf
[2025-11-13 18:25:34] [GENERATE_SIMPLE] DEBUG: [GENERATE_SIMPLE] Usando imagettftext para geração.
[2025-11-13 18:25:34] [GENERATE_SIMPLE] DEBUG: [GENERATE_SIMPLE] Nome do usuário adicionado (X: 1138, Y: 1100).
[2025-11-13 18:25:34] [GENERATE_SIMPLE] DEBUG: [GENERATE_SIMPLE] Processando título: 'S08E38 — As desventuras da legendagem eletrônica nos festivais de cinema' (tamanho: 75 caracteres)
[2025-11-13 18:25:34] [GENERATE_SIMPLE] DEBUG: [GENERATE_SIMPLE] Título longo detectado - aplicando quebra de linha inteligente
[2025-11-13 18:25:34] [GENERATE_SIMPLE] DEBUG: [GENERATE_SIMPLE] Linha 1: 'desventuras da legendagem eletrônica nos'
[2025-11-13 18:25:34] [GENERATE_SIMPLE] DEBUG: [GENERATE_SIMPLE] Linha 2: 'S08E38 — As festivais de cinema'
[2025-11-13 18:25:34] [GENERATE_SIMPLE] DEBUG: [GENERATE_SIMPLE] Linha 1 adicionada (X: 944.5, Y: 1350)
[2025-11-13 18:25:34] [GENERATE_SIMPLE] DEBUG: [GENERATE_SIMPLE] Linha 2 adicionada (X: 1140.5, Y: 1410)
[2025-11-13 18:25:34] [GENERATE_SIMPLE] DEBUG: [GENERATE_SIMPLE] Duração da palestra adicionada (X: 2000, Y: 1570).
[2025-11-13 18:25:34] [GENERATE_SIMPLE] DEBUG: [GENERATE_SIMPLE] Data de emissão adicionada (X: 850, Y: 2330).
[2025-11-13 18:25:34] [GENERATE_SIMPLE] DEBUG: [GENERATE_SIMPLE] ID do certificado adicionado (X: 280, Y: 2430).
[2025-11-13 18:25:34] [GENERATE_SIMPLE] DEBUG: URL de verificação gerada: https://v.translators101.com/verificar_certificado.php?id=e077a968-1389-48b5-82b3-c3681580c39c
[2025-11-13 18:25:35] [GENERATE_SIMPLE] DEBUG: QR Code colado na imagem base.
[2025-11-13 18:25:35] [GENERATE_SIMPLE] DEBUG: [GENERATE_SIMPLE] QR Code adicionado à imagem durante a geração (X: 2989, Y: 2131, Tamanho: 300).
[2025-11-13 18:25:38] [GENERATE_SIMPLE] DEBUG: [GENERATE_SIMPLE] imagepng() retornou SUCESSO. Verificando se o arquivo gerado é um PNG válido.
[2025-11-13 18:25:38] [GENERATE_SIMPLE] INFO: [GENERATE_SIMPLE] Certificado PNG gerado e salvo com sucesso em: /home/u335416710/domains/translators101.com/public_html/v/includes/../certificates/certificate_e077a968-1389-48b5-82b3-c3681580c39c.png. É um PNG válido.
[2025-11-13 18:25:38] [GENERATE_SIMPLE] SUCESSO: PNG gerado - /home/u335416710/domains/translators101.com/public_html/v/includes/../certificates/certificate_e077a968-1389-48b5-82b3-c3681580c39c.png
[2025-11-13 18:25:38] [GENERATE_SIMPLE] DEBUG: [GENERATE_SIMPLE] Iniciando geração de PDF T101 CORRIGIDO para ID: e077a968-1389-48b5-82b3-c3681580c39c
[2025-11-13 18:25:38] [GENERATE_SIMPLE] DEBUG: [GENERATE_SIMPLE] TCPDF encontrado em: /home/u335416710/domains/translators101.com/public_html/v/includes/../vendor/tecnickcom/tcpdf/tcpdf.php
[2025-11-13 18:25:41] [GENERATE_SIMPLE] DEBUG: [GENERATE_SIMPLE] Template T101 oficial aplicado como fundo
[2025-11-13 18:25:41] [GENERATE_SIMPLE] DEBUG: URL de verificação gerada: https://v.translators101.com/verificar_certificado.php?id=e077a968-1389-48b5-82b3-c3681580c39c
[2025-11-13 18:25:42] [GENERATE_SIMPLE] DEBUG: [GENERATE_SIMPLE] QR Code T101 adicionado ao PDF (posição corrigida)
[2025-11-13 18:25:42] [GENERATE_SIMPLE] SUCESSO: [GENERATE_SIMPLE] PDF T101 CORRIGIDO gerado em: /home/u335416710/domains/translators101.com/public_html/v/includes/../certificates/certificate_e077a968-1389-48b5-82b3-c3681580c39c.pdf
[2025-11-13 18:25:42] [GENERATE_SIMPLE] SUCESSO: PDF gerado - /home/u335416710/domains/translators101.com/public_html/v/includes/../certificates/certificate_e077a968-1389-48b5-82b3-c3681580c39c.pdf
[2025-11-13 18:25:42] [GENERATE_SIMPLE] SUCESSO: Certificado gerado - ID: e077a968-1389-48b5-82b3-c3681580c39c, PNG: SIM, PDF: SIM, Assistido: 3277s de 3420s (95.8%)
[2025-11-13 18:26:07] [PALESTRA] DEBUG: Script palestra.php iniciado.
[2025-11-13 18:26:07] [PALESTRA] DEBUG: Usuário tem permissão.
[2025-11-13 18:26:07] [PALESTRA] DEBUG: ID da palestra recebido: bc88589b-c0b5-11f0-916e-bad1eb27008a
[2025-11-13 18:26:07] [PALESTRA] DEBUG: Palestra 'S08E38 — As desventuras da legendagem eletrônica nos festivais de cinema' encontrada. Duração em minutos: 57
[2025-11-13 18:26:07] [PALESTRA] DEBUG: User ID da sessão ('630d1ae7-22dc-439b-8ff7-1c602c0f0ce3') é válido e existe na tabela 'users'.
[2025-11-13 18:26:07] [PALESTRA] DEBUG: Log existente encontrado. Progresso: 3306s
[2025-11-13 18:26:07] [PALESTRA] DEBUG: Progresso inicial carregado do DB (user_progress_seconds): 3306
[2025-11-13 18:26:07] [PALESTRA] DEBUG: Palestras relacionadas buscadas para categoria 'TAV'.
[2025-11-13 18:26:07] [PALESTRA] DEBUG: Verificação de certificado existente para exibição inicial. ID existente: e077a968-1389-48b5-82b3-c3681580c39c
[2025-11-13 18:26:07] [PALESTRA] DEBUG: Panda Player Div ID extraído do embed: 'panda-41ed5260-b249-4cfc-8ca6-e3cee7632002'
[2025-11-13 15:26:15] [DOWNLOAD] DEBUG: Script download_certificate_files.php iniciado.
[2025-11-13 15:26:15] [DOWNLOAD] DEBUG: ID do certificado recebido: e077a968-1389-48b5-82b3-c3681580c39c, formato solicitado: png
[2025-11-13 15:26:15] [DOWNLOAD] DEBUG: Dados do certificado encontrados no banco de dados.
[2025-11-13 15:26:15] [DOWNLOAD] DEBUG: Arquivo PNG encontrado: /home/u335416710/domains/translators101.com/public_html/v/certificates/certificate_e077a968-1389-48b5-82b3-c3681580c39c.png
[2025-11-13 15:26:15] [DOWNLOAD] DEBUG: Preparando download final: Certificado_Rafaela_Franceschini_2025-11-13.png (Tipo: image/png) - Arquivo: /home/u335416710/domains/translators101.com/public_html/v/certificates/certificate_e077a968-1389-48b5-82b3-c3681580c39c.png
[2025-11-13 15:26:15] [DOWNLOAD] INFO: Arquivo Certificado_Rafaela_Franceschini_2025-11-13.png enviado para download com sucesso.
[2025-11-13 19:23:58] [PALESTRA] DEBUG: Script palestra.php iniciado.
[2025-11-13 19:23:58] [PALESTRA] DEBUG: Usuário tem permissão.
[2025-11-13 19:23:58] [PALESTRA] DEBUG: ID da palestra recebido: 49f99377-4822-4303-9548-3d47c7111341
[2025-11-13 19:23:58] [PALESTRA] DEBUG: Palestra 'S03E22 — Como traduzir a Terra-média — Reinaldo José Lopes' encontrada. Duração em minutos: 78
[2025-11-13 19:23:58] [PALESTRA] DEBUG: User ID da sessão ('630d1ae7-22dc-439b-8ff7-1c602c0f0ce3') é válido e existe na tabela 'users'.
[2025-11-13 19:23:58] [PALESTRA] DEBUG: Log existente encontrado. Progresso: 134s
[2025-11-13 19:23:58] [PALESTRA] DEBUG: Progresso inicial carregado do DB (user_progress_seconds): 134
[2025-11-13 19:23:58] [PALESTRA] DEBUG: Palestras relacionadas buscadas para categoria ''.
[2025-11-13 19:23:58] [PALESTRA] DEBUG: Verificação de certificado existente para exibição inicial. ID existente: Nenhum
[2025-11-13 19:23:58] [PALESTRA] DEBUG: Panda Player Div ID extraído do embed: 'panda-49f99377-4822-4303-9548-3d47c7111341'
[2025-11-14 10:58:42] [PALESTRA] DEBUG: Script palestra.php iniciado.
[2025-11-14 10:58:42] [PALESTRA] DEBUG: Usuário tem permissão.
[2025-11-14 10:58:42] [PALESTRA] DEBUG: ID da palestra recebido: 49f99377-4822-4303-9548-3d47c7111341
[2025-11-14 10:58:42] [PALESTRA] DEBUG: Palestra 'S03E22 — Como traduzir a Terra-média — Reinaldo José Lopes' encontrada. Duração em minutos: 78
[2025-11-14 10:58:42] [PALESTRA] DEBUG: User ID da sessão ('630d1ae7-22dc-439b-8ff7-1c602c0f0ce3') é válido e existe na tabela 'users'.
[2025-11-14 10:58:42] [PALESTRA] DEBUG: Log existente encontrado. Progresso: 20894s
[2025-11-14 10:58:42] [PALESTRA] DEBUG: Progresso inicial carregado do DB (user_progress_seconds): 20894
[2025-11-14 10:58:42] [PALESTRA] DEBUG: Palestras relacionadas buscadas para categoria ''.
[2025-11-14 10:58:42] [PALESTRA] DEBUG: Verificação de certificado existente para exibição inicial. ID existente: Nenhum
[2025-11-14 10:58:42] [PALESTRA] DEBUG: Panda Player Div ID extraído do embed: 'panda-49f99377-4822-4303-9548-3d47c7111341'
[2025-11-14 11:18:43] [PALESTRA] DEBUG: Script palestra.php iniciado.
[2025-11-14 11:18:43] [PALESTRA] DEBUG: Usuário tem permissão.
[2025-11-14 11:18:43] [PALESTRA] DEBUG: ID da palestra recebido: d2b82d6a-c06e-41bb-9579-1ba0859b3ce2
[2025-11-14 11:18:43] [PALESTRA] DEBUG: Palestra 'S03E14 — O tradutor nômade digital — Carmen Reis' encontrada. Duração em minutos: 98
[2025-11-14 11:18:43] [PALESTRA] DEBUG: User ID da sessão ('630d1ae7-22dc-439b-8ff7-1c602c0f0ce3') é válido e existe na tabela 'users'.
[2025-11-14 11:18:43] [PALESTRA] INFO: Novo log de acesso registrado para palestra 'S03E14 — O tradutor nômade digital — Carmen Reis' (User ID: 630d1ae7-22dc-439b-8ff7-1c602c0f0ce3).
[2025-11-14 11:18:43] [PALESTRA] DEBUG: Progresso inicial carregado do DB (user_progress_seconds): 0
[2025-11-14 11:18:43] [PALESTRA] DEBUG: Palestras relacionadas buscadas para categoria ''.
[2025-11-14 11:18:43] [PALESTRA] DEBUG: Verificação de certificado existente para exibição inicial. ID existente: Nenhum
[2025-11-14 11:18:43] [PALESTRA] DEBUG: Panda Player Div ID extraído do embed: 'panda-d2b82d6a-c06e-41bb-9579-1ba0859b3ce2'
[2025-11-14 16:40:22] [PALESTRA] DEBUG: Script palestra.php iniciado.
[2025-11-14 16:40:22] [PALESTRA] DEBUG: Usuário tem permissão.
[2025-11-14 16:40:22] [PALESTRA] DEBUG: ID da palestra recebido: bc88589b-c0b5-11f0-916e-bad1eb27008a
[2025-11-14 16:40:22] [PALESTRA] DEBUG: Palestra 'S08E38 — As desventuras da legendagem eletrônica nos festivais de cinema' encontrada. Duração em minutos: 57
[2025-11-14 16:40:22] [PALESTRA] DEBUG: User ID da sessão ('72e9d46b-1f56-4684-a387-6b751bdeeb65') é válido e existe na tabela 'users'.
[2025-11-14 16:40:22] [PALESTRA] INFO: Novo log de acesso registrado para palestra 'S08E38 — As desventuras da legendagem eletrônica nos festivais de cinema' (User ID: 72e9d46b-1f56-4684-a387-6b751bdeeb65).
[2025-11-14 16:40:22] [PALESTRA] DEBUG: Progresso inicial carregado do DB (user_progress_seconds): 0
[2025-11-14 16:40:22] [PALESTRA] DEBUG: Palestras relacionadas buscadas para categoria 'TAV'.
[2025-11-14 16:40:22] [PALESTRA] DEBUG: Verificação de certificado existente para exibição inicial. ID existente: Nenhum
[2025-11-14 16:40:22] [PALESTRA] DEBUG: Panda Player Div ID extraído do embed: 'panda-41ed5260-b249-4cfc-8ca6-e3cee7632002'
[2025-11-14 17:31:36] [GENERATE_SIMPLE] Script generate_simple_certificate.php iniciado
[2025-11-14 17:31:36] [GENERATE_SIMPLE] Dados recebidos - Lecture: bc88589b-c0b5-11f0-916e-bad1eb27008a, User: 72e9d46b-1f56-4684-a387-6b751bdeeb65, Watched: 3071s
[2025-11-14 17:31:36] [GENERATE_SIMPLE] Iniciando validações simplificadas
[2025-11-14 17:31:36] [GENERATE_SIMPLE] Progresso no DB: 3071s, Enviado pelo cliente: 3071s
[2025-11-14 17:31:36] [GENERATE_SIMPLE] Tempo final considerado: 3071s
[2025-11-14 17:31:36] [GENERATE_SIMPLE] Duração total: 3420s, Requerido (85%): 2907s
[2025-11-14 17:31:36] [GENERATE_SIMPLE] Todas as validações passaram - gerando certificado
[2025-11-14 17:31:36] [GENERATE_SIMPLE] SUCESSO: Certificado inserido no banco - ID: 9c3a1559-4546-439a-a503-46adb9b6f7ca
[2025-11-14 17:31:36] [GENERATE_SIMPLE] DEBUG: [GENERATE_SIMPLE] Iniciando geração de PNG para ID: 9c3a1559-4546-439a-a503-46adb9b6f7ca
[2025-11-14 17:31:36] [GENERATE_SIMPLE] DEBUG: [GENERATE_SIMPLE] Conversão UTF-8 aplicada para geração.
[2025-11-14 17:31:36] [GENERATE_SIMPLE] DEBUG: [GENERATE_SIMPLE] Dimensões do template: Largura=3509, Altura=2481
[2025-11-14 17:31:36] [GENERATE_SIMPLE] DEBUG: [GENERATE_SIMPLE] Procurando fontes TTF para geração...
[2025-11-14 17:31:36] [GENERATE_SIMPLE] DEBUG: [GENERATE_SIMPLE] Fonte TTF Bold encontrada em: /home/u335416710/domains/translators101.com/public_html/v/includes/../fonts/DejaVuSans-Bold.ttf
[2025-11-14 17:31:36] [GENERATE_SIMPLE] DEBUG: [GENERATE_SIMPLE] Fonte TTF padrão encontrada em: /home/u335416710/domains/translators101.com/public_html/v/includes/../fonts/DejaVuSans-Bold.ttf
[2025-11-14 17:31:36] [GENERATE_SIMPLE] DEBUG: [GENERATE_SIMPLE] Usando imagettftext para geração.
[2025-11-14 17:31:36] [GENERATE_SIMPLE] DEBUG: [GENERATE_SIMPLE] Nome do usuário adicionado (X: 1105, Y: 1100).
[2025-11-14 17:31:36] [GENERATE_SIMPLE] DEBUG: [GENERATE_SIMPLE] Processando título: 'S08E38 — As desventuras da legendagem eletrônica nos festivais de cinema' (tamanho: 75 caracteres)
[2025-11-14 17:31:36] [GENERATE_SIMPLE] DEBUG: [GENERATE_SIMPLE] Título longo detectado - aplicando quebra de linha inteligente
[2025-11-14 17:31:36] [GENERATE_SIMPLE] DEBUG: [GENERATE_SIMPLE] Linha 1: 'desventuras da legendagem eletrônica nos'
[2025-11-14 17:31:36] [GENERATE_SIMPLE] DEBUG: [GENERATE_SIMPLE] Linha 2: 'S08E38 — As festivais de cinema'
[2025-11-14 17:31:36] [GENERATE_SIMPLE] DEBUG: [GENERATE_SIMPLE] Linha 1 adicionada (X: 944.5, Y: 1350)
[2025-11-14 17:31:36] [GENERATE_SIMPLE] DEBUG: [GENERATE_SIMPLE] Linha 2 adicionada (X: 1140.5, Y: 1410)
[2025-11-14 17:31:36] [GENERATE_SIMPLE] DEBUG: [GENERATE_SIMPLE] Duração da palestra adicionada (X: 2000, Y: 1570).
[2025-11-14 17:31:36] [GENERATE_SIMPLE] DEBUG: [GENERATE_SIMPLE] Data de emissão adicionada (X: 850, Y: 2330).
[2025-11-14 17:31:36] [GENERATE_SIMPLE] DEBUG: [GENERATE_SIMPLE] ID do certificado adicionado (X: 280, Y: 2430).
[2025-11-14 17:31:36] [GENERATE_SIMPLE] DEBUG: URL de verificação gerada: https://v.translators101.com/verificar_certificado.php?id=9c3a1559-4546-439a-a503-46adb9b6f7ca
[2025-11-14 17:31:37] [GENERATE_SIMPLE] DEBUG: QR Code colado na imagem base.
[2025-11-14 17:31:37] [GENERATE_SIMPLE] DEBUG: [GENERATE_SIMPLE] QR Code adicionado à imagem durante a geração (X: 2989, Y: 2131, Tamanho: 300).
[2025-11-14 17:31:41] [GENERATE_SIMPLE] DEBUG: [GENERATE_SIMPLE] imagepng() retornou SUCESSO. Verificando se o arquivo gerado é um PNG válido.
[2025-11-14 17:31:41] [GENERATE_SIMPLE] INFO: [GENERATE_SIMPLE] Certificado PNG gerado e salvo com sucesso em: /home/u335416710/domains/translators101.com/public_html/v/includes/../certificates/certificate_9c3a1559-4546-439a-a503-46adb9b6f7ca.png. É um PNG válido.
[2025-11-14 17:31:41] [GENERATE_SIMPLE] SUCESSO: PNG gerado - /home/u335416710/domains/translators101.com/public_html/v/includes/../certificates/certificate_9c3a1559-4546-439a-a503-46adb9b6f7ca.png
[2025-11-14 17:31:41] [GENERATE_SIMPLE] DEBUG: [GENERATE_SIMPLE] Iniciando geração de PDF T101 CORRIGIDO para ID: 9c3a1559-4546-439a-a503-46adb9b6f7ca
[2025-11-14 17:31:41] [GENERATE_SIMPLE] DEBUG: [GENERATE_SIMPLE] TCPDF encontrado em: /home/u335416710/domains/translators101.com/public_html/v/includes/../vendor/tecnickcom/tcpdf/tcpdf.php
[2025-11-14 17:31:44] [GENERATE_SIMPLE] DEBUG: [GENERATE_SIMPLE] Template T101 oficial aplicado como fundo
[2025-11-14 17:31:44] [GENERATE_SIMPLE] DEBUG: URL de verificação gerada: https://v.translators101.com/verificar_certificado.php?id=9c3a1559-4546-439a-a503-46adb9b6f7ca
[2025-11-14 17:31:45] [GENERATE_SIMPLE] DEBUG: [GENERATE_SIMPLE] QR Code T101 adicionado ao PDF (posição corrigida)
[2025-11-14 17:31:45] [GENERATE_SIMPLE] SUCESSO: [GENERATE_SIMPLE] PDF T101 CORRIGIDO gerado em: /home/u335416710/domains/translators101.com/public_html/v/includes/../certificates/certificate_9c3a1559-4546-439a-a503-46adb9b6f7ca.pdf
[2025-11-14 17:31:45] [GENERATE_SIMPLE] SUCESSO: PDF gerado - /home/u335416710/domains/translators101.com/public_html/v/includes/../certificates/certificate_9c3a1559-4546-439a-a503-46adb9b6f7ca.pdf
[2025-11-14 17:31:45] [GENERATE_SIMPLE] SUCESSO: Certificado gerado - ID: 9c3a1559-4546-439a-a503-46adb9b6f7ca, PNG: SIM, PDF: SIM, Assistido: 3071s de 3420s (89.8%)
[2025-11-14 19:10:27] [GENERATE_SIMPLE] Script generate_simple_certificate.php iniciado
[2025-11-14 19:10:27] [GENERATE_SIMPLE] Dados recebidos - Lecture: d2b82d6a-c06e-41bb-9579-1ba0859b3ce2, User: 630d1ae7-22dc-439b-8ff7-1c602c0f0ce3, Watched: 5880s
[2025-11-14 19:10:27] [GENERATE_SIMPLE] Iniciando validações simplificadas
[2025-11-14 19:10:27] [GENERATE_SIMPLE] Progresso no DB: 28298s, Enviado pelo cliente: 5880s
[2025-11-14 19:10:27] [GENERATE_SIMPLE] Tempo final considerado: 28298s
[2025-11-14 19:10:27] [GENERATE_SIMPLE] Duração total: 5880s, Requerido (85%): 4998s
[2025-11-14 19:10:27] [GENERATE_SIMPLE] Todas as validações passaram - gerando certificado
[2025-11-14 19:10:27] [GENERATE_SIMPLE] SUCESSO: Certificado inserido no banco - ID: f1e87fa0-f891-4103-8173-006e0ebcbfe4
[2025-11-14 19:10:27] [GENERATE_SIMPLE] DEBUG: [GENERATE_SIMPLE] Iniciando geração de PNG para ID: f1e87fa0-f891-4103-8173-006e0ebcbfe4
[2025-11-14 19:10:28] [GENERATE_SIMPLE] DEBUG: [GENERATE_SIMPLE] Conversão UTF-8 aplicada para geração.
[2025-11-14 19:10:28] [GENERATE_SIMPLE] DEBUG: [GENERATE_SIMPLE] Dimensões do template: Largura=3509, Altura=2481
[2025-11-14 19:10:28] [GENERATE_SIMPLE] DEBUG: [GENERATE_SIMPLE] Procurando fontes TTF para geração...
[2025-11-14 19:10:28] [GENERATE_SIMPLE] DEBUG: [GENERATE_SIMPLE] Fonte TTF Bold encontrada em: /home/u335416710/domains/translators101.com/public_html/v/includes/../fonts/DejaVuSans-Bold.ttf
[2025-11-14 19:10:28] [GENERATE_SIMPLE] DEBUG: [GENERATE_SIMPLE] Fonte TTF padrão encontrada em: /home/u335416710/domains/translators101.com/public_html/v/includes/../fonts/DejaVuSans-Bold.ttf
[2025-11-14 19:10:28] [GENERATE_SIMPLE] DEBUG: [GENERATE_SIMPLE] Usando imagettftext para geração.
[2025-11-14 19:10:28] [GENERATE_SIMPLE] DEBUG: [GENERATE_SIMPLE] Nome do usuário adicionado (X: 1138, Y: 1100).
[2025-11-14 19:10:28] [GENERATE_SIMPLE] DEBUG: [GENERATE_SIMPLE] Processando título: 'S03E14 — O tradutor nômade digital — Carmen Reis' (tamanho: 53 caracteres)
[2025-11-14 19:10:28] [GENERATE_SIMPLE] DEBUG: [GENERATE_SIMPLE] Título curto - usando layout centralizado
[2025-11-14 19:10:28] [GENERATE_SIMPLE] DEBUG: [GENERATE_SIMPLE] Título curto centralizado adicionado (X: 384, Y: 1400)
[2025-11-14 19:10:28] [GENERATE_SIMPLE] DEBUG: [GENERATE_SIMPLE] Duração da palestra adicionada (X: 2000, Y: 1570).
[2025-11-14 19:10:28] [GENERATE_SIMPLE] DEBUG: [GENERATE_SIMPLE] Data de emissão adicionada (X: 850, Y: 2330).
[2025-11-14 19:10:28] [GENERATE_SIMPLE] DEBUG: [GENERATE_SIMPLE] ID do certificado adicionado (X: 280, Y: 2430).
[2025-11-14 19:10:28] [GENERATE_SIMPLE] DEBUG: URL de verificação gerada: https://v.translators101.com/verificar_certificado.php?id=f1e87fa0-f891-4103-8173-006e0ebcbfe4
[2025-11-14 19:10:29] [GENERATE_SIMPLE] DEBUG: QR Code colado na imagem base.
[2025-11-14 19:10:29] [GENERATE_SIMPLE] DEBUG: [GENERATE_SIMPLE] QR Code adicionado à imagem durante a geração (X: 2989, Y: 2131, Tamanho: 300).
[2025-11-14 19:10:32] [GENERATE_SIMPLE] DEBUG: [GENERATE_SIMPLE] imagepng() retornou SUCESSO. Verificando se o arquivo gerado é um PNG válido.
[2025-11-14 19:10:32] [GENERATE_SIMPLE] INFO: [GENERATE_SIMPLE] Certificado PNG gerado e salvo com sucesso em: /home/u335416710/domains/translators101.com/public_html/v/includes/../certificates/certificate_f1e87fa0-f891-4103-8173-006e0ebcbfe4.png. É um PNG válido.
[2025-11-14 19:10:32] [GENERATE_SIMPLE] SUCESSO: PNG gerado - /home/u335416710/domains/translators101.com/public_html/v/includes/../certificates/certificate_f1e87fa0-f891-4103-8173-006e0ebcbfe4.png
[2025-11-14 19:10:32] [GENERATE_SIMPLE] DEBUG: [GENERATE_SIMPLE] Iniciando geração de PDF T101 CORRIGIDO para ID: f1e87fa0-f891-4103-8173-006e0ebcbfe4
[2025-11-14 19:10:32] [GENERATE_SIMPLE] DEBUG: [GENERATE_SIMPLE] TCPDF encontrado em: /home/u335416710/domains/translators101.com/public_html/v/includes/../vendor/tecnickcom/tcpdf/tcpdf.php
[2025-11-14 19:10:35] [GENERATE_SIMPLE] DEBUG: [GENERATE_SIMPLE] Template T101 oficial aplicado como fundo
[2025-11-14 19:10:35] [GENERATE_SIMPLE] DEBUG: URL de verificação gerada: https://v.translators101.com/verificar_certificado.php?id=f1e87fa0-f891-4103-8173-006e0ebcbfe4
[2025-11-14 19:10:36] [GENERATE_SIMPLE] DEBUG: [GENERATE_SIMPLE] QR Code T101 adicionado ao PDF (posição corrigida)
[2025-11-14 19:10:36] [GENERATE_SIMPLE] SUCESSO: [GENERATE_SIMPLE] PDF T101 CORRIGIDO gerado em: /home/u335416710/domains/translators101.com/public_html/v/includes/../certificates/certificate_f1e87fa0-f891-4103-8173-006e0ebcbfe4.pdf
[2025-11-14 19:10:36] [GENERATE_SIMPLE] SUCESSO: PDF gerado - /home/u335416710/domains/translators101.com/public_html/v/includes/../certificates/certificate_f1e87fa0-f891-4103-8173-006e0ebcbfe4.pdf
[2025-11-14 19:10:36] [GENERATE_SIMPLE] SUCESSO: Certificado gerado - ID: f1e87fa0-f891-4103-8173-006e0ebcbfe4, PNG: SIM, PDF: SIM, Assistido: 28298s de 5880s (481.3%)
[2025-11-14 19:10:46] [PALESTRA] DEBUG: Script palestra.php iniciado.
[2025-11-14 19:10:46] [PALESTRA] DEBUG: Usuário tem permissão.
[2025-11-14 19:10:46] [PALESTRA] DEBUG: ID da palestra recebido: d2b82d6a-c06e-41bb-9579-1ba0859b3ce2
[2025-11-14 19:10:46] [PALESTRA] DEBUG: Palestra 'S03E14 — O tradutor nômade digital — Carmen Reis' encontrada. Duração em minutos: 98
[2025-11-14 19:10:46] [PALESTRA] DEBUG: User ID da sessão ('630d1ae7-22dc-439b-8ff7-1c602c0f0ce3') é válido e existe na tabela 'users'.
[2025-11-14 19:10:46] [PALESTRA] DEBUG: Log existente encontrado. Progresso: 28308s
[2025-11-14 19:10:46] [PALESTRA] DEBUG: Progresso inicial carregado do DB (user_progress_seconds): 28308
[2025-11-14 19:10:46] [PALESTRA] DEBUG: Palestras relacionadas buscadas para categoria ''.
[2025-11-14 19:10:46] [PALESTRA] DEBUG: Verificação de certificado existente para exibição inicial. ID existente: f1e87fa0-f891-4103-8173-006e0ebcbfe4
[2025-11-14 19:10:46] [PALESTRA] DEBUG: Panda Player Div ID extraído do embed: 'panda-d2b82d6a-c06e-41bb-9579-1ba0859b3ce2'
[2025-11-14 16:10:51] [DOWNLOAD] DEBUG: Script download_certificate_files.php iniciado.
[2025-11-14 16:10:51] [DOWNLOAD] DEBUG: ID do certificado recebido: f1e87fa0-f891-4103-8173-006e0ebcbfe4, formato solicitado: png
[2025-11-14 16:10:51] [DOWNLOAD] DEBUG: Dados do certificado encontrados no banco de dados.
[2025-11-14 16:10:51] [DOWNLOAD] DEBUG: Arquivo PNG encontrado: /home/u335416710/domains/translators101.com/public_html/v/certificates/certificate_f1e87fa0-f891-4103-8173-006e0ebcbfe4.png
[2025-11-14 16:10:51] [DOWNLOAD] DEBUG: Preparando download final: Certificado_Rafaela_Franceschini_2025-11-14.png (Tipo: image/png) - Arquivo: /home/u335416710/domains/translators101.com/public_html/v/certificates/certificate_f1e87fa0-f891-4103-8173-006e0ebcbfe4.png
[2025-11-14 16:10:51] [DOWNLOAD] INFO: Arquivo Certificado_Rafaela_Franceschini_2025-11-14.png enviado para download com sucesso.
[2025-11-14 17:45:26] [ADMIN] DEBUG: [ADMIN_GENERATE] Iniciando geração de PNG para ID: 6bd84a08-f82e-4cd1-96cd-23c6bbec8bce
[2025-11-14 17:45:26] [ADMIN] DEBUG: [ADMIN_GENERATE] Conversão UTF-8 aplicada para geração.
[2025-11-14 17:45:26] [ADMIN] DEBUG: [ADMIN_GENERATE] Dimensões do template: Largura=3509, Altura=2481
[2025-11-14 17:45:26] [ADMIN] DEBUG: [ADMIN_GENERATE] Procurando fontes TTF para geração...
[2025-11-14 17:45:26] [ADMIN] DEBUG: [ADMIN_GENERATE] Fonte TTF Bold encontrada em: /home/u335416710/domains/translators101.com/public_html/v/includes/../fonts/DejaVuSans-Bold.ttf
[2025-11-14 17:45:26] [ADMIN] DEBUG: [ADMIN_GENERATE] Fonte TTF padrão encontrada em: /home/u335416710/domains/translators101.com/public_html/v/includes/../fonts/DejaVuSans-Bold.ttf
[2025-11-14 17:45:26] [ADMIN] DEBUG: [ADMIN_GENERATE] Usando imagettftext para geração.
[2025-11-14 17:45:26] [ADMIN] DEBUG: [ADMIN_GENERATE] Nome do usuário adicionado (X: 1299, Y: 1100).
[2025-11-14 17:45:26] [ADMIN] DEBUG: [ADMIN_GENERATE] Processando título: 'S08E38 — As desventuras da legendagem eletrônica nos festivais de cinema' (tamanho: 75 caracteres)
[2025-11-14 17:45:26] [ADMIN] DEBUG: [ADMIN_GENERATE] Título longo detectado - aplicando quebra de linha inteligente
[2025-11-14 17:45:26] [ADMIN] DEBUG: [ADMIN_GENERATE] Linha 1: 'desventuras da legendagem eletrônica nos'
[2025-11-14 17:45:26] [ADMIN] DEBUG: [ADMIN_GENERATE] Linha 2: 'S08E38 — As festivais de cinema'
[2025-11-14 17:45:26] [ADMIN] DEBUG: [ADMIN_GENERATE] Linha 1 adicionada (X: 944.5, Y: 1350)
[2025-11-14 17:45:26] [ADMIN] DEBUG: [ADMIN_GENERATE] Linha 2 adicionada (X: 1140.5, Y: 1410)
[2025-11-14 17:45:26] [ADMIN] DEBUG: [ADMIN_GENERATE] Duração da palestra adicionada (X: 2000, Y: 1570).
[2025-11-14 17:45:26] [ADMIN] DEBUG: [ADMIN_GENERATE] Data de emissão adicionada (X: 850, Y: 2330).
[2025-11-14 17:45:26] [ADMIN] DEBUG: [ADMIN_GENERATE] ID do certificado adicionado (X: 280, Y: 2430).
[2025-11-14 17:45:26] [ADMIN] DEBUG: URL de verificação gerada: https://v.translators101.com/verificar_certificado.php?id=6bd84a08-f82e-4cd1-96cd-23c6bbec8bce
[2025-11-14 17:45:27] [ADMIN] DEBUG: QR Code colado na imagem base.
[2025-11-14 17:45:27] [ADMIN] DEBUG: [ADMIN_GENERATE] QR Code adicionado à imagem durante a geração (X: 2989, Y: 2131, Tamanho: 300).
[2025-11-14 17:45:31] [ADMIN] DEBUG: [ADMIN_GENERATE] imagepng() retornou SUCESSO. Verificando se o arquivo gerado é um PNG válido.
[2025-11-14 17:45:31] [ADMIN] INFO: [ADMIN_GENERATE] Certificado PNG gerado e salvo com sucesso em: /home/u335416710/domains/translators101.com/public_html/v/includes/../certificates/certificate_6bd84a08-f82e-4cd1-96cd-23c6bbec8bce.png. É um PNG válido.
[2025-11-14 17:45:31] [ADMIN] DEBUG: [ADMIN_GENERATE] Iniciando geração de PNG para ID: a82904ed-f889-40e0-a95e-e761e4a20d33
[2025-11-14 17:45:31] [ADMIN] DEBUG: [ADMIN_GENERATE] Conversão UTF-8 aplicada para geração.
[2025-11-14 17:45:31] [ADMIN] DEBUG: [ADMIN_GENERATE] Dimensões do template: Largura=3509, Altura=2481
[2025-11-14 17:45:31] [ADMIN] DEBUG: [ADMIN_GENERATE] Procurando fontes TTF para geração...
[2025-11-14 17:45:31] [ADMIN] DEBUG: [ADMIN_GENERATE] Fonte TTF Bold encontrada em: /home/u335416710/domains/translators101.com/public_html/v/includes/../fonts/DejaVuSans-Bold.ttf
[2025-11-14 17:45:31] [ADMIN] DEBUG: [ADMIN_GENERATE] Fonte TTF padrão encontrada em: /home/u335416710/domains/translators101.com/public_html/v/includes/../fonts/DejaVuSans-Bold.ttf
[2025-11-14 17:45:31] [ADMIN] DEBUG: [ADMIN_GENERATE] Usando imagettftext para geração.
[2025-11-14 17:45:31] [ADMIN] DEBUG: [ADMIN_GENERATE] Nome do usuário adicionado (X: 1299, Y: 1100).
[2025-11-14 17:45:31] [ADMIN] DEBUG: [ADMIN_GENERATE] Processando título: 'S08E37 — Entre o hilário e o caótico: histórias da interpretação que ninguém te conta' (tamanho: 93 caracteres)
[2025-11-14 17:45:31] [ADMIN] DEBUG: [ADMIN_GENERATE] Título longo detectado - aplicando quebra de linha inteligente
[2025-11-14 17:45:31] [ADMIN] DEBUG: [ADMIN_GENERATE] Linha 1: 'S08E37 — Entre o hilário e o caótico: histórias da'
[2025-11-14 17:45:31] [ADMIN] DEBUG: [ADMIN_GENERATE] Linha 2: 'interpretação que ninguém te conta'
[2025-11-14 17:45:31] [ADMIN] DEBUG: [ADMIN_GENERATE] Linha 1 adicionada (X: 833, Y: 1350)
[2025-11-14 17:45:31] [ADMIN] DEBUG: [ADMIN_GENERATE] Linha 2 adicionada (X: 1078.5, Y: 1410)
[2025-11-14 17:45:31] [ADMIN] DEBUG: [ADMIN_GENERATE] Duração da palestra adicionada (X: 2000, Y: 1570).
[2025-11-14 17:45:31] [ADMIN] DEBUG: [ADMIN_GENERATE] Data de emissão adicionada (X: 850, Y: 2330).
[2025-11-14 17:45:31] [ADMIN] DEBUG: [ADMIN_GENERATE] ID do certificado adicionado (X: 280, Y: 2430).
[2025-11-14 17:45:31] [ADMIN] DEBUG: URL de verificação gerada: https://v.translators101.com/verificar_certificado.php?id=a82904ed-f889-40e0-a95e-e761e4a20d33
[2025-11-14 17:45:32] [ADMIN] DEBUG: QR Code colado na imagem base.
[2025-11-14 17:45:32] [ADMIN] DEBUG: [ADMIN_GENERATE] QR Code adicionado à imagem durante a geração (X: 2989, Y: 2131, Tamanho: 300).
[2025-11-14 17:45:36] [ADMIN] DEBUG: [ADMIN_GENERATE] imagepng() retornou SUCESSO. Verificando se o arquivo gerado é um PNG válido.
[2025-11-14 17:45:36] [ADMIN] INFO: [ADMIN_GENERATE] Certificado PNG gerado e salvo com sucesso em: /home/u335416710/domains/translators101.com/public_html/v/includes/../certificates/certificate_a82904ed-f889-40e0-a95e-e761e4a20d33.png. É um PNG válido.
[2025-11-14 17:45:36] [ADMIN] DEBUG: [ADMIN_GENERATE] Iniciando geração de PNG para ID: 6fdf7682-f212-41d6-8d61-fbf8e7b32363
[2025-11-14 17:45:36] [ADMIN] DEBUG: [ADMIN_GENERATE] Conversão UTF-8 aplicada para geração.
[2025-11-14 17:45:36] [ADMIN] DEBUG: [ADMIN_GENERATE] Dimensões do template: Largura=3509, Altura=2481
[2025-11-14 17:45:36] [ADMIN] DEBUG: [ADMIN_GENERATE] Procurando fontes TTF para geração...
[2025-11-14 17:45:36] [ADMIN] DEBUG: [ADMIN_GENERATE] Fonte TTF Bold encontrada em: /home/u335416710/domains/translators101.com/public_html/v/includes/../fonts/DejaVuSans-Bold.ttf
[2025-11-14 17:45:36] [ADMIN] DEBUG: [ADMIN_GENERATE] Fonte TTF padrão encontrada em: /home/u335416710/domains/translators101.com/public_html/v/includes/../fonts/DejaVuSans-Bold.ttf
[2025-11-14 17:45:36] [ADMIN] DEBUG: [ADMIN_GENERATE] Usando imagettftext para geração.
[2025-11-14 17:45:36] [ADMIN] DEBUG: [ADMIN_GENERATE] Nome do usuário adicionado (X: 1299, Y: 1100).
[2025-11-14 17:45:36] [ADMIN] DEBUG: [ADMIN_GENERATE] Processando título: 'Spin-off 25 — Tradução na Área da Saúde: Terminologia e Caminhos para o Mercado Profissional' (tamanho: 98 caracteres)
[2025-11-14 17:45:36] [ADMIN] DEBUG: [ADMIN_GENERATE] Título longo detectado - aplicando quebra de linha inteligente
[2025-11-14 17:45:36] [ADMIN] DEBUG: [ADMIN_GENERATE] Linha 1: 'Spin-off 25 — Tradução na Área da Saúde:'
[2025-11-14 17:45:36] [ADMIN] DEBUG: [ADMIN_GENERATE] Linha 2: 'Terminologia e Caminhos para o Mercado Profissional'
[2025-11-14 17:45:36] [ADMIN] DEBUG: [ADMIN_GENERATE] Linha 1 adicionada (X: 968, Y: 1350)
[2025-11-14 17:45:36] [ADMIN] DEBUG: [ADMIN_GENERATE] Linha 2 adicionada (X: 748.5, Y: 1410)
[2025-11-14 17:45:36] [ADMIN] DEBUG: [ADMIN_GENERATE] Duração da palestra adicionada (X: 2000, Y: 1570).
[2025-11-14 17:45:36] [ADMIN] DEBUG: [ADMIN_GENERATE] Data de emissão adicionada (X: 850, Y: 2330).
[2025-11-14 17:45:36] [ADMIN] DEBUG: [ADMIN_GENERATE] ID do certificado adicionado (X: 280, Y: 2430).
[2025-11-14 17:45:36] [ADMIN] DEBUG: URL de verificação gerada: https://v.translators101.com/verificar_certificado.php?id=6fdf7682-f212-41d6-8d61-fbf8e7b32363
[2025-11-14 17:45:37] [ADMIN] DEBUG: QR Code colado na imagem base.
[2025-11-14 17:45:37] [ADMIN] DEBUG: [ADMIN_GENERATE] QR Code adicionado à imagem durante a geração (X: 2989, Y: 2131, Tamanho: 300).
[2025-11-14 17:45:41] [ADMIN] DEBUG: [ADMIN_GENERATE] imagepng() retornou SUCESSO. Verificando se o arquivo gerado é um PNG válido.
[2025-11-14 17:45:41] [ADMIN] INFO: [ADMIN_GENERATE] Certificado PNG gerado e salvo com sucesso em: /home/u335416710/domains/translators101.com/public_html/v/includes/../certificates/certificate_6fdf7682-f212-41d6-8d61-fbf8e7b32363.png. É um PNG válido.
[2025-11-14 17:58:49] [DOWNLOAD] DEBUG: Script download_certificate_files.php iniciado.
[2025-11-14 17:58:49] [DOWNLOAD] INFO: Usuário não logado. Redirecionando para login.php.
[2025-11-14 17:58:50] [DOWNLOAD] DEBUG: Script download_certificate_files.php iniciado.
[2025-11-14 17:58:50] [DOWNLOAD] INFO: Usuário não logado. Redirecionando para login.php.
[2025-11-14 17:59:02] [DOWNLOAD] DEBUG: Script download_certificate_files.php iniciado.
[2025-11-14 17:59:02] [DOWNLOAD] INFO: Usuário não logado. Redirecionando para login.php.
[2025-11-14 20:59:46] [VIEW] DEBUG: Script view_certificate_files.php iniciado.
[2025-11-14 20:59:46] [VIEW] INFO: Usuário não logado. Redirecionando para login.php.
[2025-11-14 20:59:47] [VIEW] DEBUG: Script view_certificate_files.php iniciado.
[2025-11-14 20:59:47] [VIEW] DEBUG: ID do certificado recebido: 6fdf7682-f212-41d6-8d61-fbf8e7b32363
[2025-11-14 20:59:47] [VIEW] DEBUG: Dados do certificado encontrados no banco de dados para ID: 6fdf7682-f212-41d6-8d61-fbf8e7b32363
[2025-11-14 20:59:47] [VIEW] DEBUG: Arquivo PNG encontrado: /home/u335416710/domains/translators101.com/public_html/v/certificates/certificate_6fdf7682-f212-41d6-8d61-fbf8e7b32363.png
[2025-11-14 20:59:47] [VIEW] DEBUG: Script view_certificate_files.php iniciado.
[2025-11-14 20:59:47] [VIEW] DEBUG: ID do certificado recebido: 6fdf7682-f212-41d6-8d61-fbf8e7b32363
[2025-11-14 20:59:47] [VIEW] DEBUG: Dados do certificado encontrados no banco de dados para ID: 6fdf7682-f212-41d6-8d61-fbf8e7b32363
[2025-11-14 20:59:47] [VIEW] DEBUG: Arquivo PNG encontrado: /home/u335416710/domains/translators101.com/public_html/v/certificates/certificate_6fdf7682-f212-41d6-8d61-fbf8e7b32363.png
[2025-11-14 20:59:47] [VIEW] DEBUG: Mostrando imagem diretamente: Certificado_EulaliaNavarro.png
[2025-11-14 20:59:47] [VIEW] INFO: Imagem PNG enviada para visualização direta.
[2025-11-14 21:00:55] [VIEW] DEBUG: Script view_certificate_files.php iniciado.
[2025-11-14 21:00:55] [VIEW] INFO: Usuário não logado. Redirecionando para login.php.
[2025-11-14 21:04:03] [VIEW] DEBUG: Script view_certificate_files.php iniciado.
[2025-11-14 21:04:03] [VIEW] INFO: Usuário não logado. Redirecionando para login.php.
[2025-11-14 21:04:04] [VIEW] DEBUG: Script view_certificate_files.php iniciado.
[2025-11-14 21:04:04] [VIEW] DEBUG: ID do certificado recebido: a82904ed-f889-40e0-a95e-e761e4a20d33
[2025-11-14 21:04:04] [VIEW] DEBUG: Dados do certificado encontrados no banco de dados para ID: a82904ed-f889-40e0-a95e-e761e4a20d33
[2025-11-14 21:04:04] [VIEW] DEBUG: Arquivo PNG encontrado: /home/u335416710/domains/translators101.com/public_html/v/certificates/certificate_a82904ed-f889-40e0-a95e-e761e4a20d33.png
[2025-11-14 21:04:04] [VIEW] DEBUG: Script view_certificate_files.php iniciado.
[2025-11-14 21:04:04] [VIEW] DEBUG: ID do certificado recebido: a82904ed-f889-40e0-a95e-e761e4a20d33
[2025-11-14 21:04:04] [VIEW] DEBUG: Dados do certificado encontrados no banco de dados para ID: a82904ed-f889-40e0-a95e-e761e4a20d33
[2025-11-14 21:04:04] [VIEW] DEBUG: Arquivo PNG encontrado: /home/u335416710/domains/translators101.com/public_html/v/certificates/certificate_a82904ed-f889-40e0-a95e-e761e4a20d33.png
[2025-11-14 21:04:04] [VIEW] DEBUG: Mostrando imagem diretamente: Certificado_EulaliaNavarro.png
[2025-11-14 21:04:04] [VIEW] INFO: Imagem PNG enviada para visualização direta.
[2025-11-14 21:15:32] [VIEW] DEBUG: Script view_certificate_files.php iniciado.
[2025-11-14 21:15:32] [VIEW] INFO: Usuário não logado. Redirecionando para login.php.
[2025-11-14 21:15:33] [VIEW] DEBUG: Script view_certificate_files.php iniciado.
[2025-11-14 21:15:33] [VIEW] DEBUG: ID do certificado recebido: 6bd84a08-f82e-4cd1-96cd-23c6bbec8bce
[2025-11-14 21:15:33] [VIEW] DEBUG: Dados do certificado encontrados no banco de dados para ID: 6bd84a08-f82e-4cd1-96cd-23c6bbec8bce
[2025-11-14 21:15:33] [VIEW] DEBUG: Arquivo PNG encontrado: /home/u335416710/domains/translators101.com/public_html/v/certificates/certificate_6bd84a08-f82e-4cd1-96cd-23c6bbec8bce.png
[2025-11-14 21:15:33] [VIEW] DEBUG: Script view_certificate_files.php iniciado.
[2025-11-14 21:15:33] [VIEW] DEBUG: ID do certificado recebido: 6bd84a08-f82e-4cd1-96cd-23c6bbec8bce
[2025-11-14 21:15:33] [VIEW] DEBUG: Dados do certificado encontrados no banco de dados para ID: 6bd84a08-f82e-4cd1-96cd-23c6bbec8bce
[2025-11-14 21:15:33] [VIEW] DEBUG: Arquivo PNG encontrado: /home/u335416710/domains/translators101.com/public_html/v/certificates/certificate_6bd84a08-f82e-4cd1-96cd-23c6bbec8bce.png
[2025-11-14 21:15:33] [VIEW] DEBUG: Mostrando imagem diretamente: Certificado_EulaliaNavarro.png
[2025-11-14 21:15:33] [VIEW] INFO: Imagem PNG enviada para visualização direta.
[2025-11-14 21:15:55] [VIEW] DEBUG: Script view_certificate_files.php iniciado.
[2025-11-14 21:15:55] [VIEW] INFO: Usuário não logado. Redirecionando para login.php.
[2025-11-14 18:16:47] [DOWNLOAD] DEBUG: Script download_certificate_files.php iniciado.
[2025-11-14 18:16:47] [DOWNLOAD] INFO: Usuário não logado. Redirecionando para login.php.
[2025-11-14 18:16:48] [DOWNLOAD] DEBUG: Script download_certificate_files.php iniciado.
[2025-11-14 18:16:48] [DOWNLOAD] INFO: Usuário não logado. Redirecionando para login.php.
[2025-11-14 18:16:59] [DOWNLOAD] DEBUG: Script download_certificate_files.php iniciado.
[2025-11-14 18:16:59] [DOWNLOAD] INFO: Usuário não logado. Redirecionando para login.php.
[2025-11-14 21:17:50] [VIEW] DEBUG: Script view_certificate_files.php iniciado.
[2025-11-14 21:17:50] [VIEW] DEBUG: ID do certificado recebido: 6bd84a08-f82e-4cd1-96cd-23c6bbec8bce
[2025-11-14 21:17:50] [VIEW] DEBUG: Dados do certificado encontrados no banco de dados para ID: 6bd84a08-f82e-4cd1-96cd-23c6bbec8bce
[2025-11-14 21:17:50] [VIEW] DEBUG: Arquivo PNG encontrado: /home/u335416710/domains/translators101.com/public_html/v/certificates/certificate_6bd84a08-f82e-4cd1-96cd-23c6bbec8bce.png
[2025-11-14 21:17:50] [VIEW] DEBUG: Script view_certificate_files.php iniciado.
[2025-11-14 21:17:50] [VIEW] DEBUG: ID do certificado recebido: 6bd84a08-f82e-4cd1-96cd-23c6bbec8bce
[2025-11-14 21:17:50] [VIEW] DEBUG: Dados do certificado encontrados no banco de dados para ID: 6bd84a08-f82e-4cd1-96cd-23c6bbec8bce
[2025-11-14 21:17:50] [VIEW] DEBUG: Arquivo PNG encontrado: /home/u335416710/domains/translators101.com/public_html/v/certificates/certificate_6bd84a08-f82e-4cd1-96cd-23c6bbec8bce.png
[2025-11-14 21:17:50] [VIEW] DEBUG: Mostrando imagem diretamente: Certificado_EulaliaNavarro.png
[2025-11-14 21:17:50] [VIEW] INFO: Imagem PNG enviada para visualização direta.
[2025-11-15 14:05:47] [PALESTRA] DEBUG: Script palestra.php iniciado.
[2025-11-15 14:05:47] [PALESTRA] DEBUG: Usuário tem permissão.
[2025-11-15 14:05:47] [PALESTRA] DEBUG: ID da palestra recebido: 58727194-4915-4ec4-9016-2c8cd1d9ea7d
[2025-11-15 14:05:47] [PALESTRA] DEBUG: Palestra 'S08E01 — LinkedIn para Tradutores: O Caminho das Pedras (e os Tiros no Pé) — Karine Souto' encontrada. Duração em minutos: 74
[2025-11-15 14:05:47] [PALESTRA] DEBUG: User ID da sessão ('f4c84ced-9d70-11f0-916e-bad1eb27008a') é válido e existe na tabela 'users'.
[2025-11-15 14:05:47] [PALESTRA] INFO: Novo log de acesso registrado para palestra 'S08E01 — LinkedIn para Tradutores: O Caminho das Pedras (e os Tiros no Pé) — Karine Souto' (User ID: f4c84ced-9d70-11f0-916e-bad1eb27008a).
[2025-11-15 14:05:47] [PALESTRA] DEBUG: Progresso inicial carregado do DB (user_progress_seconds): 0
[2025-11-15 14:05:47] [PALESTRA] DEBUG: Palestras relacionadas buscadas para categoria ''.
[2025-11-15 14:05:47] [PALESTRA] DEBUG: Verificação de certificado existente para exibição inicial. ID existente: Nenhum
[2025-11-15 14:05:47] [PALESTRA] DEBUG: Panda Player Div ID extraído do embed: 'panda-58727194-4915-4ec4-9016-2c8cd1d9ea7d'
[2025-11-15 17:33:01] [PALESTRA] DEBUG: Script palestra.php iniciado.
[2025-11-15 17:33:01] [PALESTRA] DEBUG: Usuário tem permissão.
[2025-11-15 17:33:01] [PALESTRA] DEBUG: ID da palestra recebido: 58727194-4915-4ec4-9016-2c8cd1d9ea7d
[2025-11-15 17:33:01] [PALESTRA] DEBUG: Palestra 'S08E01 — LinkedIn para Tradutores: O Caminho das Pedras (e os Tiros no Pé) — Karine Souto' encontrada. Duração em minutos: 74
[2025-11-15 17:33:01] [PALESTRA] DEBUG: User ID da sessão ('f4c84ced-9d70-11f0-916e-bad1eb27008a') é válido e existe na tabela 'users'.
[2025-11-15 17:33:01] [PALESTRA] DEBUG: Log existente encontrado. Progresso: 1259s
[2025-11-15 17:33:01] [PALESTRA] DEBUG: Progresso inicial carregado do DB (user_progress_seconds): 1259
[2025-11-15 17:33:01] [PALESTRA] DEBUG: Palestras relacionadas buscadas para categoria ''.
[2025-11-15 17:33:01] [PALESTRA] DEBUG: Verificação de certificado existente para exibição inicial. ID existente: Nenhum
[2025-11-15 17:33:01] [PALESTRA] DEBUG: Panda Player Div ID extraído do embed: 'panda-58727194-4915-4ec4-9016-2c8cd1d9ea7d'
[2025-11-15 18:32:20] [GENERATE_SIMPLE] Script generate_simple_certificate.php iniciado
[2025-11-15 18:32:20] [GENERATE_SIMPLE] Dados recebidos - Lecture: 58727194-4915-4ec4-9016-2c8cd1d9ea7d, User: f4c84ced-9d70-11f0-916e-bad1eb27008a, Watched: 4440s
[2025-11-15 18:32:20] [GENERATE_SIMPLE] Iniciando validações simplificadas
[2025-11-15 18:32:20] [GENERATE_SIMPLE] Progresso no DB: 4805s, Enviado pelo cliente: 4440s
[2025-11-15 18:32:20] [GENERATE_SIMPLE] Tempo final considerado: 4805s
[2025-11-15 18:32:20] [GENERATE_SIMPLE] Duração total: 4440s, Requerido (85%): 3774s
[2025-11-15 18:32:20] [GENERATE_SIMPLE] Todas as validações passaram - gerando certificado
[2025-11-15 18:32:20] [GENERATE_SIMPLE] SUCESSO: Certificado inserido no banco - ID: f489bb65-1b46-4136-aedc-22e06e52f825
[2025-11-15 18:32:20] [GENERATE_SIMPLE] DEBUG: [GENERATE_SIMPLE] Iniciando geração de PNG para ID: f489bb65-1b46-4136-aedc-22e06e52f825
[2025-11-15 18:32:20] [GENERATE_SIMPLE] DEBUG: [GENERATE_SIMPLE] Conversão UTF-8 aplicada para geração.
[2025-11-15 18:32:20] [GENERATE_SIMPLE] DEBUG: [GENERATE_SIMPLE] Dimensões do template: Largura=3509, Altura=2481
[2025-11-15 18:32:20] [GENERATE_SIMPLE] DEBUG: [GENERATE_SIMPLE] Procurando fontes TTF para geração...
[2025-11-15 18:32:20] [GENERATE_SIMPLE] DEBUG: [GENERATE_SIMPLE] Fonte TTF Bold encontrada em: /home/u335416710/domains/translators101.com/public_html/v/includes/../fonts/DejaVuSans-Bold.ttf
[2025-11-15 18:32:20] [GENERATE_SIMPLE] DEBUG: [GENERATE_SIMPLE] Fonte TTF padrão encontrada em: /home/u335416710/domains/translators101.com/public_html/v/includes/../fonts/DejaVuSans-Bold.ttf
[2025-11-15 18:32:20] [GENERATE_SIMPLE] DEBUG: [GENERATE_SIMPLE] Usando imagettftext para geração.
[2025-11-15 18:32:20] [GENERATE_SIMPLE] DEBUG: [GENERATE_SIMPLE] Nome do usuário adicionado (X: 1060, Y: 1100).
[2025-11-15 18:32:20] [GENERATE_SIMPLE] DEBUG: [GENERATE_SIMPLE] Processando título: 'S08E01 — LinkedIn para Tradutores: O Caminho das Pedras (e os Tiros no Pé) — Karine Souto' (tamanho: 94 caracteres)
[2025-11-15 18:32:20] [GENERATE_SIMPLE] DEBUG: [GENERATE_SIMPLE] Título longo detectado - aplicando quebra de linha inteligente
[2025-11-15 18:32:20] [GENERATE_SIMPLE] DEBUG: [GENERATE_SIMPLE] Linha 1: 'S08E01 — LinkedIn para Tradutores: O Caminho das'
[2025-11-15 18:32:20] [GENERATE_SIMPLE] DEBUG: [GENERATE_SIMPLE] Linha 2: 'Pedras (e os Tiros no Pé) — Karine Souto'
[2025-11-15 18:32:20] [GENERATE_SIMPLE] DEBUG: [GENERATE_SIMPLE] Linha 1 adicionada (X: 784.5, Y: 1350)
[2025-11-15 18:32:20] [GENERATE_SIMPLE] DEBUG: [GENERATE_SIMPLE] Linha 2 adicionada (X: 989, Y: 1410)
[2025-11-15 18:32:20] [GENERATE_SIMPLE] DEBUG: [GENERATE_SIMPLE] Duração da palestra adicionada (X: 2000, Y: 1570).
[2025-11-15 18:32:20] [GENERATE_SIMPLE] DEBUG: [GENERATE_SIMPLE] Data de emissão adicionada (X: 850, Y: 2330).
[2025-11-15 18:32:20] [GENERATE_SIMPLE] DEBUG: [GENERATE_SIMPLE] ID do certificado adicionado (X: 280, Y: 2430).
[2025-11-15 18:32:20] [GENERATE_SIMPLE] DEBUG: URL de verificação gerada: https://v.translators101.com/verificar_certificado.php?id=f489bb65-1b46-4136-aedc-22e06e52f825
[2025-11-15 18:32:21] [GENERATE_SIMPLE] DEBUG: QR Code colado na imagem base.
[2025-11-15 18:32:21] [GENERATE_SIMPLE] DEBUG: [GENERATE_SIMPLE] QR Code adicionado à imagem durante a geração (X: 2989, Y: 2131, Tamanho: 300).
[2025-11-15 18:32:24] [GENERATE_SIMPLE] DEBUG: [GENERATE_SIMPLE] imagepng() retornou SUCESSO. Verificando se o arquivo gerado é um PNG válido.
[2025-11-15 18:32:24] [GENERATE_SIMPLE] INFO: [GENERATE_SIMPLE] Certificado PNG gerado e salvo com sucesso em: /home/u335416710/domains/translators101.com/public_html/v/includes/../certificates/certificate_f489bb65-1b46-4136-aedc-22e06e52f825.png. É um PNG válido.
[2025-11-15 18:32:24] [GENERATE_SIMPLE] SUCESSO: PNG gerado - /home/u335416710/domains/translators101.com/public_html/v/includes/../certificates/certificate_f489bb65-1b46-4136-aedc-22e06e52f825.png
[2025-11-15 18:32:24] [GENERATE_SIMPLE] DEBUG: [GENERATE_SIMPLE] Iniciando geração de PDF T101 CORRIGIDO para ID: f489bb65-1b46-4136-aedc-22e06e52f825
[2025-11-15 18:32:24] [GENERATE_SIMPLE] DEBUG: [GENERATE_SIMPLE] TCPDF encontrado em: /home/u335416710/domains/translators101.com/public_html/v/includes/../vendor/tecnickcom/tcpdf/tcpdf.php
[2025-11-15 18:32:27] [GENERATE_SIMPLE] DEBUG: [GENERATE_SIMPLE] Template T101 oficial aplicado como fundo
[2025-11-15 18:32:27] [GENERATE_SIMPLE] DEBUG: URL de verificação gerada: https://v.translators101.com/verificar_certificado.php?id=f489bb65-1b46-4136-aedc-22e06e52f825
[2025-11-15 18:32:28] [GENERATE_SIMPLE] DEBUG: [GENERATE_SIMPLE] QR Code T101 adicionado ao PDF (posição corrigida)
[2025-11-15 18:32:28] [GENERATE_SIMPLE] SUCESSO: [GENERATE_SIMPLE] PDF T101 CORRIGIDO gerado em: /home/u335416710/domains/translators101.com/public_html/v/includes/../certificates/certificate_f489bb65-1b46-4136-aedc-22e06e52f825.pdf
[2025-11-15 18:32:28] [GENERATE_SIMPLE] SUCESSO: PDF gerado - /home/u335416710/domains/translators101.com/public_html/v/includes/../certificates/certificate_f489bb65-1b46-4136-aedc-22e06e52f825.pdf
[2025-11-15 18:32:28] [GENERATE_SIMPLE] SUCESSO: Certificado gerado - ID: f489bb65-1b46-4136-aedc-22e06e52f825, PNG: SIM, PDF: SIM, Assistido: 4805s de 4440s (108.2%)
[2025-11-15 18:33:26] [PALESTRA] DEBUG: Script palestra.php iniciado.
[2025-11-15 18:33:26] [PALESTRA] DEBUG: Usuário tem permissão.
[2025-11-15 18:33:26] [PALESTRA] DEBUG: ID da palestra recebido: 4b165de0-6112-40eb-9ae8-59e554f2ba11
[2025-11-15 18:33:26] [PALESTRA] DEBUG: Palestra 'Oficina de LinkedIn I ' encontrada. Duração em minutos: 69
[2025-11-15 18:33:26] [PALESTRA] DEBUG: User ID da sessão ('f4c84ced-9d70-11f0-916e-bad1eb27008a') é válido e existe na tabela 'users'.
[2025-11-15 18:33:26] [PALESTRA] INFO: Novo log de acesso registrado para palestra 'Oficina de LinkedIn I ' (User ID: f4c84ced-9d70-11f0-916e-bad1eb27008a).
[2025-11-15 18:33:26] [PALESTRA] DEBUG: Progresso inicial carregado do DB (user_progress_seconds): 0
[2025-11-15 18:33:26] [PALESTRA] DEBUG: Palestras relacionadas buscadas para categoria ''.
[2025-11-15 18:33:26] [PALESTRA] DEBUG: Verificação de certificado existente para exibição inicial. ID existente: Nenhum
[2025-11-15 18:33:26] [PALESTRA] DEBUG: Panda Player Div ID extraído do embed: 'panda-4b165de0-6112-40eb-9ae8-59e554f2ba11'
[2025-11-15 20:00:39] [GENERATE_SIMPLE] Script generate_simple_certificate.php iniciado
[2025-11-15 20:00:39] [GENERATE_SIMPLE] Dados recebidos - Lecture: 4b165de0-6112-40eb-9ae8-59e554f2ba11, User: f4c84ced-9d70-11f0-916e-bad1eb27008a, Watched: 4140s
[2025-11-15 20:00:39] [GENERATE_SIMPLE] Iniciando validações simplificadas
[2025-11-15 20:00:39] [GENERATE_SIMPLE] Progresso no DB: 5222s, Enviado pelo cliente: 4140s
[2025-11-15 20:00:39] [GENERATE_SIMPLE] Tempo final considerado: 5222s
[2025-11-15 20:00:39] [GENERATE_SIMPLE] Duração total: 4140s, Requerido (85%): 3519s
[2025-11-15 20:00:39] [GENERATE_SIMPLE] Todas as validações passaram - gerando certificado
[2025-11-15 20:00:39] [GENERATE_SIMPLE] SUCESSO: Certificado inserido no banco - ID: de8318e8-9173-4057-a3e4-30bc1f19391a
[2025-11-15 20:00:39] [GENERATE_SIMPLE] DEBUG: [GENERATE_SIMPLE] Iniciando geração de PNG para ID: de8318e8-9173-4057-a3e4-30bc1f19391a
[2025-11-15 20:00:40] [GENERATE_SIMPLE] DEBUG: [GENERATE_SIMPLE] Conversão UTF-8 aplicada para geração.
[2025-11-15 20:00:40] [GENERATE_SIMPLE] DEBUG: [GENERATE_SIMPLE] Dimensões do template: Largura=3509, Altura=2481
[2025-11-15 20:00:40] [GENERATE_SIMPLE] DEBUG: [GENERATE_SIMPLE] Procurando fontes TTF para geração...
[2025-11-15 20:00:40] [GENERATE_SIMPLE] DEBUG: [GENERATE_SIMPLE] Fonte TTF Bold encontrada em: /home/u335416710/domains/translators101.com/public_html/v/includes/../fonts/DejaVuSans-Bold.ttf
[2025-11-15 20:00:40] [GENERATE_SIMPLE] DEBUG: [GENERATE_SIMPLE] Fonte TTF padrão encontrada em: /home/u335416710/domains/translators101.com/public_html/v/includes/../fonts/DejaVuSans-Bold.ttf
[2025-11-15 20:00:40] [GENERATE_SIMPLE] DEBUG: [GENERATE_SIMPLE] Usando imagettftext para geração.
[2025-11-15 20:00:40] [GENERATE_SIMPLE] DEBUG: [GENERATE_SIMPLE] Nome do usuário adicionado (X: 1060, Y: 1100).
[2025-11-15 20:00:40] [GENERATE_SIMPLE] DEBUG: [GENERATE_SIMPLE] Processando título: 'Oficina de LinkedIn I ' (tamanho: 22 caracteres)
[2025-11-15 20:00:40] [GENERATE_SIMPLE] DEBUG: [GENERATE_SIMPLE] Título curto - usando layout centralizado
[2025-11-15 20:00:40] [GENERATE_SIMPLE] DEBUG: [GENERATE_SIMPLE] Título curto centralizado adicionado (X: 1200, Y: 1400)
[2025-11-15 20:00:40] [GENERATE_SIMPLE] DEBUG: [GENERATE_SIMPLE] Duração da palestra adicionada (X: 2000, Y: 1570).
[2025-11-15 20:00:40] [GENERATE_SIMPLE] DEBUG: [GENERATE_SIMPLE] Data de emissão adicionada (X: 850, Y: 2330).
[2025-11-15 20:00:40] [GENERATE_SIMPLE] DEBUG: [GENERATE_SIMPLE] ID do certificado adicionado (X: 280, Y: 2430).
[2025-11-15 20:00:40] [GENERATE_SIMPLE] DEBUG: URL de verificação gerada: https://v.translators101.com/verificar_certificado.php?id=de8318e8-9173-4057-a3e4-30bc1f19391a
[2025-11-15 20:00:41] [GENERATE_SIMPLE] DEBUG: QR Code colado na imagem base.
[2025-11-15 20:00:41] [GENERATE_SIMPLE] DEBUG: [GENERATE_SIMPLE] QR Code adicionado à imagem durante a geração (X: 2989, Y: 2131, Tamanho: 300).
[2025-11-15 20:00:44] [GENERATE_SIMPLE] DEBUG: [GENERATE_SIMPLE] imagepng() retornou SUCESSO. Verificando se o arquivo gerado é um PNG válido.
[2025-11-15 20:00:44] [GENERATE_SIMPLE] INFO: [GENERATE_SIMPLE] Certificado PNG gerado e salvo com sucesso em: /home/u335416710/domains/translators101.com/public_html/v/includes/../certificates/certificate_de8318e8-9173-4057-a3e4-30bc1f19391a.png. É um PNG válido.
[2025-11-15 20:00:44] [GENERATE_SIMPLE] SUCESSO: PNG gerado - /home/u335416710/domains/translators101.com/public_html/v/includes/../certificates/certificate_de8318e8-9173-4057-a3e4-30bc1f19391a.png
[2025-11-15 20:00:44] [GENERATE_SIMPLE] DEBUG: [GENERATE_SIMPLE] Iniciando geração de PDF T101 CORRIGIDO para ID: de8318e8-9173-4057-a3e4-30bc1f19391a
[2025-11-15 20:00:44] [GENERATE_SIMPLE] DEBUG: [GENERATE_SIMPLE] TCPDF encontrado em: /home/u335416710/domains/translators101.com/public_html/v/includes/../vendor/tecnickcom/tcpdf/tcpdf.php
[2025-11-15 20:00:47] [GENERATE_SIMPLE] DEBUG: [GENERATE_SIMPLE] Template T101 oficial aplicado como fundo
[2025-11-15 20:00:47] [GENERATE_SIMPLE] DEBUG: URL de verificação gerada: https://v.translators101.com/verificar_certificado.php?id=de8318e8-9173-4057-a3e4-30bc1f19391a
[2025-11-15 20:00:48] [GENERATE_SIMPLE] DEBUG: [GENERATE_SIMPLE] QR Code T101 adicionado ao PDF (posição corrigida)
[2025-11-15 20:00:48] [GENERATE_SIMPLE] SUCESSO: [GENERATE_SIMPLE] PDF T101 CORRIGIDO gerado em: /home/u335416710/domains/translators101.com/public_html/v/includes/../certificates/certificate_de8318e8-9173-4057-a3e4-30bc1f19391a.pdf
[2025-11-15 20:00:48] [GENERATE_SIMPLE] SUCESSO: PDF gerado - /home/u335416710/domains/translators101.com/public_html/v/includes/../certificates/certificate_de8318e8-9173-4057-a3e4-30bc1f19391a.pdf
[2025-11-15 20:00:48] [GENERATE_SIMPLE] SUCESSO: Certificado gerado - ID: de8318e8-9173-4057-a3e4-30bc1f19391a, PNG: SIM, PDF: SIM, Assistido: 5222s de 4140s (126.1%)
[2025-11-17 17:47:23] [PALESTRA] DEBUG: Script palestra.php iniciado.
[2025-11-17 17:47:23] [PALESTRA] DEBUG: Usuário tem permissão.
[2025-11-17 17:47:23] [PALESTRA] DEBUG: ID da palestra recebido: 4b165de0-6112-40eb-9ae8-59e554f2ba11
[2025-11-17 17:47:23] [PALESTRA] DEBUG: Palestra 'Oficina de LinkedIn I ' encontrada. Duração em minutos: 69
[2025-11-17 17:47:23] [PALESTRA] DEBUG: User ID da sessão ('f4c84ced-9d70-11f0-916e-bad1eb27008a') é válido e existe na tabela 'users'.
[2025-11-17 17:47:23] [PALESTRA] DEBUG: Log existente encontrado. Progresso: 5243s
[2025-11-17 17:47:23] [PALESTRA] DEBUG: Progresso inicial carregado do DB (user_progress_seconds): 5243
[2025-11-17 17:47:23] [PALESTRA] DEBUG: Palestras relacionadas buscadas para categoria ''.
[2025-11-17 17:47:23] [PALESTRA] DEBUG: Verificação de certificado existente para exibição inicial. ID existente: de8318e8-9173-4057-a3e4-30bc1f19391a
[2025-11-17 17:47:23] [PALESTRA] DEBUG: Panda Player Div ID extraído do embed: 'panda-4b165de0-6112-40eb-9ae8-59e554f2ba11'
[2025-11-17 17:47:29] [PALESTRA] DEBUG: Script palestra.php iniciado.
[2025-11-17 17:47:29] [PALESTRA] DEBUG: Usuário tem permissão.
[2025-11-17 17:47:29] [PALESTRA] DEBUG: ID da palestra recebido: e282485d-a9f0-4d08-94c7-a39bacf82e2a
[2025-11-17 17:47:29] [PALESTRA] DEBUG: Palestra 'Oficina de LinkedIn II ' encontrada. Duração em minutos: 61
[2025-11-17 17:47:29] [PALESTRA] DEBUG: User ID da sessão ('f4c84ced-9d70-11f0-916e-bad1eb27008a') é válido e existe na tabela 'users'.
[2025-11-17 17:47:29] [PALESTRA] INFO: Novo log de acesso registrado para palestra 'Oficina de LinkedIn II ' (User ID: f4c84ced-9d70-11f0-916e-bad1eb27008a).
[2025-11-17 17:47:29] [PALESTRA] DEBUG: Progresso inicial carregado do DB (user_progress_seconds): 0
[2025-11-17 17:47:29] [PALESTRA] DEBUG: Palestras relacionadas buscadas para categoria ''.
[2025-11-17 17:47:29] [PALESTRA] DEBUG: Verificação de certificado existente para exibição inicial. ID existente: Nenhum
[2025-11-17 17:47:29] [PALESTRA] DEBUG: Panda Player Div ID extraído do embed: 'panda-e282485d-a9f0-4d08-94c7-a39bacf82e2a'
[2025-11-18 21:11:21] [PALESTRA] DEBUG: Script palestra.php iniciado.
[2025-11-18 21:11:21] [PALESTRA] DEBUG: Usuário tem permissão.
[2025-11-18 21:11:21] [PALESTRA] DEBUG: ID da palestra recebido: 32837365-82e0-4ff3-ba30-3ce220721f5c
[2025-11-18 21:11:21] [PALESTRA] DEBUG: Palestra 'S04E29 — Como aprimorar sua carreira na tradução com o voluntariado — Catherine Christaki e Karen Tkaczyk' encontrada. Duração em minutos: 75
[2025-11-18 21:11:21] [PALESTRA] DEBUG: User ID da sessão ('f4c84ced-9d70-11f0-916e-bad1eb27008a') é válido e existe na tabela 'users'.
[2025-11-18 21:11:21] [PALESTRA] INFO: Novo log de acesso registrado para palestra 'S04E29 — Como aprimorar sua carreira na tradução com o voluntariado — Catherine Christaki e Karen Tkaczyk' (User ID: f4c84ced-9d70-11f0-916e-bad1eb27008a).
[2025-11-18 21:11:21] [PALESTRA] DEBUG: Progresso inicial carregado do DB (user_progress_seconds): 0
[2025-11-18 21:11:21] [PALESTRA] DEBUG: Palestras relacionadas buscadas para categoria ''.
[2025-11-18 21:11:21] [PALESTRA] DEBUG: Verificação de certificado existente para exibição inicial. ID existente: Nenhum
[2025-11-18 21:11:21] [PALESTRA] DEBUG: Panda Player Div ID extraído do embed: 'panda-32837365-82e0-4ff3-ba30-3ce220721f5c'
[2025-11-18 23:18:22] [GENERATE_SIMPLE] Script generate_simple_certificate.php iniciado
[2025-11-18 23:18:22] [GENERATE_SIMPLE] Dados recebidos - Lecture: 32837365-82e0-4ff3-ba30-3ce220721f5c, User: f4c84ced-9d70-11f0-916e-bad1eb27008a, Watched: 4500s
[2025-11-18 23:18:22] [GENERATE_SIMPLE] Iniciando validações simplificadas
[2025-11-18 23:18:22] [GENERATE_SIMPLE] Progresso no DB: 7610s, Enviado pelo cliente: 4500s
[2025-11-18 23:18:22] [GENERATE_SIMPLE] Tempo final considerado: 7610s
[2025-11-18 23:18:22] [GENERATE_SIMPLE] Duração total: 4500s, Requerido (85%): 3825s
[2025-11-18 23:18:22] [GENERATE_SIMPLE] Todas as validações passaram - gerando certificado
[2025-11-18 23:18:22] [GENERATE_SIMPLE] SUCESSO: Certificado inserido no banco - ID: 63726f06-2f98-4bc8-80de-b61604061f06
[2025-11-18 23:18:22] [GENERATE_SIMPLE] DEBUG: [GENERATE_SIMPLE] Iniciando geração de PNG para ID: 63726f06-2f98-4bc8-80de-b61604061f06
[2025-11-18 23:18:22] [GENERATE_SIMPLE] DEBUG: [GENERATE_SIMPLE] Conversão UTF-8 aplicada para geração.
[2025-11-18 23:18:22] [GENERATE_SIMPLE] DEBUG: [GENERATE_SIMPLE] Dimensões do template: Largura=3509, Altura=2481
[2025-11-18 23:18:22] [GENERATE_SIMPLE] DEBUG: [GENERATE_SIMPLE] Procurando fontes TTF para geração...
[2025-11-18 23:18:22] [GENERATE_SIMPLE] DEBUG: [GENERATE_SIMPLE] Fonte TTF Bold encontrada em: /home/u335416710/domains/translators101.com/public_html/v/includes/../fonts/DejaVuSans-Bold.ttf
[2025-11-18 23:18:22] [GENERATE_SIMPLE] DEBUG: [GENERATE_SIMPLE] Fonte TTF padrão encontrada em: /home/u335416710/domains/translators101.com/public_html/v/includes/../fonts/DejaVuSans-Bold.ttf
[2025-11-18 23:18:22] [GENERATE_SIMPLE] DEBUG: [GENERATE_SIMPLE] Usando imagettftext para geração.
[2025-11-18 23:18:22] [GENERATE_SIMPLE] DEBUG: [GENERATE_SIMPLE] Nome do usuário adicionado (X: 1060, Y: 1100).
[2025-11-18 23:18:22] [GENERATE_SIMPLE] DEBUG: [GENERATE_SIMPLE] Processando título: 'S04E29 — Como aprimorar sua carreira na tradução com o voluntariado — Catherine Christaki e Karen Tkaczyk' (tamanho: 111 caracteres)
[2025-11-18 23:18:22] [GENERATE_SIMPLE] DEBUG: [GENERATE_SIMPLE] Título longo detectado - aplicando quebra de linha inteligente
[2025-11-18 23:18:22] [GENERATE_SIMPLE] DEBUG: [GENERATE_SIMPLE] Linha 1: 'S04E29 — Como aprimorar sua carreira na tradução'
[2025-11-18 23:18:22] [GENERATE_SIMPLE] DEBUG: [GENERATE_SIMPLE] Linha 2: 'com o voluntariado — Catherine Christaki e Karen Tkaczyk'
[2025-11-18 23:18:22] [GENERATE_SIMPLE] DEBUG: [GENERATE_SIMPLE] Linha 1 adicionada (X: 784.5, Y: 1350)
[2025-11-18 23:18:22] [GENERATE_SIMPLE] DEBUG: [GENERATE_SIMPLE] Linha 2 adicionada (X: 657.5, Y: 1410)
[2025-11-18 23:18:22] [GENERATE_SIMPLE] DEBUG: [GENERATE_SIMPLE] Duração da palestra adicionada (X: 2000, Y: 1570).
[2025-11-18 23:18:22] [GENERATE_SIMPLE] DEBUG: [GENERATE_SIMPLE] Data de emissão adicionada (X: 850, Y: 2330).
[2025-11-18 23:18:22] [GENERATE_SIMPLE] DEBUG: [GENERATE_SIMPLE] ID do certificado adicionado (X: 280, Y: 2430).
[2025-11-18 23:18:22] [GENERATE_SIMPLE] DEBUG: URL de verificação gerada: https://v.translators101.com/verificar_certificado.php?id=63726f06-2f98-4bc8-80de-b61604061f06
[2025-11-18 23:18:23] [GENERATE_SIMPLE] DEBUG: QR Code colado na imagem base.
[2025-11-18 23:18:23] [GENERATE_SIMPLE] DEBUG: [GENERATE_SIMPLE] QR Code adicionado à imagem durante a geração (X: 2989, Y: 2131, Tamanho: 300).
[2025-11-18 23:18:26] [GENERATE_SIMPLE] DEBUG: [GENERATE_SIMPLE] imagepng() retornou SUCESSO. Verificando se o arquivo gerado é um PNG válido.
[2025-11-18 23:18:26] [GENERATE_SIMPLE] INFO: [GENERATE_SIMPLE] Certificado PNG gerado e salvo com sucesso em: /home/u335416710/domains/translators101.com/public_html/v/includes/../certificates/certificate_63726f06-2f98-4bc8-80de-b61604061f06.png. É um PNG válido.
[2025-11-18 23:18:26] [GENERATE_SIMPLE] SUCESSO: PNG gerado - /home/u335416710/domains/translators101.com/public_html/v/includes/../certificates/certificate_63726f06-2f98-4bc8-80de-b61604061f06.png
[2025-11-18 23:18:26] [GENERATE_SIMPLE] DEBUG: [GENERATE_SIMPLE] Iniciando geração de PDF T101 CORRIGIDO para ID: 63726f06-2f98-4bc8-80de-b61604061f06
[2025-11-18 23:18:26] [GENERATE_SIMPLE] DEBUG: [GENERATE_SIMPLE] TCPDF encontrado em: /home/u335416710/domains/translators101.com/public_html/v/includes/../vendor/tecnickcom/tcpdf/tcpdf.php
[2025-11-18 23:18:29] [GENERATE_SIMPLE] DEBUG: [GENERATE_SIMPLE] Template T101 oficial aplicado como fundo
[2025-11-18 23:18:29] [GENERATE_SIMPLE] DEBUG: URL de verificação gerada: https://v.translators101.com/verificar_certificado.php?id=63726f06-2f98-4bc8-80de-b61604061f06
[2025-11-18 23:18:30] [GENERATE_SIMPLE] DEBUG: [GENERATE_SIMPLE] QR Code T101 adicionado ao PDF (posição corrigida)
[2025-11-18 23:18:30] [GENERATE_SIMPLE] SUCESSO: [GENERATE_SIMPLE] PDF T101 CORRIGIDO gerado em: /home/u335416710/domains/translators101.com/public_html/v/includes/../certificates/certificate_63726f06-2f98-4bc8-80de-b61604061f06.pdf
[2025-11-18 23:18:30] [GENERATE_SIMPLE] SUCESSO: PDF gerado - /home/u335416710/domains/translators101.com/public_html/v/includes/../certificates/certificate_63726f06-2f98-4bc8-80de-b61604061f06.pdf
[2025-11-18 23:18:30] [GENERATE_SIMPLE] SUCESSO: Certificado gerado - ID: 63726f06-2f98-4bc8-80de-b61604061f06, PNG: SIM, PDF: SIM, Assistido: 7610s de 4500s (169.1%)
[2025-11-19 01:07:29] [VIEW] DEBUG: Script view_certificate_files.php iniciado.
[2025-11-19 01:07:29] [VIEW] DEBUG: ID do certificado recebido: cert_4b2f3b2d53c1ceda
[2025-11-19 01:07:29] [VIEW] DEBUG: Dados do certificado encontrados no banco de dados para ID: cert_4b2f3b2d53c1ceda
[2025-11-19 01:07:29] [VIEW] DEBUG: Arquivo PNG encontrado: /home/u335416710/domains/translators101.com/public_html/v/certificates/certificate_cert_4b2f3b2d53c1ceda.png
[2025-11-19 01:07:30] [VIEW] DEBUG: Script view_certificate_files.php iniciado.
[2025-11-19 01:07:30] [VIEW] DEBUG: ID do certificado recebido: cert_4b2f3b2d53c1ceda
[2025-11-19 01:07:30] [VIEW] DEBUG: Dados do certificado encontrados no banco de dados para ID: cert_4b2f3b2d53c1ceda
[2025-11-19 01:07:30] [VIEW] DEBUG: Arquivo PNG encontrado: /home/u335416710/domains/translators101.com/public_html/v/certificates/certificate_cert_4b2f3b2d53c1ceda.png
[2025-11-19 01:07:30] [VIEW] DEBUG: Mostrando imagem diretamente: Certificado_AlineAmadodaSilvaCordeiro.png
[2025-11-19 01:07:30] [VIEW] INFO: Imagem PNG enviada para visualização direta.
[2025-11-18 22:07:43] [DOWNLOAD] DEBUG: Script download_certificate_files.php iniciado.
[2025-11-18 22:07:43] [DOWNLOAD] DEBUG: ID do certificado recebido: cert_4b2f3b2d53c1ceda, formato solicitado: pdf
[2025-11-18 22:07:43] [DOWNLOAD] DEBUG: Dados do certificado encontrados no banco de dados.
[2025-11-18 22:07:43] [DOWNLOAD] DEBUG: Arquivo PNG encontrado: /home/u335416710/domains/translators101.com/public_html/v/certificates/certificate_cert_4b2f3b2d53c1ceda.png
[2025-11-18 22:07:43] [DOWNLOAD] DEBUG: Iniciando conversão PNG para PDF: /home/u335416710/domains/translators101.com/public_html/v/certificates/certificate_cert_4b2f3b2d53c1ceda.png -> /home/u335416710/domains/translators101.com/public_html/v/certificates/certificate_cert_4b2f3b2d53c1ceda_converted.pdf
[2025-11-18 22:07:43] [DOWNLOAD] SUCESSO: PDF criado com TCPDF: /home/u335416710/domains/translators101.com/public_html/v/certificates/certificate_cert_4b2f3b2d53c1ceda_converted.pdf
[2025-11-18 22:07:43] [DOWNLOAD] DEBUG: PNG convertido para PDF com sucesso: /home/u335416710/domains/translators101.com/public_html/v/certificates/certificate_cert_4b2f3b2d53c1ceda_converted.pdf
[2025-11-18 22:07:43] [DOWNLOAD] DEBUG: Preparando download final: Certificado_Aline_Amado_da_Silva_Cordeiro_2025-11-18.pdf (Tipo: application/pdf) - Arquivo: /home/u335416710/domains/translators101.com/public_html/v/certificates/certificate_cert_4b2f3b2d53c1ceda_converted.pdf
[2025-11-18 22:07:43] [DOWNLOAD] INFO: Arquivo Certificado_Aline_Amado_da_Silva_Cordeiro_2025-11-18.pdf enviado para download com sucesso.
[2025-11-19 01:08:18] [VIEW] DEBUG: Script view_certificate_files.php iniciado.
[2025-11-19 01:08:18] [VIEW] DEBUG: ID do certificado recebido: cert_f737c9bae79224be
[2025-11-19 01:08:18] [VIEW] DEBUG: Dados do certificado encontrados no banco de dados para ID: cert_f737c9bae79224be
[2025-11-19 01:08:18] [VIEW] DEBUG: Arquivo PNG encontrado: /home/u335416710/domains/translators101.com/public_html/v/certificates/certificate_cert_f737c9bae79224be.png
[2025-11-19 01:08:18] [VIEW] DEBUG: Script view_certificate_files.php iniciado.
[2025-11-19 01:08:18] [VIEW] DEBUG: ID do certificado recebido: cert_f737c9bae79224be
[2025-11-19 01:08:18] [VIEW] DEBUG: Dados do certificado encontrados no banco de dados para ID: cert_f737c9bae79224be
[2025-11-19 01:08:18] [VIEW] DEBUG: Arquivo PNG encontrado: /home/u335416710/domains/translators101.com/public_html/v/certificates/certificate_cert_f737c9bae79224be.png
[2025-11-19 01:08:18] [VIEW] DEBUG: Mostrando imagem diretamente: Certificado_AlineAmadodaSilvaCordeiro.png
[2025-11-19 01:08:18] [VIEW] INFO: Imagem PNG enviada para visualização direta.
[2025-11-18 22:08:26] [DOWNLOAD] DEBUG: Script download_certificate_files.php iniciado.
[2025-11-18 22:08:26] [DOWNLOAD] DEBUG: ID do certificado recebido: cert_f737c9bae79224be, formato solicitado: pdf
[2025-11-18 22:08:26] [DOWNLOAD] DEBUG: Dados do certificado encontrados no banco de dados.
[2025-11-18 22:08:26] [DOWNLOAD] DEBUG: Arquivo PNG encontrado: /home/u335416710/domains/translators101.com/public_html/v/certificates/certificate_cert_f737c9bae79224be.png
[2025-11-18 22:08:26] [DOWNLOAD] DEBUG: Iniciando conversão PNG para PDF: /home/u335416710/domains/translators101.com/public_html/v/certificates/certificate_cert_f737c9bae79224be.png -> /home/u335416710/domains/translators101.com/public_html/v/certificates/certificate_cert_f737c9bae79224be_converted.pdf
[2025-11-18 22:08:26] [DOWNLOAD] SUCESSO: PDF criado com TCPDF: /home/u335416710/domains/translators101.com/public_html/v/certificates/certificate_cert_f737c9bae79224be_converted.pdf
[2025-11-18 22:08:26] [DOWNLOAD] DEBUG: PNG convertido para PDF com sucesso: /home/u335416710/domains/translators101.com/public_html/v/certificates/certificate_cert_f737c9bae79224be_converted.pdf
[2025-11-18 22:08:26] [DOWNLOAD] DEBUG: Preparando download final: Certificado_Aline_Amado_da_Silva_Cordeiro_2025-11-18.pdf (Tipo: application/pdf) - Arquivo: /home/u335416710/domains/translators101.com/public_html/v/certificates/certificate_cert_f737c9bae79224be_converted.pdf
[2025-11-18 22:08:26] [DOWNLOAD] INFO: Arquivo Certificado_Aline_Amado_da_Silva_Cordeiro_2025-11-18.pdf enviado para download com sucesso.
[2025-11-19 20:31:39] [PALESTRA] DEBUG: Script palestra.php iniciado.
[2025-11-19 20:31:39] [PALESTRA] DEBUG: Usuário tem permissão.
[2025-11-19 20:31:39] [PALESTRA] DEBUG: ID da palestra recebido: 1477af40-2166-428b-b98c-70477ab08e72
[2025-11-19 20:31:39] [PALESTRA] DEBUG: Palestra 'S04E05 — Afinal, o que é gramática? — Amanda Moura' encontrada. Duração em minutos: 140
[2025-11-19 20:31:39] [PALESTRA] DEBUG: User ID da sessão ('f4c84ced-9d70-11f0-916e-bad1eb27008a') é válido e existe na tabela 'users'.
[2025-11-19 20:31:39] [PALESTRA] INFO: Novo log de acesso registrado para palestra 'S04E05 — Afinal, o que é gramática? — Amanda Moura' (User ID: f4c84ced-9d70-11f0-916e-bad1eb27008a).
[2025-11-19 20:31:39] [PALESTRA] DEBUG: Progresso inicial carregado do DB (user_progress_seconds): 0
[2025-11-19 20:31:39] [PALESTRA] DEBUG: Palestras relacionadas buscadas para categoria ''.
[2025-11-19 20:31:39] [PALESTRA] DEBUG: Verificação de certificado existente para exibição inicial. ID existente: Nenhum
[2025-11-19 20:31:39] [PALESTRA] DEBUG: Panda Player Div ID extraído do embed: 'panda-1477af40-2166-428b-b98c-70477ab08e72'
[2025-11-19 23:13:03] [VIEW] DEBUG: Script view_certificate_files.php iniciado.
[2025-11-19 23:13:03] [VIEW] DEBUG: ID do certificado recebido: e47f07ae-7193-48f4-91f6-bd496c660e73
[2025-11-19 23:13:03] [VIEW] DEBUG: Dados do certificado encontrados no banco de dados para ID: e47f07ae-7193-48f4-91f6-bd496c660e73
[2025-11-19 23:13:25] [VIEW] DEBUG: Script view_certificate_files.php iniciado.
[2025-11-19 23:13:25] [VIEW] DEBUG: ID do certificado recebido: 7da3b5af-add7-4fb4-9a46-2d26658c2a4f
[2025-11-19 23:13:25] [VIEW] DEBUG: Dados do certificado encontrados no banco de dados para ID: 7da3b5af-add7-4fb4-9a46-2d26658c2a4f
[2025-11-19 23:13:25] [VIEW] DEBUG: Arquivo PNG encontrado: /home/u335416710/domains/translators101.com/public_html/v/certificates/certificate_7da3b5af-add7-4fb4-9a46-2d26658c2a4f.png
[2025-11-19 23:13:25] [VIEW] DEBUG: Script view_certificate_files.php iniciado.
[2025-11-19 23:13:25] [VIEW] DEBUG: ID do certificado recebido: 7da3b5af-add7-4fb4-9a46-2d26658c2a4f
[2025-11-19 23:13:25] [VIEW] DEBUG: Dados do certificado encontrados no banco de dados para ID: 7da3b5af-add7-4fb4-9a46-2d26658c2a4f
[2025-11-19 23:13:25] [VIEW] DEBUG: Arquivo PNG encontrado: /home/u335416710/domains/translators101.com/public_html/v/certificates/certificate_7da3b5af-add7-4fb4-9a46-2d26658c2a4f.png
[2025-11-19 23:13:25] [VIEW] DEBUG: Mostrando imagem diretamente: Certificado_WilliamCassemiro.png
[2025-11-19 23:13:25] [VIEW] INFO: Imagem PNG enviada para visualização direta.
[2025-11-19 20:14:17] [DOWNLOAD] DEBUG: Script download_certificate_files.php iniciado.
[2025-11-19 20:14:17] [DOWNLOAD] DEBUG: ID do certificado recebido: 7da3b5af-add7-4fb4-9a46-2d26658c2a4f, formato solicitado: pdf
[2025-11-19 20:14:17] [DOWNLOAD] DEBUG: Dados do certificado encontrados no banco de dados.
[2025-11-19 20:14:17] [DOWNLOAD] DEBUG: Arquivo PNG encontrado: /home/u335416710/domains/translators101.com/public_html/v/certificates/certificate_7da3b5af-add7-4fb4-9a46-2d26658c2a4f.png
[2025-11-19 20:14:17] [DOWNLOAD] DEBUG: Iniciando conversão PNG para PDF: /home/u335416710/domains/translators101.com/public_html/v/certificates/certificate_7da3b5af-add7-4fb4-9a46-2d26658c2a4f.png -> /home/u335416710/domains/translators101.com/public_html/v/certificates/certificate_7da3b5af-add7-4fb4-9a46-2d26658c2a4f_converted.pdf
[2025-11-19 20:14:17] [DOWNLOAD] SUCESSO: PDF criado com TCPDF: /home/u335416710/domains/translators101.com/public_html/v/certificates/certificate_7da3b5af-add7-4fb4-9a46-2d26658c2a4f_converted.pdf
[2025-11-19 20:14:17] [DOWNLOAD] DEBUG: PNG convertido para PDF com sucesso: /home/u335416710/domains/translators101.com/public_html/v/certificates/certificate_7da3b5af-add7-4fb4-9a46-2d26658c2a4f_converted.pdf
[2025-11-19 20:14:17] [DOWNLOAD] DEBUG: Preparando download final: Certificado_William_Cassemiro_2025-11-19.pdf (Tipo: application/pdf) - Arquivo: /home/u335416710/domains/translators101.com/public_html/v/certificates/certificate_7da3b5af-add7-4fb4-9a46-2d26658c2a4f_converted.pdf
[2025-11-19 20:14:17] [DOWNLOAD] INFO: Arquivo Certificado_William_Cassemiro_2025-11-19.pdf enviado para download com sucesso.
[2025-11-20 12:35:50] [ADMIN] DEBUG: [ADMIN_GENERATE] Iniciando geração de PNG para ID: ad96246e-da87-4ca5-8b5f-5deb2dd205e3
[2025-11-20 12:35:50] [ADMIN] DEBUG: [ADMIN_GENERATE] Conversão UTF-8 aplicada para geração.
[2025-11-20 12:35:50] [ADMIN] DEBUG: [ADMIN_GENERATE] Dimensões do template: Largura=3509, Altura=2481
[2025-11-20 12:35:50] [ADMIN] DEBUG: [ADMIN_GENERATE] Procurando fontes TTF para geração...
[2025-11-20 12:35:50] [ADMIN] DEBUG: [ADMIN_GENERATE] Fonte TTF Bold encontrada em: /home/u335416710/domains/translators101.com/public_html/v/includes/../fonts/DejaVuSans-Bold.ttf
[2025-11-20 12:35:50] [ADMIN] DEBUG: [ADMIN_GENERATE] Fonte TTF padrão encontrada em: /home/u335416710/domains/translators101.com/public_html/v/includes/../fonts/DejaVuSans-Bold.ttf
[2025-11-20 12:35:50] [ADMIN] DEBUG: [ADMIN_GENERATE] Usando imagettftext para geração.
[2025-11-20 12:35:50] [ADMIN] DEBUG: [ADMIN_GENERATE] Nome do usuário adicionado (X: 1203, Y: 1100).
[2025-11-20 12:35:50] [ADMIN] DEBUG: [ADMIN_GENERATE] Processando título: 'S08E39 — Falsos amigos: como identificá-los e estratégias para traduzi-los' (tamanho: 78 caracteres)
[2025-11-20 12:35:50] [ADMIN] DEBUG: [ADMIN_GENERATE] Título longo detectado - aplicando quebra de linha inteligente
[2025-11-20 12:35:50] [ADMIN] DEBUG: [ADMIN_GENERATE] Linha 1: 'S08E39 — Falsos amigos: como identificá-los e'
[2025-11-20 12:35:50] [ADMIN] DEBUG: [ADMIN_GENERATE] Linha 2: 'estratégias para traduzi-los'
[2025-11-20 12:35:50] [ADMIN] DEBUG: [ADMIN_GENERATE] Linha 1 adicionada (X: 882, Y: 1350)
[2025-11-20 12:35:50] [ADMIN] DEBUG: [ADMIN_GENERATE] Linha 2 adicionada (X: 1234, Y: 1410)
[2025-11-20 12:35:50] [ADMIN] DEBUG: [ADMIN_GENERATE] Duração da palestra adicionada (X: 2000, Y: 1570).
[2025-11-20 12:35:50] [ADMIN] DEBUG: [ADMIN_GENERATE] Data de emissão adicionada (X: 850, Y: 2330).
[2025-11-20 12:35:50] [ADMIN] DEBUG: [ADMIN_GENERATE] ID do certificado adicionado (X: 280, Y: 2430).
[2025-11-20 12:35:50] [ADMIN] DEBUG: URL de verificação gerada: https://v.translators101.com/verificar_certificado.php?id=ad96246e-da87-4ca5-8b5f-5deb2dd205e3
[2025-11-20 12:35:51] [ADMIN] DEBUG: QR Code colado na imagem base.
[2025-11-20 12:35:51] [ADMIN] DEBUG: [ADMIN_GENERATE] QR Code adicionado à imagem durante a geração (X: 2989, Y: 2131, Tamanho: 300).
[2025-11-20 12:35:54] [ADMIN] DEBUG: [ADMIN_GENERATE] imagepng() retornou SUCESSO. Verificando se o arquivo gerado é um PNG válido.
[2025-11-20 12:35:54] [ADMIN] INFO: [ADMIN_GENERATE] Certificado PNG gerado e salvo com sucesso em: /home/u335416710/domains/translators101.com/public_html/v/includes/../certificates/certificate_ad96246e-da87-4ca5-8b5f-5deb2dd205e3.png. É um PNG válido.
[2025-11-20 15:36:13] [VIEW] DEBUG: Script view_certificate_files.php iniciado.
[2025-11-20 15:36:13] [VIEW] DEBUG: ID do certificado recebido: ad96246e-da87-4ca5-8b5f-5deb2dd205e3
[2025-11-20 15:36:13] [VIEW] DEBUG: Dados do certificado encontrados no banco de dados para ID: ad96246e-da87-4ca5-8b5f-5deb2dd205e3
[2025-11-20 15:36:13] [VIEW] DEBUG: Arquivo PNG encontrado: /home/u335416710/domains/translators101.com/public_html/v/certificates/certificate_ad96246e-da87-4ca5-8b5f-5deb2dd205e3.png
[2025-11-20 15:36:13] [VIEW] DEBUG: Script view_certificate_files.php iniciado.
[2025-11-20 15:36:13] [VIEW] DEBUG: ID do certificado recebido: ad96246e-da87-4ca5-8b5f-5deb2dd205e3
[2025-11-20 15:36:13] [VIEW] DEBUG: Dados do certificado encontrados no banco de dados para ID: ad96246e-da87-4ca5-8b5f-5deb2dd205e3
[2025-11-20 15:36:13] [VIEW] DEBUG: Arquivo PNG encontrado: /home/u335416710/domains/translators101.com/public_html/v/certificates/certificate_ad96246e-da87-4ca5-8b5f-5deb2dd205e3.png
[2025-11-20 15:36:13] [VIEW] DEBUG: Mostrando imagem diretamente: Certificado_WilliamCassemiro.png
[2025-11-20 15:36:13] [VIEW] INFO: Imagem PNG enviada para visualização direta.
[2025-11-20 12:37:04] [ADMIN] DEBUG: [ADMIN_GENERATE] Iniciando geração de PNG para ID: 0ac4076d-8aa4-4a7b-9ce4-00fe2599b7aa
[2025-11-20 12:37:04] [ADMIN] DEBUG: [ADMIN_GENERATE] Conversão UTF-8 aplicada para geração.
[2025-11-20 12:37:04] [ADMIN] DEBUG: [ADMIN_GENERATE] Dimensões do template: Largura=3509, Altura=2481
[2025-11-20 12:37:04] [ADMIN] DEBUG: [ADMIN_GENERATE] Procurando fontes TTF para geração...
[2025-11-20 12:37:04] [ADMIN] DEBUG: [ADMIN_GENERATE] Fonte TTF Bold encontrada em: /home/u335416710/domains/translators101.com/public_html/v/includes/../fonts/DejaVuSans-Bold.ttf
[2025-11-20 12:37:04] [ADMIN] DEBUG: [ADMIN_GENERATE] Fonte TTF padrão encontrada em: /home/u335416710/domains/translators101.com/public_html/v/includes/../fonts/DejaVuSans-Bold.ttf
[2025-11-20 12:37:04] [ADMIN] DEBUG: [ADMIN_GENERATE] Usando imagettftext para geração.
[2025-11-20 12:37:04] [ADMIN] DEBUG: [ADMIN_GENERATE] Nome do usuário adicionado (X: 1037, Y: 1100).
[2025-11-20 12:37:04] [ADMIN] DEBUG: [ADMIN_GENERATE] Processando título: 'S08E39 — Falsos amigos: como identificá-los e estratégias para traduzi-los' (tamanho: 78 caracteres)
[2025-11-20 12:37:04] [ADMIN] DEBUG: [ADMIN_GENERATE] Título longo detectado - aplicando quebra de linha inteligente
[2025-11-20 12:37:04] [ADMIN] DEBUG: [ADMIN_GENERATE] Linha 1: 'S08E39 — Falsos amigos: como identificá-los e'
[2025-11-20 12:37:04] [ADMIN] DEBUG: [ADMIN_GENERATE] Linha 2: 'estratégias para traduzi-los'
[2025-11-20 12:37:04] [ADMIN] DEBUG: [ADMIN_GENERATE] Linha 1 adicionada (X: 882, Y: 1350)
[2025-11-20 12:37:04] [ADMIN] DEBUG: [ADMIN_GENERATE] Linha 2 adicionada (X: 1234, Y: 1410)
[2025-11-20 12:37:04] [ADMIN] DEBUG: [ADMIN_GENERATE] Duração da palestra adicionada (X: 2000, Y: 1570).
[2025-11-20 12:37:04] [ADMIN] DEBUG: [ADMIN_GENERATE] Data de emissão adicionada (X: 850, Y: 2330).
[2025-11-20 12:37:04] [ADMIN] DEBUG: [ADMIN_GENERATE] ID do certificado adicionado (X: 280, Y: 2430).
[2025-11-20 12:37:04] [ADMIN] DEBUG: URL de verificação gerada: https://v.translators101.com/verificar_certificado.php?id=0ac4076d-8aa4-4a7b-9ce4-00fe2599b7aa
[2025-11-20 12:37:05] [ADMIN] DEBUG: QR Code colado na imagem base.
[2025-11-20 12:37:05] [ADMIN] DEBUG: [ADMIN_GENERATE] QR Code adicionado à imagem durante a geração (X: 2989, Y: 2131, Tamanho: 300).
[2025-11-20 12:37:09] [ADMIN] DEBUG: [ADMIN_GENERATE] imagepng() retornou SUCESSO. Verificando se o arquivo gerado é um PNG válido.
[2025-11-20 12:37:09] [ADMIN] INFO: [ADMIN_GENERATE] Certificado PNG gerado e salvo com sucesso em: /home/u335416710/domains/translators101.com/public_html/v/includes/../certificates/certificate_0ac4076d-8aa4-4a7b-9ce4-00fe2599b7aa.png. É um PNG válido.
[2025-11-20 13:11:23] [ADMIN] DEBUG: [ADMIN_GENERATE] Iniciando geração de PNG para ID: 7ddc697f-5191-4e72-afff-f8a1a805e568
[2025-11-20 13:11:24] [ADMIN] DEBUG: [ADMIN_GENERATE] Conversão UTF-8 aplicada para geração.
[2025-11-20 13:11:24] [ADMIN] DEBUG: [ADMIN_GENERATE] Dimensões do template: Largura=3509, Altura=2481
[2025-11-20 13:11:24] [ADMIN] DEBUG: [ADMIN_GENERATE] Procurando fontes TTF para geração...
[2025-11-20 13:11:24] [ADMIN] DEBUG: [ADMIN_GENERATE] Fonte TTF Bold encontrada em: /home/u335416710/domains/translators101.com/public_html/v/includes/../fonts/DejaVuSans-Bold.ttf
[2025-11-20 13:11:24] [ADMIN] DEBUG: [ADMIN_GENERATE] Fonte TTF padrão encontrada em: /home/u335416710/domains/translators101.com/public_html/v/includes/../fonts/DejaVuSans-Bold.ttf
[2025-11-20 13:11:24] [ADMIN] DEBUG: [ADMIN_GENERATE] Usando imagettftext para geração.
[2025-11-20 13:11:24] [ADMIN] DEBUG: [ADMIN_GENERATE] Nome do usuário adicionado (X: 1299, Y: 1100).
[2025-11-20 13:11:24] [ADMIN] DEBUG: [ADMIN_GENERATE] Processando título: 'S08E39 — Falsos amigos: como identificá-los e estratégias para traduzi-los' (tamanho: 78 caracteres)
[2025-11-20 13:11:24] [ADMIN] DEBUG: [ADMIN_GENERATE] Título longo detectado - aplicando quebra de linha inteligente
[2025-11-20 13:11:24] [ADMIN] DEBUG: [ADMIN_GENERATE] Linha 1: 'S08E39 — Falsos amigos: como identificá-los e'
[2025-11-20 13:11:24] [ADMIN] DEBUG: [ADMIN_GENERATE] Linha 2: 'estratégias para traduzi-los'
[2025-11-20 13:11:24] [ADMIN] DEBUG: [ADMIN_GENERATE] Linha 1 adicionada (X: 882, Y: 1350)
[2025-11-20 13:11:24] [ADMIN] DEBUG: [ADMIN_GENERATE] Linha 2 adicionada (X: 1234, Y: 1410)
[2025-11-20 13:11:24] [ADMIN] DEBUG: [ADMIN_GENERATE] Duração da palestra adicionada (X: 2000, Y: 1570).
[2025-11-20 13:11:24] [ADMIN] DEBUG: [ADMIN_GENERATE] Data de emissão adicionada (X: 850, Y: 2330).
[2025-11-20 13:11:24] [ADMIN] DEBUG: [ADMIN_GENERATE] ID do certificado adicionado (X: 280, Y: 2430).
[2025-11-20 13:11:24] [ADMIN] DEBUG: URL de verificação gerada: https://v.translators101.com/verificar_certificado.php?id=7ddc697f-5191-4e72-afff-f8a1a805e568
[2025-11-20 13:11:25] [ADMIN] DEBUG: QR Code colado na imagem base.
[2025-11-20 13:11:25] [ADMIN] DEBUG: [ADMIN_GENERATE] QR Code adicionado à imagem durante a geração (X: 2989, Y: 2131, Tamanho: 300).
[2025-11-20 13:11:28] [ADMIN] DEBUG: [ADMIN_GENERATE] imagepng() retornou SUCESSO. Verificando se o arquivo gerado é um PNG válido.
[2025-11-20 13:11:28] [ADMIN] INFO: [ADMIN_GENERATE] Certificado PNG gerado e salvo com sucesso em: /home/u335416710/domains/translators101.com/public_html/v/includes/../certificates/certificate_7ddc697f-5191-4e72-afff-f8a1a805e568.png. É um PNG válido.
[2025-11-20 13:20:02] [ADMIN] DEBUG: [ADMIN_GENERATE] Iniciando geração de PNG para ID: 09a4d019-3a3a-4c8d-bfd4-985ac9c976af
[2025-11-20 13:20:03] [ADMIN] DEBUG: [ADMIN_GENERATE] Conversão UTF-8 aplicada para geração.
[2025-11-20 13:20:03] [ADMIN] DEBUG: [ADMIN_GENERATE] Dimensões do template: Largura=3509, Altura=2481
[2025-11-20 13:20:03] [ADMIN] DEBUG: [ADMIN_GENERATE] Procurando fontes TTF para geração...
[2025-11-20 13:20:03] [ADMIN] DEBUG: [ADMIN_GENERATE] Fonte TTF Bold encontrada em: /home/u335416710/domains/translators101.com/public_html/v/includes/../fonts/DejaVuSans-Bold.ttf
[2025-11-20 13:20:03] [ADMIN] DEBUG: [ADMIN_GENERATE] Fonte TTF padrão encontrada em: /home/u335416710/domains/translators101.com/public_html/v/includes/../fonts/DejaVuSans-Bold.ttf
[2025-11-20 13:20:03] [ADMIN] DEBUG: [ADMIN_GENERATE] Usando imagettftext para geração.
[2025-11-20 13:20:03] [ADMIN] DEBUG: [ADMIN_GENERATE] Nome do usuário adicionado (X: 1129, Y: 1100).
[2025-11-20 13:20:03] [ADMIN] DEBUG: [ADMIN_GENERATE] Processando título: 'S08E39 — Falsos amigos: como identificá-los e estratégias para traduzi-los' (tamanho: 78 caracteres)
[2025-11-20 13:20:03] [ADMIN] DEBUG: [ADMIN_GENERATE] Título longo detectado - aplicando quebra de linha inteligente
[2025-11-20 13:20:03] [ADMIN] DEBUG: [ADMIN_GENERATE] Linha 1: 'S08E39 — Falsos amigos: como identificá-los e'
[2025-11-20 13:20:03] [ADMIN] DEBUG: [ADMIN_GENERATE] Linha 2: 'estratégias para traduzi-los'
[2025-11-20 13:20:03] [ADMIN] DEBUG: [ADMIN_GENERATE] Linha 1 adicionada (X: 882, Y: 1350)
[2025-11-20 13:20:03] [ADMIN] DEBUG: [ADMIN_GENERATE] Linha 2 adicionada (X: 1234, Y: 1410)
[2025-11-20 13:20:03] [ADMIN] DEBUG: [ADMIN_GENERATE] Duração da palestra adicionada (X: 2000, Y: 1570).
[2025-11-20 13:20:03] [ADMIN] DEBUG: [ADMIN_GENERATE] Data de emissão adicionada (X: 850, Y: 2330).
[2025-11-20 13:20:03] [ADMIN] DEBUG: [ADMIN_GENERATE] ID do certificado adicionado (X: 280, Y: 2430).
[2025-11-20 13:20:03] [ADMIN] DEBUG: URL de verificação gerada: https://v.translators101.com/verificar_certificado.php?id=09a4d019-3a3a-4c8d-bfd4-985ac9c976af
[2025-11-20 13:20:04] [ADMIN] DEBUG: QR Code colado na imagem base.
[2025-11-20 13:20:04] [ADMIN] DEBUG: [ADMIN_GENERATE] QR Code adicionado à imagem durante a geração (X: 2989, Y: 2131, Tamanho: 300).
[2025-11-20 13:20:07] [ADMIN] DEBUG: [ADMIN_GENERATE] imagepng() retornou SUCESSO. Verificando se o arquivo gerado é um PNG válido.
[2025-11-20 13:20:07] [ADMIN] INFO: [ADMIN_GENERATE] Certificado PNG gerado e salvo com sucesso em: /home/u335416710/domains/translators101.com/public_html/v/includes/../certificates/certificate_09a4d019-3a3a-4c8d-bfd4-985ac9c976af.png. É um PNG válido.
[2025-11-20 19:26:43] [PALESTRA] DEBUG: Script palestra.php iniciado.
[2025-11-20 19:26:43] [PALESTRA] DEBUG: Usuário tem permissão.
[2025-11-20 19:26:43] [PALESTRA] DEBUG: ID da palestra recebido: 1477af40-2166-428b-b98c-70477ab08e72
[2025-11-20 19:26:43] [PALESTRA] DEBUG: Palestra 'S04E05 — Afinal, o que é gramática? — Amanda Moura' encontrada. Duração em minutos: 140
[2025-11-20 19:26:43] [PALESTRA] DEBUG: User ID da sessão ('f4c84ced-9d70-11f0-916e-bad1eb27008a') é válido e existe na tabela 'users'.
[2025-11-20 19:26:43] [PALESTRA] DEBUG: Log existente encontrado. Progresso: 2991s
[2025-11-20 19:26:43] [PALESTRA] DEBUG: Progresso inicial carregado do DB (user_progress_seconds): 2991
[2025-11-20 19:26:43] [PALESTRA] DEBUG: Palestras relacionadas buscadas para categoria ''.
[2025-11-20 19:26:43] [PALESTRA] DEBUG: Verificação de certificado existente para exibição inicial. ID existente: Nenhum
[2025-11-20 19:26:43] [PALESTRA] DEBUG: Panda Player Div ID extraído do embed: 'panda-1477af40-2166-428b-b98c-70477ab08e72'
[2025-11-20 19:53:10] [PALESTRA] DEBUG: Script palestra.php iniciado.
[2025-11-20 19:53:10] [PALESTRA] DEBUG: Usuário tem permissão.
[2025-11-20 19:53:10] [PALESTRA] DEBUG: ID da palestra recebido: 1477af40-2166-428b-b98c-70477ab08e72
[2025-11-20 19:53:10] [PALESTRA] DEBUG: Palestra 'S04E05 — Afinal, o que é gramática? — Amanda Moura' encontrada. Duração em minutos: 140
[2025-11-20 19:53:10] [PALESTRA] DEBUG: User ID da sessão ('f4c84ced-9d70-11f0-916e-bad1eb27008a') é válido e existe na tabela 'users'.
[2025-11-20 19:53:10] [PALESTRA] DEBUG: Log existente encontrado. Progresso: 4535s
[2025-11-20 19:53:10] [PALESTRA] DEBUG: Progresso inicial carregado do DB (user_progress_seconds): 4535
[2025-11-20 19:53:10] [PALESTRA] DEBUG: Palestras relacionadas buscadas para categoria ''.
[2025-11-20 19:53:10] [PALESTRA] DEBUG: Verificação de certificado existente para exibição inicial. ID existente: Nenhum
[2025-11-20 19:53:10] [PALESTRA] DEBUG: Panda Player Div ID extraído do embed: 'panda-1477af40-2166-428b-b98c-70477ab08e72'
[2025-11-20 20:32:56] [PALESTRA] DEBUG: Script palestra.php iniciado.
[2025-11-20 20:32:56] [PALESTRA] DEBUG: Usuário tem permissão.
[2025-11-20 20:32:56] [PALESTRA] DEBUG: ID da palestra recebido: 74cc5e90-2619-49b1-b482-6a5fd052822f
[2025-11-20 20:32:56] [PALESTRA] DEBUG: Palestra 'S08E02 — Manipulando a IA Generativa — Inteligências Artificiais, Perigos Reais — Marcus Mangetti' encontrada. Duração em minutos: 87
[2025-11-20 20:32:56] [PALESTRA] DEBUG: User ID da sessão ('ac42f562-bcde-4867-811d-f5e23508f0c5') é válido e existe na tabela 'users'.
[2025-11-20 20:32:56] [PALESTRA] INFO: Novo log de acesso registrado para palestra 'S08E02 — Manipulando a IA Generativa — Inteligências Artificiais, Perigos Reais — Marcus Mangetti' (User ID: ac42f562-bcde-4867-811d-f5e23508f0c5).
[2025-11-20 20:32:56] [PALESTRA] DEBUG: Progresso inicial carregado do DB (user_progress_seconds): 0
[2025-11-20 20:32:56] [PALESTRA] DEBUG: Palestras relacionadas buscadas para categoria ''.
[2025-11-20 20:32:56] [PALESTRA] DEBUG: Verificação de certificado existente para exibição inicial. ID existente: Nenhum
[2025-11-20 20:32:56] [PALESTRA] DEBUG: Panda Player Div ID extraído do embed: 'panda-74cc5e90-2619-49b1-b482-6a5fd052822f'
[2025-11-20 21:18:20] [PALESTRA] DEBUG: Script palestra.php iniciado.
[2025-11-20 21:18:20] [PALESTRA] DEBUG: Usuário tem permissão.
[2025-11-20 21:18:20] [PALESTRA] DEBUG: ID da palestra recebido: 1477af40-2166-428b-b98c-70477ab08e72
[2025-11-20 21:18:20] [PALESTRA] DEBUG: Palestra 'S04E05 — Afinal, o que é gramática? — Amanda Moura' encontrada. Duração em minutos: 140
[2025-11-20 21:18:20] [PALESTRA] DEBUG: User ID da sessão ('f4c84ced-9d70-11f0-916e-bad1eb27008a') é válido e existe na tabela 'users'.
[2025-11-20 21:18:20] [PALESTRA] DEBUG: Log existente encontrado. Progresso: 9633s
[2025-11-20 21:18:20] [PALESTRA] DEBUG: Progresso inicial carregado do DB (user_progress_seconds): 9633
[2025-11-20 21:18:20] [PALESTRA] DEBUG: Palestras relacionadas buscadas para categoria ''.
[2025-11-20 21:18:20] [PALESTRA] DEBUG: Verificação de certificado existente para exibição inicial. ID existente: Nenhum
[2025-11-20 21:18:20] [PALESTRA] DEBUG: Panda Player Div ID extraído do embed: 'panda-1477af40-2166-428b-b98c-70477ab08e72'
[2025-11-20 21:33:09] [PALESTRA] DEBUG: Script palestra.php iniciado.
[2025-11-20 21:33:09] [PALESTRA] DEBUG: Usuário tem permissão.
[2025-11-20 21:33:09] [PALESTRA] DEBUG: ID da palestra recebido: 1477af40-2166-428b-b98c-70477ab08e72
[2025-11-20 21:33:09] [PALESTRA] DEBUG: Palestra 'S04E05 — Afinal, o que é gramática? — Amanda Moura' encontrada. Duração em minutos: 140
[2025-11-20 21:33:09] [PALESTRA] DEBUG: User ID da sessão ('f4c84ced-9d70-11f0-916e-bad1eb27008a') é válido e existe na tabela 'users'.
[2025-11-20 21:33:09] [PALESTRA] DEBUG: Log existente encontrado. Progresso: 10517s
[2025-11-20 21:33:09] [PALESTRA] DEBUG: Progresso inicial carregado do DB (user_progress_seconds): 10517
[2025-11-20 21:33:09] [PALESTRA] DEBUG: Palestras relacionadas buscadas para categoria ''.
[2025-11-20 21:33:09] [PALESTRA] DEBUG: Verificação de certificado existente para exibição inicial. ID existente: Nenhum
[2025-11-20 21:33:09] [PALESTRA] DEBUG: Panda Player Div ID extraído do embed: 'panda-1477af40-2166-428b-b98c-70477ab08e72'
[2025-11-20 22:37:17] [PALESTRA] DEBUG: Script palestra.php iniciado.
[2025-11-20 22:37:17] [PALESTRA] DEBUG: Usuário tem permissão.
[2025-11-20 22:37:17] [PALESTRA] DEBUG: ID da palestra recebido: 1f024cc5-a1fd-11f0-916e-bad1eb27008a
[2025-11-20 22:37:17] [PALESTRA] DEBUG: Palestra 'S08E29 — Assinatura de e-mail com imagens e links clicáveis no Gmail' encontrada. Duração em minutos: 90
[2025-11-20 22:37:17] [PALESTRA] DEBUG: User ID da sessão ('59673952-5263-419a-a383-1a36c2642da0') é válido e existe na tabela 'users'.
[2025-11-20 22:37:17] [PALESTRA] INFO: Novo log de acesso registrado para palestra 'S08E29 — Assinatura de e-mail com imagens e links clicáveis no Gmail' (User ID: 59673952-5263-419a-a383-1a36c2642da0).
[2025-11-20 22:37:17] [PALESTRA] DEBUG: Progresso inicial carregado do DB (user_progress_seconds): 0
[2025-11-20 22:37:17] [PALESTRA] DEBUG: Palestras relacionadas buscadas para categoria 'Geral'.
[2025-11-20 22:37:17] [PALESTRA] DEBUG: Verificação de certificado existente para exibição inicial. ID existente: Nenhum
[2025-11-20 22:37:17] [PALESTRA] DEBUG: Panda Player Div ID extraído do embed: 'panda-6c04c40c-eb12-4074-97b8-d649dbc3c5f5'
[2025-11-20 23:33:41] [PALESTRA] DEBUG: Script palestra.php iniciado.
[2025-11-20 23:33:41] [PALESTRA] DEBUG: Usuário tem permissão.
[2025-11-20 23:33:41] [PALESTRA] DEBUG: ID da palestra recebido: 865a3d66-7c83-4521-9fe9-df09fea5431c
[2025-11-20 23:33:41] [PALESTRA] DEBUG: Palestra 'Especial #ITD 2020 — T101 explica SDL Studio' encontrada. Duração em minutos: 57
[2025-11-20 23:33:41] [PALESTRA] DEBUG: User ID da sessão ('ac42f562-bcde-4867-811d-f5e23508f0c5') é válido e existe na tabela 'users'.
[2025-11-20 23:33:41] [PALESTRA] INFO: Novo log de acesso registrado para palestra 'Especial #ITD 2020 — T101 explica SDL Studio' (User ID: ac42f562-bcde-4867-811d-f5e23508f0c5).
[2025-11-20 23:33:41] [PALESTRA] DEBUG: Progresso inicial carregado do DB (user_progress_seconds): 0
[2025-11-20 23:33:41] [PALESTRA] DEBUG: Palestras relacionadas buscadas para categoria ''.
[2025-11-20 23:33:41] [PALESTRA] DEBUG: Verificação de certificado existente para exibição inicial. ID existente: Nenhum
[2025-11-20 23:33:41] [PALESTRA] DEBUG: Panda Player Div ID extraído do embed: 'panda-865a3d66-7c83-4521-9fe9-df09fea5431c'
[2025-11-21 00:36:57] [PALESTRA] DEBUG: Script palestra.php iniciado.
[2025-11-21 00:36:57] [PALESTRA] DEBUG: Usuário tem permissão.
[2025-11-21 00:36:57] [PALESTRA] DEBUG: ID da palestra recebido: 5e4de38b-487a-4808-ad42-596b73a518a1
[2025-11-21 00:36:57] [PALESTRA] DEBUG: Palestra 'S03E19 — SDL Studio: primeiros passos — Cristiane Tribst' encontrada. Duração em minutos: 140
[2025-11-21 00:36:57] [PALESTRA] DEBUG: User ID da sessão ('ac42f562-bcde-4867-811d-f5e23508f0c5') é válido e existe na tabela 'users'.
[2025-11-21 00:36:57] [PALESTRA] INFO: Novo log de acesso registrado para palestra 'S03E19 — SDL Studio: primeiros passos — Cristiane Tribst' (User ID: ac42f562-bcde-4867-811d-f5e23508f0c5).
[2025-11-21 00:36:57] [PALESTRA] DEBUG: Progresso inicial carregado do DB (user_progress_seconds): 0
[2025-11-21 00:36:57] [PALESTRA] DEBUG: Palestras relacionadas buscadas para categoria ''.
[2025-11-21 00:36:57] [PALESTRA] DEBUG: Verificação de certificado existente para exibição inicial. ID existente: Nenhum
[2025-11-21 00:36:57] [PALESTRA] DEBUG: Panda Player Div ID extraído do embed: 'panda-5e4de38b-487a-4808-ad42-596b73a518a1'
[2025-11-21 00:51:29] [PALESTRA] DEBUG: Script palestra.php iniciado.
[2025-11-21 00:51:29] [PALESTRA] DEBUG: Usuário tem permissão.
[2025-11-21 00:51:29] [PALESTRA] DEBUG: ID da palestra recebido: 2a01e0cc-6d40-4879-8fc0-d4fa898a8628
[2025-11-21 00:51:29] [PALESTRA] DEBUG: Palestra 'S08E19 — A IA e o futuro da tradução: uma análise do panorama atual e expectativas — Valter Mendes' encontrada. Duração em minutos: 85
[2025-11-21 00:51:29] [PALESTRA] DEBUG: User ID da sessão ('dab02ef7-54cd-4837-b137-4f957e7549d6') é válido e existe na tabela 'users'.
[2025-11-21 00:51:29] [PALESTRA] INFO: Novo log de acesso registrado para palestra 'S08E19 — A IA e o futuro da tradução: uma análise do panorama atual e expectativas — Valter Mendes' (User ID: dab02ef7-54cd-4837-b137-4f957e7549d6).
[2025-11-21 00:51:29] [PALESTRA] DEBUG: Progresso inicial carregado do DB (user_progress_seconds): 0
[2025-11-21 00:51:29] [PALESTRA] DEBUG: Palestras relacionadas buscadas para categoria ''.
[2025-11-21 00:51:29] [PALESTRA] DEBUG: Verificação de certificado existente para exibição inicial. ID existente: Nenhum
[2025-11-21 00:51:29] [PALESTRA] DEBUG: Panda Player Div ID extraído do embed: 'panda-2a01e0cc-6d40-4879-8fc0-d4fa898a8628'
[2025-11-21 02:12:07] [PALESTRA] DEBUG: Script palestra.php iniciado.
[2025-11-21 02:12:07] [PALESTRA] DEBUG: Usuário tem permissão.
[2025-11-21 02:12:07] [PALESTRA] DEBUG: ID da palestra recebido: ddf1d614-dcd6-40cf-8914-5384e11fd4fc
[2025-11-21 02:12:07] [PALESTRA] DEBUG: Palestra 'S03E01 — A culinária em legendas — Carolina Selvatici' encontrada. Duração em minutos: 91
[2025-11-21 02:12:07] [PALESTRA] DEBUG: User ID da sessão ('4597d074-9d71-11f0-916e-bad1eb27008a') é válido e existe na tabela 'users'.
[2025-11-21 02:12:07] [PALESTRA] INFO: Novo log de acesso registrado para palestra 'S03E01 — A culinária em legendas — Carolina Selvatici' (User ID: 4597d074-9d71-11f0-916e-bad1eb27008a).
[2025-11-21 02:12:07] [PALESTRA] DEBUG: Progresso inicial carregado do DB (user_progress_seconds): 0
[2025-11-21 02:12:07] [PALESTRA] DEBUG: Palestras relacionadas buscadas para categoria ''.
[2025-11-21 02:12:07] [PALESTRA] DEBUG: Verificação de certificado existente para exibição inicial. ID existente: Nenhum
[2025-11-21 02:12:07] [PALESTRA] DEBUG: Panda Player Div ID extraído do embed: 'panda-ddf1d614-dcd6-40cf-8914-5384e11fd4fc'
[2025-11-21 03:29:56] [PALESTRA] DEBUG: Script palestra.php iniciado.
[2025-11-21 03:29:56] [PALESTRA] DEBUG: Usuário tem permissão.
[2025-11-21 03:29:56] [PALESTRA] DEBUG: ID da palestra recebido: ddf1d614-dcd6-40cf-8914-5384e11fd4fc
[2025-11-21 03:29:56] [PALESTRA] DEBUG: Palestra 'S03E01 — A culinária em legendas — Carolina Selvatici' encontrada. Duração em minutos: 91
[2025-11-21 03:29:56] [PALESTRA] DEBUG: User ID da sessão ('4597d074-9d71-11f0-916e-bad1eb27008a') é válido e existe na tabela 'users'.
[2025-11-21 03:29:56] [PALESTRA] DEBUG: Log existente encontrado. Progresso: 18s
[2025-11-21 03:29:56] [PALESTRA] DEBUG: Progresso inicial carregado do DB (user_progress_seconds): 18
[2025-11-21 03:29:56] [PALESTRA] DEBUG: Palestras relacionadas buscadas para categoria ''.
[2025-11-21 03:29:56] [PALESTRA] DEBUG: Verificação de certificado existente para exibição inicial. ID existente: Nenhum
[2025-11-21 03:29:56] [PALESTRA] DEBUG: Panda Player Div ID extraído do embed: 'panda-ddf1d614-dcd6-40cf-8914-5384e11fd4fc'
[2025-11-21 12:24:37] [DOWNLOAD] DEBUG: Script download_certificate_files.php iniciado.
[2025-11-21 12:24:37] [DOWNLOAD] INFO: Usuário não logado. Redirecionando para login.php.
[2025-11-21 12:24:38] [DOWNLOAD] DEBUG: Script download_certificate_files.php iniciado.
[2025-11-21 12:24:38] [DOWNLOAD] INFO: Usuário não logado. Redirecionando para login.php.
[2025-11-21 12:26:23] [DOWNLOAD] DEBUG: Script download_certificate_files.php iniciado.
[2025-11-21 12:26:23] [DOWNLOAD] INFO: Usuário não logado. Redirecionando para login.php.
[2025-11-21 15:27:25] [VIEW] DEBUG: Script view_certificate_files.php iniciado.
[2025-11-21 15:27:25] [VIEW] DEBUG: ID do certificado recebido: 7ddc697f-5191-4e72-afff-f8a1a805e568
[2025-11-21 15:27:25] [VIEW] DEBUG: Dados do certificado encontrados no banco de dados para ID: 7ddc697f-5191-4e72-afff-f8a1a805e568
[2025-11-21 15:27:25] [VIEW] DEBUG: Arquivo PNG encontrado: /home/u335416710/domains/translators101.com/public_html/v/certificates/certificate_7ddc697f-5191-4e72-afff-f8a1a805e568.png
[2025-11-21 15:27:26] [VIEW] DEBUG: Script view_certificate_files.php iniciado.
[2025-11-21 15:27:26] [VIEW] DEBUG: ID do certificado recebido: 7ddc697f-5191-4e72-afff-f8a1a805e568
[2025-11-21 15:27:26] [VIEW] DEBUG: Dados do certificado encontrados no banco de dados para ID: 7ddc697f-5191-4e72-afff-f8a1a805e568
[2025-11-21 15:27:26] [VIEW] DEBUG: Arquivo PNG encontrado: /home/u335416710/domains/translators101.com/public_html/v/certificates/certificate_7ddc697f-5191-4e72-afff-f8a1a805e568.png
[2025-11-21 15:27:26] [VIEW] DEBUG: Mostrando imagem diretamente: Certificado_EulaliaNavarro.png
[2025-11-21 15:27:26] [VIEW] INFO: Imagem PNG enviada para visualização direta.
[2025-11-21 12:28:00] [DOWNLOAD] DEBUG: Script download_certificate_files.php iniciado.
[2025-11-21 12:28:00] [DOWNLOAD] DEBUG: ID do certificado recebido: 7ddc697f-5191-4e72-afff-f8a1a805e568, formato solicitado: pdf
[2025-11-21 12:28:00] [DOWNLOAD] DEBUG: Dados do certificado encontrados no banco de dados.
[2025-11-21 12:28:00] [DOWNLOAD] DEBUG: Arquivo PNG encontrado: /home/u335416710/domains/translators101.com/public_html/v/certificates/certificate_7ddc697f-5191-4e72-afff-f8a1a805e568.png
[2025-11-21 12:28:00] [DOWNLOAD] DEBUG: Iniciando conversão PNG para PDF: /home/u335416710/domains/translators101.com/public_html/v/certificates/certificate_7ddc697f-5191-4e72-afff-f8a1a805e568.png -> /home/u335416710/domains/translators101.com/public_html/v/certificates/certificate_7ddc697f-5191-4e72-afff-f8a1a805e568_converted.pdf
[2025-11-21 12:28:00] [DOWNLOAD] SUCESSO: PDF criado com TCPDF: /home/u335416710/domains/translators101.com/public_html/v/certificates/certificate_7ddc697f-5191-4e72-afff-f8a1a805e568_converted.pdf
[2025-11-21 12:28:00] [DOWNLOAD] DEBUG: PNG convertido para PDF com sucesso: /home/u335416710/domains/translators101.com/public_html/v/certificates/certificate_7ddc697f-5191-4e72-afff-f8a1a805e568_converted.pdf
[2025-11-21 12:28:00] [DOWNLOAD] DEBUG: Preparando download final: Certificado_Eulalia_Navarro_2025-11-21.pdf (Tipo: application/pdf) - Arquivo: /home/u335416710/domains/translators101.com/public_html/v/certificates/certificate_7ddc697f-5191-4e72-afff-f8a1a805e568_converted.pdf
[2025-11-21 12:28:00] [DOWNLOAD] INFO: Arquivo Certificado_Eulalia_Navarro_2025-11-21.pdf enviado para download com sucesso.
[2025-11-21 16:11:27] [PALESTRA] DEBUG: Script palestra.php iniciado.
[2025-11-21 16:11:27] [PALESTRA] DEBUG: Usuário tem permissão.
[2025-11-21 16:11:27] [PALESTRA] DEBUG: ID da palestra recebido: 5dd62066-a1fc-11f0-916e-bad1eb27008a
[2025-11-21 16:11:27] [PALESTRA] DEBUG: Palestra 'S08E28 — IA na tradução na área da saúde' encontrada. Duração em minutos: 72
[2025-11-21 16:11:27] [PALESTRA] DEBUG: User ID da sessão ('d4fb49a4-2537-4722-b772-90365981d864') é válido e existe na tabela 'users'.
[2025-11-21 16:11:27] [PALESTRA] INFO: Novo log de acesso registrado para palestra 'S08E28 — IA na tradução na área da saúde' (User ID: d4fb49a4-2537-4722-b772-90365981d864).
[2025-11-21 16:11:27] [PALESTRA] DEBUG: Progresso inicial carregado do DB (user_progress_seconds): 0
[2025-11-21 16:11:27] [PALESTRA] DEBUG: Palestras relacionadas buscadas para categoria 'Técnica'.
[2025-11-21 16:11:27] [PALESTRA] DEBUG: Verificação de certificado existente para exibição inicial. ID existente: Nenhum
[2025-11-21 16:11:27] [PALESTRA] DEBUG: Panda Player Div ID extraído do embed: 'panda-baaa605c-258d-4581-88b1-c9506c57190c'
[2025-11-21 17:05:51] [PALESTRA] DEBUG: Script palestra.php iniciado.
[2025-11-21 17:05:51] [PALESTRA] DEBUG: Usuário tem permissão.
[2025-11-21 17:05:51] [PALESTRA] DEBUG: ID da palestra recebido: 1477af40-2166-428b-b98c-70477ab08e72
[2025-11-21 17:05:51] [PALESTRA] DEBUG: Palestra 'S04E05 — Afinal, o que é gramática? — Amanda Moura' encontrada. Duração em minutos: 140
[2025-11-21 17:05:51] [PALESTRA] DEBUG: User ID da sessão ('f4c84ced-9d70-11f0-916e-bad1eb27008a') é válido e existe na tabela 'users'.
[2025-11-21 17:05:51] [PALESTRA] DEBUG: Log existente encontrado. Progresso: 10524s
[2025-11-21 17:05:51] [PALESTRA] DEBUG: Progresso inicial carregado do DB (user_progress_seconds): 10524
[2025-11-21 17:05:51] [PALESTRA] DEBUG: Palestras relacionadas buscadas para categoria ''.
[2025-11-21 17:05:51] [PALESTRA] DEBUG: Verificação de certificado existente para exibição inicial. ID existente: Nenhum
[2025-11-21 17:05:51] [PALESTRA] DEBUG: Panda Player Div ID extraído do embed: 'panda-1477af40-2166-428b-b98c-70477ab08e72'
[2025-11-21 17:15:38] [PALESTRA] DEBUG: Script palestra.php iniciado.
[2025-11-21 17:15:38] [PALESTRA] DEBUG: Usuário tem permissão.
[2025-11-21 17:15:38] [PALESTRA] DEBUG: ID da palestra recebido: 1477af40-2166-428b-b98c-70477ab08e72
[2025-11-21 17:15:38] [PALESTRA] DEBUG: Palestra 'S04E05 — Afinal, o que é gramática? — Amanda Moura' encontrada. Duração em minutos: 140
[2025-11-21 17:15:38] [PALESTRA] DEBUG: User ID da sessão ('f4c84ced-9d70-11f0-916e-bad1eb27008a') é válido e existe na tabela 'users'.
[2025-11-21 17:15:38] [PALESTRA] DEBUG: Log existente encontrado. Progresso: 11099s
[2025-11-21 17:15:38] [PALESTRA] DEBUG: Progresso inicial carregado do DB (user_progress_seconds): 11099
[2025-11-21 17:15:38] [PALESTRA] DEBUG: Palestras relacionadas buscadas para categoria ''.
[2025-11-21 17:15:38] [PALESTRA] DEBUG: Verificação de certificado existente para exibição inicial. ID existente: Nenhum
[2025-11-21 17:15:38] [PALESTRA] DEBUG: Panda Player Div ID extraído do embed: 'panda-1477af40-2166-428b-b98c-70477ab08e72'
[2025-11-21 17:18:33] [PALESTRA] DEBUG: Script palestra.php iniciado.
[2025-11-21 17:18:33] [PALESTRA] DEBUG: Usuário tem permissão.
[2025-11-21 17:18:33] [PALESTRA] DEBUG: ID da palestra recebido: 2ff0b4a3-20e1-46be-a94b-4de34485e760
[2025-11-21 17:18:33] [PALESTRA] DEBUG: Palestra 'S08E20 — Além da Língua: Estratégias que Todo Intérprete Precisa Dominar — Manuela Sampaio' encontrada. Duração em minutos: 61
[2025-11-21 17:18:33] [PALESTRA] DEBUG: User ID da sessão ('5a1ccac2-c9d1-48a7-8fcc-4817e2daec4d') é válido e existe na tabela 'users'.
[2025-11-21 17:18:33] [PALESTRA] INFO: Novo log de acesso registrado para palestra 'S08E20 — Além da Língua: Estratégias que Todo Intérprete Precisa Dominar — Manuela Sampaio' (User ID: 5a1ccac2-c9d1-48a7-8fcc-4817e2daec4d).
[2025-11-21 17:18:33] [PALESTRA] DEBUG: Progresso inicial carregado do DB (user_progress_seconds): 0
[2025-11-21 17:18:33] [PALESTRA] DEBUG: Palestras relacionadas buscadas para categoria ''.
[2025-11-21 17:18:33] [PALESTRA] DEBUG: Verificação de certificado existente para exibição inicial. ID existente: Nenhum
[2025-11-21 17:18:33] [PALESTRA] DEBUG: Panda Player Div ID extraído do embed: 'panda-2ff0b4a3-20e1-46be-a94b-4de34485e760'
[2025-11-21 17:19:13] [PALESTRA] DEBUG: Script palestra.php iniciado.
[2025-11-21 17:19:13] [PALESTRA] DEBUG: Usuário tem permissão.
[2025-11-21 17:19:13] [PALESTRA] DEBUG: ID da palestra recebido: 35c4ca47-e97a-4b3f-9422-22e4397daa15
[2025-11-21 17:19:13] [PALESTRA] DEBUG: Palestra 'S08E17 — Reflexões sobre estratégias de tradução — Sátia Marini' encontrada. Duração em minutos: 77
[2025-11-21 17:19:13] [PALESTRA] DEBUG: User ID da sessão ('5a1ccac2-c9d1-48a7-8fcc-4817e2daec4d') é válido e existe na tabela 'users'.
[2025-11-21 17:19:13] [PALESTRA] INFO: Novo log de acesso registrado para palestra 'S08E17 — Reflexões sobre estratégias de tradução — Sátia Marini' (User ID: 5a1ccac2-c9d1-48a7-8fcc-4817e2daec4d).
[2025-11-21 17:19:13] [PALESTRA] DEBUG: Progresso inicial carregado do DB (user_progress_seconds): 0
[2025-11-21 17:19:13] [PALESTRA] DEBUG: Palestras relacionadas buscadas para categoria ''.
[2025-11-21 17:19:13] [PALESTRA] DEBUG: Verificação de certificado existente para exibição inicial. ID existente: Nenhum
[2025-11-21 17:19:13] [PALESTRA] DEBUG: Panda Player Div ID extraído do embed: 'panda-35c4ca47-e97a-4b3f-9422-22e4397daa15'
[2025-11-21 17:19:46] [PALESTRA] DEBUG: Script palestra.php iniciado.
[2025-11-21 17:19:46] [PALESTRA] DEBUG: Usuário tem permissão.
[2025-11-21 17:19:46] [PALESTRA] DEBUG: ID da palestra recebido: 6788a85d-bbdc-11f0-916e-bad1eb27008a
[2025-11-21 17:19:46] [PALESTRA] DEBUG: Palestra 'S08E37 — Entre o hilário e o caótico: histórias da interpretação que ninguém te conta' encontrada. Duração em minutos: 80
[2025-11-21 17:19:46] [PALESTRA] DEBUG: User ID da sessão ('5a1ccac2-c9d1-48a7-8fcc-4817e2daec4d') é válido e existe na tabela 'users'.
[2025-11-21 17:19:46] [PALESTRA] INFO: Novo log de acesso registrado para palestra 'S08E37 — Entre o hilário e o caótico: histórias da interpretação que ninguém te conta' (User ID: 5a1ccac2-c9d1-48a7-8fcc-4817e2daec4d).
[2025-11-21 17:19:46] [PALESTRA] DEBUG: Progresso inicial carregado do DB (user_progress_seconds): 0
[2025-11-21 17:19:46] [PALESTRA] DEBUG: Palestras relacionadas buscadas para categoria 'Interpretação'.
[2025-11-21 17:19:46] [PALESTRA] DEBUG: Verificação de certificado existente para exibição inicial. ID existente: Nenhum
[2025-11-21 17:19:46] [PALESTRA] DEBUG: Panda Player Div ID extraído do embed: 'panda-e3c1266e-0c9a-4cb4-9e8d-beef8734866e'
[2025-11-21 17:28:52] [PALESTRA] DEBUG: Script palestra.php iniciado.
[2025-11-21 17:28:52] [PALESTRA] DEBUG: Usuário tem permissão.
[2025-11-21 17:28:52] [PALESTRA] DEBUG: ID da palestra recebido: 5701392f-b0e2-11f0-916e-bad1eb27008a
[2025-11-21 17:28:52] [PALESTRA] DEBUG: Palestra 'S08E35 — No princípio, era o verbo (em 4 línguas): origens da Interpretação Simultânea' encontrada. Duração em minutos: 92
[2025-11-21 17:28:52] [PALESTRA] DEBUG: User ID da sessão ('5a1ccac2-c9d1-48a7-8fcc-4817e2daec4d') é válido e existe na tabela 'users'.
[2025-11-21 17:28:52] [PALESTRA] INFO: Novo log de acesso registrado para palestra 'S08E35 — No princípio, era o verbo (em 4 línguas): origens da Interpretação Simultânea' (User ID: 5a1ccac2-c9d1-48a7-8fcc-4817e2daec4d).
[2025-11-21 17:28:52] [PALESTRA] DEBUG: Progresso inicial carregado do DB (user_progress_seconds): 0
[2025-11-21 17:28:52] [PALESTRA] DEBUG: Palestras relacionadas buscadas para categoria 'Interpretação'.
[2025-11-21 17:28:52] [PALESTRA] DEBUG: Verificação de certificado existente para exibição inicial. ID existente: Nenhum
[2025-11-21 17:28:52] [PALESTRA] DEBUG: Panda Player Div ID extraído do embed: 'panda-eba5289b-c7e9-41eb-944d-88a696f6a366'
[2025-11-21 17:29:10] [PALESTRA] DEBUG: Script palestra.php iniciado.
[2025-11-21 17:29:10] [PALESTRA] DEBUG: Usuário tem permissão.
[2025-11-21 17:29:10] [PALESTRA] DEBUG: ID da palestra recebido: 1477af40-2166-428b-b98c-70477ab08e72
[2025-11-21 17:29:10] [PALESTRA] DEBUG: Palestra 'S04E05 — Afinal, o que é gramática? — Amanda Moura' encontrada. Duração em minutos: 140
[2025-11-21 17:29:10] [PALESTRA] DEBUG: User ID da sessão ('f4c84ced-9d70-11f0-916e-bad1eb27008a') é válido e existe na tabela 'users'.
[2025-11-21 17:29:10] [PALESTRA] DEBUG: Log existente encontrado. Progresso: 11899s
[2025-11-21 17:29:10] [PALESTRA] DEBUG: Progresso inicial carregado do DB (user_progress_seconds): 11899
[2025-11-21 17:29:10] [PALESTRA] DEBUG: Palestras relacionadas buscadas para categoria ''.
[2025-11-21 17:29:10] [PALESTRA] DEBUG: Verificação de certificado existente para exibição inicial. ID existente: Nenhum
[2025-11-21 17:29:10] [PALESTRA] DEBUG: Panda Player Div ID extraído do embed: 'panda-1477af40-2166-428b-b98c-70477ab08e72'
[2025-11-21 17:31:14] [GENERATE_SIMPLE] Script generate_simple_certificate.php iniciado
[2025-11-21 17:31:14] [GENERATE_SIMPLE] Dados recebidos - Lecture: 1477af40-2166-428b-b98c-70477ab08e72, User: f4c84ced-9d70-11f0-916e-bad1eb27008a, Watched: 8400s
[2025-11-21 17:31:14] [GENERATE_SIMPLE] Iniciando validações simplificadas
[2025-11-21 17:31:14] [GENERATE_SIMPLE] Progresso no DB: 12011s, Enviado pelo cliente: 8400s
[2025-11-21 17:31:14] [GENERATE_SIMPLE] Tempo final considerado: 12011s
[2025-11-21 17:31:14] [GENERATE_SIMPLE] Duração total: 8400s, Requerido (85%): 7140s
[2025-11-21 17:31:14] [GENERATE_SIMPLE] Todas as validações passaram - gerando certificado
[2025-11-21 17:31:14] [GENERATE_SIMPLE] SUCESSO: Certificado inserido no banco - ID: 7bab3e60-f91e-48a4-9864-cb7b7f584ab1
[2025-11-21 17:31:14] [GENERATE_SIMPLE] DEBUG: [GENERATE_SIMPLE] Iniciando geração de PNG para ID: 7bab3e60-f91e-48a4-9864-cb7b7f584ab1
[2025-11-21 17:31:14] [GENERATE_SIMPLE] DEBUG: [GENERATE_SIMPLE] Conversão UTF-8 aplicada para geração.
[2025-11-21 17:31:14] [GENERATE_SIMPLE] DEBUG: [GENERATE_SIMPLE] Dimensões do template: Largura=3509, Altura=2481
[2025-11-21 17:31:14] [GENERATE_SIMPLE] DEBUG: [GENERATE_SIMPLE] Procurando fontes TTF para geração...
[2025-11-21 17:31:14] [GENERATE_SIMPLE] DEBUG: [GENERATE_SIMPLE] Fonte TTF Bold encontrada em: /home/u335416710/domains/translators101.com/public_html/v/includes/../fonts/DejaVuSans-Bold.ttf
[2025-11-21 17:31:14] [GENERATE_SIMPLE] DEBUG: [GENERATE_SIMPLE] Fonte TTF padrão encontrada em: /home/u335416710/domains/translators101.com/public_html/v/includes/../fonts/DejaVuSans-Bold.ttf
[2025-11-21 17:31:14] [GENERATE_SIMPLE] DEBUG: [GENERATE_SIMPLE] Usando imagettftext para geração.
[2025-11-21 17:31:14] [GENERATE_SIMPLE] DEBUG: [GENERATE_SIMPLE] Nome do usuário adicionado (X: 1060, Y: 1100).
[2025-11-21 17:31:14] [GENERATE_SIMPLE] DEBUG: [GENERATE_SIMPLE] Processando título: 'S04E05 — Afinal, o que é gramática? — Amanda Moura' (tamanho: 56 caracteres)
[2025-11-21 17:31:14] [GENERATE_SIMPLE] DEBUG: [GENERATE_SIMPLE] Título longo detectado - aplicando quebra de linha inteligente
[2025-11-21 17:31:14] [GENERATE_SIMPLE] DEBUG: [GENERATE_SIMPLE] Linha 1: 'Afinal, o que é gramática? — Amanda'
[2025-11-21 17:31:14] [GENERATE_SIMPLE] DEBUG: [GENERATE_SIMPLE] Linha 2: 'S04E05 — Moura'
[2025-11-21 17:31:14] [GENERATE_SIMPLE] DEBUG: [GENERATE_SIMPLE] Linha 1 adicionada (X: 1054, Y: 1350)
[2025-11-21 17:31:14] [GENERATE_SIMPLE] DEBUG: [GENERATE_SIMPLE] Linha 2 adicionada (X: 1442.5, Y: 1410)
[2025-11-21 17:31:14] [GENERATE_SIMPLE] DEBUG: [GENERATE_SIMPLE] Duração da palestra adicionada (X: 2000, Y: 1570).
[2025-11-21 17:31:14] [GENERATE_SIMPLE] DEBUG: [GENERATE_SIMPLE] Data de emissão adicionada (X: 850, Y: 2330).
[2025-11-21 17:31:14] [GENERATE_SIMPLE] DEBUG: [GENERATE_SIMPLE] ID do certificado adicionado (X: 280, Y: 2430).
[2025-11-21 17:31:14] [GENERATE_SIMPLE] DEBUG: URL de verificação gerada: https://v.translators101.com/verificar_certificado.php?id=7bab3e60-f91e-48a4-9864-cb7b7f584ab1
[2025-11-21 17:31:15] [GENERATE_SIMPLE] DEBUG: QR Code colado na imagem base.
[2025-11-21 17:31:15] [GENERATE_SIMPLE] DEBUG: [GENERATE_SIMPLE] QR Code adicionado à imagem durante a geração (X: 2989, Y: 2131, Tamanho: 300).
[2025-11-21 17:31:19] [GENERATE_SIMPLE] DEBUG: [GENERATE_SIMPLE] imagepng() retornou SUCESSO. Verificando se o arquivo gerado é um PNG válido.
[2025-11-21 17:31:19] [GENERATE_SIMPLE] INFO: [GENERATE_SIMPLE] Certificado PNG gerado e salvo com sucesso em: /home/u335416710/domains/translators101.com/public_html/v/includes/../certificates/certificate_7bab3e60-f91e-48a4-9864-cb7b7f584ab1.png. É um PNG válido.
[2025-11-21 17:31:19] [GENERATE_SIMPLE] SUCESSO: PNG gerado - /home/u335416710/domains/translators101.com/public_html/v/includes/../certificates/certificate_7bab3e60-f91e-48a4-9864-cb7b7f584ab1.png
[2025-11-21 17:31:19] [GENERATE_SIMPLE] DEBUG: [GENERATE_SIMPLE] Iniciando geração de PDF T101 CORRIGIDO para ID: 7bab3e60-f91e-48a4-9864-cb7b7f584ab1
[2025-11-21 17:31:19] [GENERATE_SIMPLE] DEBUG: [GENERATE_SIMPLE] TCPDF encontrado em: /home/u335416710/domains/translators101.com/public_html/v/includes/../vendor/tecnickcom/tcpdf/tcpdf.php
[2025-11-21 17:31:21] [GENERATE_SIMPLE] DEBUG: [GENERATE_SIMPLE] Template T101 oficial aplicado como fundo
[2025-11-21 17:31:21] [GENERATE_SIMPLE] DEBUG: URL de verificação gerada: https://v.translators101.com/verificar_certificado.php?id=7bab3e60-f91e-48a4-9864-cb7b7f584ab1
[2025-11-21 17:31:22] [GENERATE_SIMPLE] DEBUG: [GENERATE_SIMPLE] QR Code T101 adicionado ao PDF (posição corrigida)
[2025-11-21 17:31:22] [GENERATE_SIMPLE] SUCESSO: [GENERATE_SIMPLE] PDF T101 CORRIGIDO gerado em: /home/u335416710/domains/translators101.com/public_html/v/includes/../certificates/certificate_7bab3e60-f91e-48a4-9864-cb7b7f584ab1.pdf
[2025-11-21 17:31:22] [GENERATE_SIMPLE] SUCESSO: PDF gerado - /home/u335416710/domains/translators101.com/public_html/v/includes/../certificates/certificate_7bab3e60-f91e-48a4-9864-cb7b7f584ab1.pdf
[2025-11-21 17:31:22] [GENERATE_SIMPLE] SUCESSO: Certificado gerado - ID: 7bab3e60-f91e-48a4-9864-cb7b7f584ab1, PNG: SIM, PDF: SIM, Assistido: 12011s de 8400s (143%)
[2025-11-21 17:33:12] [PALESTRA] DEBUG: Script palestra.php iniciado.
[2025-11-21 17:33:12] [PALESTRA] DEBUG: Usuário tem permissão.
[2025-11-21 17:33:12] [PALESTRA] DEBUG: ID da palestra recebido: 1477af40-2166-428b-b98c-70477ab08e72
[2025-11-21 17:33:12] [PALESTRA] DEBUG: Palestra 'S04E05 — Afinal, o que é gramática? — Amanda Moura' encontrada. Duração em minutos: 140
[2025-11-21 17:33:12] [PALESTRA] DEBUG: User ID da sessão ('f4c84ced-9d70-11f0-916e-bad1eb27008a') é válido e existe na tabela 'users'.
[2025-11-21 17:33:12] [PALESTRA] DEBUG: Log existente encontrado. Progresso: 12130s
[2025-11-21 17:33:12] [PALESTRA] DEBUG: Progresso inicial carregado do DB (user_progress_seconds): 12130
[2025-11-21 17:33:12] [PALESTRA] DEBUG: Palestras relacionadas buscadas para categoria ''.
[2025-11-21 17:33:12] [PALESTRA] DEBUG: Verificação de certificado existente para exibição inicial. ID existente: 7bab3e60-f91e-48a4-9864-cb7b7f584ab1
[2025-11-21 17:33:12] [PALESTRA] DEBUG: Panda Player Div ID extraído do embed: 'panda-1477af40-2166-428b-b98c-70477ab08e72'
[2025-11-21 17:39:40] [PALESTRA] DEBUG: Script palestra.php iniciado.
[2025-11-21 17:39:40] [PALESTRA] DEBUG: Usuário tem permissão.
[2025-11-21 17:39:40] [PALESTRA] DEBUG: ID da palestra recebido: ce90bb32-28c4-4b15-97dd-77e28597ebc7
[2025-11-21 17:39:40] [PALESTRA] DEBUG: Palestra 'Aula aberta do TRADUSA ' encontrada. Duração em minutos: 74
[2025-11-21 17:39:40] [PALESTRA] DEBUG: User ID da sessão ('f4c84ced-9d70-11f0-916e-bad1eb27008a') é válido e existe na tabela 'users'.
[2025-11-21 17:39:40] [PALESTRA] INFO: Novo log de acesso registrado para palestra 'Aula aberta do TRADUSA ' (User ID: f4c84ced-9d70-11f0-916e-bad1eb27008a).
[2025-11-21 17:39:40] [PALESTRA] DEBUG: Progresso inicial carregado do DB (user_progress_seconds): 0
[2025-11-21 17:39:40] [PALESTRA] DEBUG: Palestras relacionadas buscadas para categoria ''.
[2025-11-21 17:39:40] [PALESTRA] DEBUG: Verificação de certificado existente para exibição inicial. ID existente: Nenhum
[2025-11-21 17:39:40] [PALESTRA] DEBUG: Panda Player Div ID extraído do embed: 'panda-ce90bb32-28c4-4b15-97dd-77e28597ebc7'
[2025-11-21 18:39:05] [PALESTRA] DEBUG: Script palestra.php iniciado.
[2025-11-21 18:39:05] [PALESTRA] DEBUG: Usuário tem permissão.
[2025-11-21 18:39:05] [PALESTRA] DEBUG: ID da palestra recebido: 5701392f-b0e2-11f0-916e-bad1eb27008a
[2025-11-21 18:39:05] [PALESTRA] DEBUG: Palestra 'S08E35 — No princípio, era o verbo (em 4 línguas): origens da Interpretação Simultânea' encontrada. Duração em minutos: 92
[2025-11-21 18:39:05] [PALESTRA] DEBUG: User ID da sessão ('5a1ccac2-c9d1-48a7-8fcc-4817e2daec4d') é válido e existe na tabela 'users'.
[2025-11-21 18:39:05] [PALESTRA] DEBUG: Log existente encontrado. Progresso: 105s
[2025-11-21 18:39:05] [PALESTRA] DEBUG: Progresso inicial carregado do DB (user_progress_seconds): 105
[2025-11-21 18:39:05] [PALESTRA] DEBUG: Palestras relacionadas buscadas para categoria 'Interpretação'.
[2025-11-21 18:39:05] [PALESTRA] DEBUG: Verificação de certificado existente para exibição inicial. ID existente: Nenhum
[2025-11-21 18:39:05] [PALESTRA] DEBUG: Panda Player Div ID extraído do embed: 'panda-eba5289b-c7e9-41eb-944d-88a696f6a366'
[2025-11-21 19:11:09] [PALESTRA] DEBUG: Script palestra.php iniciado.
[2025-11-21 19:11:09] [PALESTRA] DEBUG: Usuário tem permissão.
[2025-11-21 19:11:09] [PALESTRA] DEBUG: ID da palestra recebido: ce90bb32-28c4-4b15-97dd-77e28597ebc7
[2025-11-21 19:11:09] [PALESTRA] DEBUG: Palestra 'Aula aberta do TRADUSA ' encontrada. Duração em minutos: 74
[2025-11-21 19:11:09] [PALESTRA] DEBUG: User ID da sessão ('f4c84ced-9d70-11f0-916e-bad1eb27008a') é válido e existe na tabela 'users'.
[2025-11-21 19:11:09] [PALESTRA] DEBUG: Log existente encontrado. Progresso: 4723s
[2025-11-21 19:11:09] [PALESTRA] DEBUG: Progresso inicial carregado do DB (user_progress_seconds): 4723
[2025-11-21 19:11:09] [PALESTRA] DEBUG: Palestras relacionadas buscadas para categoria ''.
[2025-11-21 19:11:09] [PALESTRA] DEBUG: Verificação de certificado existente para exibição inicial. ID existente: Nenhum
[2025-11-21 19:11:09] [PALESTRA] DEBUG: Panda Player Div ID extraído do embed: 'panda-ce90bb32-28c4-4b15-97dd-77e28597ebc7'
[2025-11-21 20:05:02] [GENERATE_SIMPLE] Script generate_simple_certificate.php iniciado
[2025-11-21 20:05:02] [GENERATE_SIMPLE] Dados recebidos - Lecture: ce90bb32-28c4-4b15-97dd-77e28597ebc7, User: f4c84ced-9d70-11f0-916e-bad1eb27008a, Watched: 4440s
[2025-11-21 20:05:02] [GENERATE_SIMPLE] Iniciando validações simplificadas
[2025-11-21 20:05:02] [GENERATE_SIMPLE] Progresso no DB: 7946s, Enviado pelo cliente: 4440s
[2025-11-21 20:05:02] [GENERATE_SIMPLE] Tempo final considerado: 7946s
[2025-11-21 20:05:02] [GENERATE_SIMPLE] Duração total: 4440s, Requerido (85%): 3774s
[2025-11-21 20:05:02] [GENERATE_SIMPLE] Todas as validações passaram - gerando certificado
[2025-11-21 20:05:02] [GENERATE_SIMPLE] SUCESSO: Certificado inserido no banco - ID: c55f258c-845c-44ed-95ba-09322663740b
[2025-11-21 20:05:02] [GENERATE_SIMPLE] DEBUG: [GENERATE_SIMPLE] Iniciando geração de PNG para ID: c55f258c-845c-44ed-95ba-09322663740b
[2025-11-21 20:05:02] [GENERATE_SIMPLE] DEBUG: [GENERATE_SIMPLE] Conversão UTF-8 aplicada para geração.
[2025-11-21 20:05:02] [GENERATE_SIMPLE] DEBUG: [GENERATE_SIMPLE] Dimensões do template: Largura=3509, Altura=2481
[2025-11-21 20:05:02] [GENERATE_SIMPLE] DEBUG: [GENERATE_SIMPLE] Procurando fontes TTF para geração...
[2025-11-21 20:05:02] [GENERATE_SIMPLE] DEBUG: [GENERATE_SIMPLE] Fonte TTF Bold encontrada em: /home/u335416710/domains/translators101.com/public_html/v/includes/../fonts/DejaVuSans-Bold.ttf
[2025-11-21 20:05:02] [GENERATE_SIMPLE] DEBUG: [GENERATE_SIMPLE] Fonte TTF padrão encontrada em: /home/u335416710/domains/translators101.com/public_html/v/includes/../fonts/DejaVuSans-Bold.ttf
[2025-11-21 20:05:02] [GENERATE_SIMPLE] DEBUG: [GENERATE_SIMPLE] Usando imagettftext para geração.
[2025-11-21 20:05:02] [GENERATE_SIMPLE] DEBUG: [GENERATE_SIMPLE] Nome do usuário adicionado (X: 1060, Y: 1100).
[2025-11-21 20:05:02] [GENERATE_SIMPLE] DEBUG: [GENERATE_SIMPLE] Processando título: 'Aula aberta do TRADUSA ' (tamanho: 23 caracteres)
[2025-11-21 20:05:02] [GENERATE_SIMPLE] DEBUG: [GENERATE_SIMPLE] Título curto - usando layout centralizado
[2025-11-21 20:05:02] [GENERATE_SIMPLE] DEBUG: [GENERATE_SIMPLE] Título curto centralizado adicionado (X: 1083, Y: 1400)
[2025-11-21 20:05:02] [GENERATE_SIMPLE] DEBUG: [GENERATE_SIMPLE] Duração da palestra adicionada (X: 2000, Y: 1570).
[2025-11-21 20:05:02] [GENERATE_SIMPLE] DEBUG: [GENERATE_SIMPLE] Data de emissão adicionada (X: 850, Y: 2330).
[2025-11-21 20:05:02] [GENERATE_SIMPLE] DEBUG: [GENERATE_SIMPLE] ID do certificado adicionado (X: 280, Y: 2430).
[2025-11-21 20:05:02] [GENERATE_SIMPLE] DEBUG: URL de verificação gerada: https://v.translators101.com/verificar_certificado.php?id=c55f258c-845c-44ed-95ba-09322663740b
[2025-11-21 20:05:03] [GENERATE_SIMPLE] DEBUG: QR Code colado na imagem base.
[2025-11-21 20:05:03] [GENERATE_SIMPLE] DEBUG: [GENERATE_SIMPLE] QR Code adicionado à imagem durante a geração (X: 2989, Y: 2131, Tamanho: 300).
[2025-11-21 20:05:07] [GENERATE_SIMPLE] DEBUG: [GENERATE_SIMPLE] imagepng() retornou SUCESSO. Verificando se o arquivo gerado é um PNG válido.
[2025-11-21 20:05:07] [GENERATE_SIMPLE] INFO: [GENERATE_SIMPLE] Certificado PNG gerado e salvo com sucesso em: /home/u335416710/domains/translators101.com/public_html/v/includes/../certificates/certificate_c55f258c-845c-44ed-95ba-09322663740b.png. É um PNG válido.
[2025-11-21 20:05:07] [GENERATE_SIMPLE] SUCESSO: PNG gerado - /home/u335416710/domains/translators101.com/public_html/v/includes/../certificates/certificate_c55f258c-845c-44ed-95ba-09322663740b.png
[2025-11-21 20:05:07] [GENERATE_SIMPLE] DEBUG: [GENERATE_SIMPLE] Iniciando geração de PDF T101 CORRIGIDO para ID: c55f258c-845c-44ed-95ba-09322663740b
[2025-11-21 20:05:07] [GENERATE_SIMPLE] DEBUG: [GENERATE_SIMPLE] TCPDF encontrado em: /home/u335416710/domains/translators101.com/public_html/v/includes/../vendor/tecnickcom/tcpdf/tcpdf.php
[2025-11-21 20:05:09] [GENERATE_SIMPLE] DEBUG: [GENERATE_SIMPLE] Template T101 oficial aplicado como fundo
[2025-11-21 20:05:09] [GENERATE_SIMPLE] DEBUG: URL de verificação gerada: https://v.translators101.com/verificar_certificado.php?id=c55f258c-845c-44ed-95ba-09322663740b
[2025-11-21 20:05:10] [GENERATE_SIMPLE] DEBUG: [GENERATE_SIMPLE] QR Code T101 adicionado ao PDF (posição corrigida)
[2025-11-21 20:05:10] [GENERATE_SIMPLE] SUCESSO: [GENERATE_SIMPLE] PDF T101 CORRIGIDO gerado em: /home/u335416710/domains/translators101.com/public_html/v/includes/../certificates/certificate_c55f258c-845c-44ed-95ba-09322663740b.pdf
[2025-11-21 20:05:10] [GENERATE_SIMPLE] SUCESSO: PDF gerado - /home/u335416710/domains/translators101.com/public_html/v/includes/../certificates/certificate_c55f258c-845c-44ed-95ba-09322663740b.pdf
[2025-11-21 20:05:10] [GENERATE_SIMPLE] SUCESSO: Certificado gerado - ID: c55f258c-845c-44ed-95ba-09322663740b, PNG: SIM, PDF: SIM, Assistido: 7946s de 4440s (179%)
[2025-11-21 20:05:38] [PALESTRA] DEBUG: Script palestra.php iniciado.
[2025-11-21 20:05:38] [PALESTRA] DEBUG: Usuário tem permissão.
[2025-11-21 20:05:38] [PALESTRA] DEBUG: ID da palestra recebido: 5dd62066-a1fc-11f0-916e-bad1eb27008a
[2025-11-21 20:05:38] [PALESTRA] DEBUG: Palestra 'S08E28 — IA na tradução na área da saúde' encontrada. Duração em minutos: 72
[2025-11-21 20:05:38] [PALESTRA] DEBUG: User ID da sessão ('f4c84ced-9d70-11f0-916e-bad1eb27008a') é válido e existe na tabela 'users'.
[2025-11-21 20:05:38] [PALESTRA] DEBUG: Log existente encontrado. Progresso: 11690s
[2025-11-21 20:05:38] [PALESTRA] DEBUG: Progresso inicial carregado do DB (user_progress_seconds): 11690
[2025-11-21 20:05:38] [PALESTRA] DEBUG: Palestras relacionadas buscadas para categoria 'Técnica'.
[2025-11-21 20:05:38] [PALESTRA] DEBUG: Verificação de certificado existente para exibição inicial. ID existente: 3cf64f39-0f1d-483f-8bef-f4b7c6e083d1
[2025-11-21 20:05:38] [PALESTRA] DEBUG: Panda Player Div ID extraído do embed: 'panda-baaa605c-258d-4581-88b1-c9506c57190c'
[2025-11-21 20:05:52] [VIEW] DEBUG: Script view_certificate_files.php iniciado.
[2025-11-21 20:05:52] [VIEW] DEBUG: ID do certificado recebido: 3cf64f39-0f1d-483f-8bef-f4b7c6e083d1
[2025-11-21 20:05:52] [VIEW] DEBUG: Dados do certificado encontrados no banco de dados para ID: 3cf64f39-0f1d-483f-8bef-f4b7c6e083d1
[2025-11-21 20:05:52] [VIEW] DEBUG: Arquivo PNG encontrado: /home/u335416710/domains/translators101.com/public_html/v/certificates/certificate_3cf64f39-0f1d-483f-8bef-f4b7c6e083d1.png
[2025-11-21 20:05:52] [VIEW] DEBUG: Script view_certificate_files.php iniciado.
[2025-11-21 20:05:52] [VIEW] DEBUG: ID do certificado recebido: 3cf64f39-0f1d-483f-8bef-f4b7c6e083d1
[2025-11-21 20:05:52] [VIEW] DEBUG: Dados do certificado encontrados no banco de dados para ID: 3cf64f39-0f1d-483f-8bef-f4b7c6e083d1
[2025-11-21 20:05:52] [VIEW] DEBUG: Arquivo PNG encontrado: /home/u335416710/domains/translators101.com/public_html/v/certificates/certificate_3cf64f39-0f1d-483f-8bef-f4b7c6e083d1.png
[2025-11-21 20:05:52] [VIEW] DEBUG: Mostrando imagem diretamente: Certificado_WilzaYumiTakibayashi.png
[2025-11-21 20:05:52] [VIEW] INFO: Imagem PNG enviada para visualização direta.
[2025-11-21 20:06:36] [PALESTRA] DEBUG: Script palestra.php iniciado.
[2025-11-21 20:06:36] [PALESTRA] DEBUG: Usuário tem permissão.
[2025-11-21 20:06:36] [PALESTRA] DEBUG: ID da palestra recebido: 799b34b6-d7d9-43c2-ab06-a10bd323df84
[2025-11-21 20:06:36] [PALESTRA] DEBUG: Palestra 'S08E15 — Tradução Médica e ChatGPT: do Prontuário ao Prompt — Luciana Bonancio' encontrada. Duração em minutos: 83
[2025-11-21 20:06:36] [PALESTRA] DEBUG: User ID da sessão ('f4c84ced-9d70-11f0-916e-bad1eb27008a') é válido e existe na tabela 'users'.
[2025-11-21 20:06:36] [PALESTRA] DEBUG: Log existente encontrado. Progresso: 38s
[2025-11-21 20:06:36] [PALESTRA] DEBUG: Progresso inicial carregado do DB (user_progress_seconds): 38
[2025-11-21 20:06:36] [PALESTRA] DEBUG: Palestras relacionadas buscadas para categoria ''.
[2025-11-21 20:06:36] [PALESTRA] DEBUG: Verificação de certificado existente para exibição inicial. ID existente: Nenhum
[2025-11-21 20:06:36] [PALESTRA] DEBUG: Panda Player Div ID extraído do embed: 'panda-799b34b6-d7d9-43c2-ab06-a10bd323df84'
[2025-11-21 21:25:16] [VIEW] DEBUG: Script view_certificate_files.php iniciado.
[2025-11-21 21:25:16] [VIEW] DEBUG: ID do certificado recebido: ad96246e-da87-4ca5-8b5f-5deb2dd205e3
[2025-11-21 21:25:16] [VIEW] DEBUG: Dados do certificado encontrados no banco de dados para ID: ad96246e-da87-4ca5-8b5f-5deb2dd205e3
[2025-11-21 21:25:16] [VIEW] DEBUG: Arquivo PNG encontrado: /home/u335416710/domains/translators101.com/public_html/v/certificates/certificate_ad96246e-da87-4ca5-8b5f-5deb2dd205e3.png
[2025-11-21 21:29:39] [VIEW] DEBUG: Script view_certificate_files.php iniciado.
[2025-11-21 21:29:39] [VIEW] DEBUG: ID do certificado recebido: ad96246e-da87-4ca5-8b5f-5deb2dd205e3
[2025-11-21 21:29:39] [VIEW] DEBUG: Dados do certificado encontrados no banco de dados para ID: ad96246e-da87-4ca5-8b5f-5deb2dd205e3
[2025-11-21 21:29:39] [VIEW] DEBUG: Arquivo PNG encontrado: /home/u335416710/domains/translators101.com/public_html/v/certificates/certificate_ad96246e-da87-4ca5-8b5f-5deb2dd205e3.png
[2025-11-21 22:30:21] [GENERATE_SIMPLE] Script generate_simple_certificate.php iniciado
[2025-11-21 22:30:21] [GENERATE_SIMPLE] Dados recebidos - Lecture: 799b34b6-d7d9-43c2-ab06-a10bd323df84, User: f4c84ced-9d70-11f0-916e-bad1eb27008a, Watched: 4980s
[2025-11-21 22:30:21] [GENERATE_SIMPLE] Iniciando validações simplificadas
[2025-11-21 22:30:21] [GENERATE_SIMPLE] Progresso no DB: 8651s, Enviado pelo cliente: 4980s
[2025-11-21 22:30:21] [GENERATE_SIMPLE] Tempo final considerado: 8651s
[2025-11-21 22:30:21] [GENERATE_SIMPLE] Duração total: 4980s, Requerido (85%): 4233s
[2025-11-21 22:30:21] [GENERATE_SIMPLE] Todas as validações passaram - gerando certificado
[2025-11-21 22:30:21] [GENERATE_SIMPLE] SUCESSO: Certificado inserido no banco - ID: 71404744-a7a2-441e-a5f2-64456ee8a9f9
[2025-11-21 22:30:21] [GENERATE_SIMPLE] DEBUG: [GENERATE_SIMPLE] Iniciando geração de PNG para ID: 71404744-a7a2-441e-a5f2-64456ee8a9f9
[2025-11-21 22:30:22] [GENERATE_SIMPLE] DEBUG: [GENERATE_SIMPLE] Conversão UTF-8 aplicada para geração.
[2025-11-21 22:30:22] [GENERATE_SIMPLE] DEBUG: [GENERATE_SIMPLE] Dimensões do template: Largura=3509, Altura=2481
[2025-11-21 22:30:22] [GENERATE_SIMPLE] DEBUG: [GENERATE_SIMPLE] Procurando fontes TTF para geração...
[2025-11-21 22:30:22] [GENERATE_SIMPLE] DEBUG: [GENERATE_SIMPLE] Fonte TTF Bold encontrada em: /home/u335416710/domains/translators101.com/public_html/v/includes/../fonts/DejaVuSans-Bold.ttf
[2025-11-21 22:30:22] [GENERATE_SIMPLE] DEBUG: [GENERATE_SIMPLE] Fonte TTF padrão encontrada em: /home/u335416710/domains/translators101.com/public_html/v/includes/../fonts/DejaVuSans-Bold.ttf
[2025-11-21 22:30:22] [GENERATE_SIMPLE] DEBUG: [GENERATE_SIMPLE] Usando imagettftext para geração.
[2025-11-21 22:30:22] [GENERATE_SIMPLE] DEBUG: [GENERATE_SIMPLE] Nome do usuário adicionado (X: 1060, Y: 1100).
[2025-11-21 22:30:22] [GENERATE_SIMPLE] DEBUG: [GENERATE_SIMPLE] Processando título: 'S08E15 — Tradução Médica e ChatGPT: do Prontuário ao Prompt — Luciana Bonancio' (tamanho: 86 caracteres)
[2025-11-21 22:30:22] [GENERATE_SIMPLE] DEBUG: [GENERATE_SIMPLE] Título longo detectado - aplicando quebra de linha inteligente
[2025-11-21 22:30:22] [GENERATE_SIMPLE] DEBUG: [GENERATE_SIMPLE] Linha 1: 'S08E15 — Tradução Médica e ChatGPT: do Prontuário'
[2025-11-21 22:30:22] [GENERATE_SIMPLE] DEBUG: [GENERATE_SIMPLE] Linha 2: 'ao Prompt — Luciana Bonancio'
[2025-11-21 22:30:22] [GENERATE_SIMPLE] DEBUG: [GENERATE_SIMPLE] Linha 1 adicionada (X: 758.5, Y: 1350)
[2025-11-21 22:30:22] [GENERATE_SIMPLE] DEBUG: [GENERATE_SIMPLE] Linha 2 adicionada (X: 1176.5, Y: 1410)
[2025-11-21 22:30:22] [GENERATE_SIMPLE] DEBUG: [GENERATE_SIMPLE] Duração da palestra adicionada (X: 2000, Y: 1570).
[2025-11-21 22:30:22] [GENERATE_SIMPLE] DEBUG: [GENERATE_SIMPLE] Data de emissão adicionada (X: 850, Y: 2330).
[2025-11-21 22:30:22] [GENERATE_SIMPLE] DEBUG: [GENERATE_SIMPLE] ID do certificado adicionado (X: 280, Y: 2430).
[2025-11-21 22:30:22] [GENERATE_SIMPLE] DEBUG: URL de verificação gerada: https://v.translators101.com/verificar_certificado.php?id=71404744-a7a2-441e-a5f2-64456ee8a9f9
[2025-11-21 22:30:23] [GENERATE_SIMPLE] DEBUG: QR Code colado na imagem base.
[2025-11-21 22:30:23] [GENERATE_SIMPLE] DEBUG: [GENERATE_SIMPLE] QR Code adicionado à imagem durante a geração (X: 2989, Y: 2131, Tamanho: 300).
[2025-11-21 22:30:26] [GENERATE_SIMPLE] DEBUG: [GENERATE_SIMPLE] imagepng() retornou SUCESSO. Verificando se o arquivo gerado é um PNG válido.
[2025-11-21 22:30:26] [GENERATE_SIMPLE] INFO: [GENERATE_SIMPLE] Certificado PNG gerado e salvo com sucesso em: /home/u335416710/domains/translators101.com/public_html/v/includes/../certificates/certificate_71404744-a7a2-441e-a5f2-64456ee8a9f9.png. É um PNG válido.
[2025-11-21 22:30:26] [GENERATE_SIMPLE] SUCESSO: PNG gerado - /home/u335416710/domains/translators101.com/public_html/v/includes/../certificates/certificate_71404744-a7a2-441e-a5f2-64456ee8a9f9.png
[2025-11-21 22:30:26] [GENERATE_SIMPLE] DEBUG: [GENERATE_SIMPLE] Iniciando geração de PDF T101 CORRIGIDO para ID: 71404744-a7a2-441e-a5f2-64456ee8a9f9
[2025-11-21 22:30:26] [GENERATE_SIMPLE] DEBUG: [GENERATE_SIMPLE] TCPDF encontrado em: /home/u335416710/domains/translators101.com/public_html/v/includes/../vendor/tecnickcom/tcpdf/tcpdf.php
[2025-11-21 22:30:29] [GENERATE_SIMPLE] DEBUG: [GENERATE_SIMPLE] Template T101 oficial aplicado como fundo
[2025-11-21 22:30:29] [GENERATE_SIMPLE] DEBUG: URL de verificação gerada: https://v.translators101.com/verificar_certificado.php?id=71404744-a7a2-441e-a5f2-64456ee8a9f9
[2025-11-21 22:30:30] [GENERATE_SIMPLE] DEBUG: [GENERATE_SIMPLE] QR Code T101 adicionado ao PDF (posição corrigida)
[2025-11-21 22:30:30] [GENERATE_SIMPLE] SUCESSO: [GENERATE_SIMPLE] PDF T101 CORRIGIDO gerado em: /home/u335416710/domains/translators101.com/public_html/v/includes/../certificates/certificate_71404744-a7a2-441e-a5f2-64456ee8a9f9.pdf
[2025-11-21 22:30:30] [GENERATE_SIMPLE] SUCESSO: PDF gerado - /home/u335416710/domains/translators101.com/public_html/v/includes/../certificates/certificate_71404744-a7a2-441e-a5f2-64456ee8a9f9.pdf
[2025-11-21 22:30:30] [GENERATE_SIMPLE] SUCESSO: Certificado gerado - ID: 71404744-a7a2-441e-a5f2-64456ee8a9f9, PNG: SIM, PDF: SIM, Assistido: 8651s de 4980s (173.7%)
[2025-11-21 22:30:40] [PALESTRA] DEBUG: Script palestra.php iniciado.
[2025-11-21 22:30:40] [PALESTRA] DEBUG: Usuário tem permissão.
[2025-11-21 22:30:40] [PALESTRA] DEBUG: ID da palestra recebido: 799b34b6-d7d9-43c2-ab06-a10bd323df84
[2025-11-21 22:30:40] [PALESTRA] DEBUG: Palestra 'S08E15 — Tradução Médica e ChatGPT: do Prontuário ao Prompt — Luciana Bonancio' encontrada. Duração em minutos: 83
[2025-11-21 22:30:40] [PALESTRA] DEBUG: User ID da sessão ('f4c84ced-9d70-11f0-916e-bad1eb27008a') é válido e existe na tabela 'users'.
[2025-11-21 22:30:40] [PALESTRA] DEBUG: Log existente encontrado. Progresso: 8672s
[2025-11-21 22:30:40] [PALESTRA] DEBUG: Progresso inicial carregado do DB (user_progress_seconds): 8672
[2025-11-21 22:30:40] [PALESTRA] DEBUG: Palestras relacionadas buscadas para categoria ''.
[2025-11-21 22:30:40] [PALESTRA] DEBUG: Verificação de certificado existente para exibição inicial. ID existente: 71404744-a7a2-441e-a5f2-64456ee8a9f9
[2025-11-21 22:30:40] [PALESTRA] DEBUG: Panda Player Div ID extraído do embed: 'panda-799b34b6-d7d9-43c2-ab06-a10bd323df84'
[2025-11-22 16:04:47] [PALESTRA] DEBUG: Script palestra.php iniciado.
[2025-11-22 16:04:47] [PALESTRA] DEBUG: Usuário tem permissão.
[2025-11-22 16:04:47] [PALESTRA] DEBUG: ID da palestra recebido: dbec9252-a095-11f0-916e-bad1eb27008a
[2025-11-22 16:04:47] [PALESTRA] DEBUG: Palestra 'S08E27 — Linguagem imples: um novo campo de atuação para profissionais da tradução' encontrada. Duração em minutos: 86
[2025-11-22 16:04:47] [PALESTRA] DEBUG: User ID da sessão ('b07b5e61-115c-4613-ba02-b95bcc333fc5') é válido e existe na tabela 'users'.
[2025-11-22 16:04:47] [PALESTRA] INFO: Novo log de acesso registrado para palestra 'S08E27 — Linguagem imples: um novo campo de atuação para profissionais da tradução' (User ID: b07b5e61-115c-4613-ba02-b95bcc333fc5).
[2025-11-22 16:04:47] [PALESTRA] DEBUG: Progresso inicial carregado do DB (user_progress_seconds): 0
[2025-11-22 16:04:47] [PALESTRA] DEBUG: Palestras relacionadas buscadas para categoria 'Língua'.
[2025-11-22 16:04:47] [PALESTRA] DEBUG: Verificação de certificado existente para exibição inicial. ID existente: Nenhum
[2025-11-22 16:04:47] [PALESTRA] DEBUG: Panda Player Div ID extraído do embed: 'panda-742f3e1f-e0be-4f18-a011-b406f315520d'
[2025-11-22 21:09:29] [PALESTRA] DEBUG: Script palestra.php iniciado.
[2025-11-22 21:09:29] [PALESTRA] DEBUG: Usuário tem permissão.
[2025-11-22 21:09:29] [PALESTRA] DEBUG: ID da palestra recebido: 4119d6d0-c160-4471-bf02-18fe4d2551e5
[2025-11-22 21:09:29] [PALESTRA] DEBUG: Palestra 'S08E04 — Localizando aplicativos móveis: uma jornada desafiadora e limitante! — Bruna Beatriz' encontrada. Duração em minutos: 71
[2025-11-22 21:09:29] [PALESTRA] DEBUG: User ID da sessão ('b07b5e61-115c-4613-ba02-b95bcc333fc5') é válido e existe na tabela 'users'.
[2025-11-22 21:09:29] [PALESTRA] INFO: Novo log de acesso registrado para palestra 'S08E04 — Localizando aplicativos móveis: uma jornada desafiadora e limitante! — Bruna Beatriz' (User ID: b07b5e61-115c-4613-ba02-b95bcc333fc5).
[2025-11-22 21:09:29] [PALESTRA] DEBUG: Progresso inicial carregado do DB (user_progress_seconds): 0
[2025-11-22 21:09:29] [PALESTRA] DEBUG: Palestras relacionadas buscadas para categoria ''.
[2025-11-22 21:09:29] [PALESTRA] DEBUG: Verificação de certificado existente para exibição inicial. ID existente: Nenhum
[2025-11-22 21:09:29] [PALESTRA] DEBUG: Panda Player Div ID extraído do embed: 'panda-4119d6d0-c160-4471-bf02-18fe4d2551e5'
[2025-11-22 21:12:20] [PALESTRA] DEBUG: Script palestra.php iniciado.
[2025-11-22 21:12:20] [PALESTRA] DEBUG: Usuário tem permissão.
[2025-11-22 21:12:20] [PALESTRA] DEBUG: ID da palestra recebido: 58727194-4915-4ec4-9016-2c8cd1d9ea7d
[2025-11-22 21:12:20] [PALESTRA] DEBUG: Palestra 'S08E01 — LinkedIn para Tradutores: O Caminho das Pedras (e os Tiros no Pé) — Karine Souto' encontrada. Duração em minutos: 74
[2025-11-22 21:12:20] [PALESTRA] DEBUG: User ID da sessão ('b07b5e61-115c-4613-ba02-b95bcc333fc5') é válido e existe na tabela 'users'.
[2025-11-22 21:12:20] [PALESTRA] INFO: Novo log de acesso registrado para palestra 'S08E01 — LinkedIn para Tradutores: O Caminho das Pedras (e os Tiros no Pé) — Karine Souto' (User ID: b07b5e61-115c-4613-ba02-b95bcc333fc5).
[2025-11-22 21:12:20] [PALESTRA] DEBUG: Progresso inicial carregado do DB (user_progress_seconds): 0
[2025-11-22 21:12:20] [PALESTRA] DEBUG: Palestras relacionadas buscadas para categoria ''.
[2025-11-22 21:12:20] [PALESTRA] DEBUG: Verificação de certificado existente para exibição inicial. ID existente: Nenhum
[2025-11-22 21:12:20] [PALESTRA] DEBUG: Panda Player Div ID extraído do embed: 'panda-58727194-4915-4ec4-9016-2c8cd1d9ea7d'
[2025-11-22 21:13:07] [PALESTRA] DEBUG: Script palestra.php iniciado.
[2025-11-22 21:13:07] [PALESTRA] DEBUG: Usuário tem permissão.
[2025-11-22 21:13:07] [PALESTRA] DEBUG: ID da palestra recebido: 9f29c0c6-46ea-4126-94f1-edfba778c6d7
[2025-11-22 21:13:07] [PALESTRA] DEBUG: Palestra 'S07E48 — Gerente de projetos de tradução como perspectiva de carreira: mercado, funções e habilidades — Carolina Bisson' encontrada. Duração em minutos: 84
[2025-11-22 21:13:07] [PALESTRA] DEBUG: User ID da sessão ('b07b5e61-115c-4613-ba02-b95bcc333fc5') é válido e existe na tabela 'users'.
[2025-11-22 21:13:07] [PALESTRA] INFO: Novo log de acesso registrado para palestra 'S07E48 — Gerente de projetos de tradução como perspectiva de carreira: mercado, funções e habilidades — Carolina Bisson' (User ID: b07b5e61-115c-4613-ba02-b95bcc333fc5).
[2025-11-22 21:13:07] [PALESTRA] DEBUG: Progresso inicial carregado do DB (user_progress_seconds): 0
[2025-11-22 21:13:07] [PALESTRA] DEBUG: Palestras relacionadas buscadas para categoria ''.
[2025-11-22 21:13:07] [PALESTRA] DEBUG: Verificação de certificado existente para exibição inicial. ID existente: Nenhum
[2025-11-22 21:13:07] [PALESTRA] DEBUG: Panda Player Div ID extraído do embed: 'panda-9f29c0c6-46ea-4126-94f1-edfba778c6d7'
[2025-11-22 21:28:04] [PALESTRA] DEBUG: Script palestra.php iniciado.
[2025-11-22 21:28:04] [PALESTRA] DEBUG: Usuário tem permissão.
[2025-11-22 21:28:04] [PALESTRA] DEBUG: ID da palestra recebido: 25c7264b-4d94-482e-bf64-cb2c87c0347f
[2025-11-22 21:28:04] [PALESTRA] DEBUG: Palestra 'S04E38 — Falando de tradução para localização (apps, softwares, sites) — Samira Spolidorio' encontrada. Duração em minutos: 114
[2025-11-22 21:28:04] [PALESTRA] DEBUG: User ID da sessão ('b07b5e61-115c-4613-ba02-b95bcc333fc5') é válido e existe na tabela 'users'.
[2025-11-22 21:28:04] [PALESTRA] INFO: Novo log de acesso registrado para palestra 'S04E38 — Falando de tradução para localização (apps, softwares, sites) — Samira Spolidorio' (User ID: b07b5e61-115c-4613-ba02-b95bcc333fc5).
[2025-11-22 21:28:04] [PALESTRA] DEBUG: Progresso inicial carregado do DB (user_progress_seconds): 0
[2025-11-22 21:28:04] [PALESTRA] DEBUG: Palestras relacionadas buscadas para categoria ''.
[2025-11-22 21:28:04] [PALESTRA] DEBUG: Verificação de certificado existente para exibição inicial. ID existente: Nenhum
[2025-11-22 21:28:04] [PALESTRA] DEBUG: Panda Player Div ID extraído do embed: 'panda-25c7264b-4d94-482e-bf64-cb2c87c0347f'
[2025-11-22 22:10:03] [PALESTRA] DEBUG: Script palestra.php iniciado.
[2025-11-22 22:10:03] [PALESTRA] DEBUG: Usuário tem permissão.
[2025-11-22 22:10:03] [PALESTRA] DEBUG: ID da palestra recebido: 1f024cc5-a1fd-11f0-916e-bad1eb27008a
[2025-11-22 22:10:03] [PALESTRA] DEBUG: Palestra 'S08E29 — Assinatura de e-mail com imagens e links clicáveis no Gmail' encontrada. Duração em minutos: 90
[2025-11-22 22:10:03] [PALESTRA] DEBUG: User ID da sessão ('ab4c3637-53a3-4770-a1f3-44206078b9a2') é válido e existe na tabela 'users'.
[2025-11-22 22:10:03] [PALESTRA] INFO: Novo log de acesso registrado para palestra 'S08E29 — Assinatura de e-mail com imagens e links clicáveis no Gmail' (User ID: ab4c3637-53a3-4770-a1f3-44206078b9a2).
[2025-11-22 22:10:03] [PALESTRA] DEBUG: Progresso inicial carregado do DB (user_progress_seconds): 0
[2025-11-22 22:10:03] [PALESTRA] DEBUG: Palestras relacionadas buscadas para categoria 'Geral'.
[2025-11-22 22:10:03] [PALESTRA] DEBUG: Verificação de certificado existente para exibição inicial. ID existente: Nenhum
[2025-11-22 22:10:03] [PALESTRA] DEBUG: Panda Player Div ID extraído do embed: 'panda-6c04c40c-eb12-4074-97b8-d649dbc3c5f5'
[2025-11-22 22:11:57] [PALESTRA] DEBUG: Script palestra.php iniciado.
[2025-11-22 22:11:57] [PALESTRA] DEBUG: Usuário tem permissão.
[2025-11-22 22:11:57] [PALESTRA] DEBUG: ID da palestra recebido: 1f024cc5-a1fd-11f0-916e-bad1eb27008a
[2025-11-22 22:11:57] [PALESTRA] DEBUG: Palestra 'S08E29 — Assinatura de e-mail com imagens e links clicáveis no Gmail' encontrada. Duração em minutos: 90
[2025-11-22 22:11:57] [PALESTRA] DEBUG: User ID da sessão ('ab4c3637-53a3-4770-a1f3-44206078b9a2') é válido e existe na tabela 'users'.
[2025-11-22 22:11:57] [PALESTRA] DEBUG: Log existente encontrado. Progresso: 69s
[2025-11-22 22:11:57] [PALESTRA] DEBUG: Progresso inicial carregado do DB (user_progress_seconds): 69
[2025-11-22 22:11:57] [PALESTRA] DEBUG: Palestras relacionadas buscadas para categoria 'Geral'.
[2025-11-22 22:11:57] [PALESTRA] DEBUG: Verificação de certificado existente para exibição inicial. ID existente: Nenhum
[2025-11-22 22:11:57] [PALESTRA] DEBUG: Panda Player Div ID extraído do embed: 'panda-6c04c40c-eb12-4074-97b8-d649dbc3c5f5'
[2025-11-23 00:10:58] [VIEW] DEBUG: Script view_certificate_files.php iniciado.
[2025-11-23 00:10:58] [VIEW] DEBUG: ID do certificado recebido: cert_0416ba4738bc4ebd
[2025-11-23 00:10:58] [VIEW] DEBUG: Dados do certificado encontrados no banco de dados para ID: cert_0416ba4738bc4ebd
[2025-11-23 00:10:58] [VIEW] DEBUG: Arquivo PNG encontrado: /home/u335416710/domains/translators101.com/public_html/v/certificates/certificate_cert_0416ba4738bc4ebd.png
[2025-11-23 00:10:59] [VIEW] DEBUG: Script view_certificate_files.php iniciado.
[2025-11-23 00:10:59] [VIEW] DEBUG: ID do certificado recebido: cert_0416ba4738bc4ebd
[2025-11-23 00:10:59] [VIEW] DEBUG: Dados do certificado encontrados no banco de dados para ID: cert_0416ba4738bc4ebd
[2025-11-23 00:10:59] [VIEW] DEBUG: Arquivo PNG encontrado: /home/u335416710/domains/translators101.com/public_html/v/certificates/certificate_cert_0416ba4738bc4ebd.png
[2025-11-23 00:10:59] [VIEW] DEBUG: Mostrando imagem diretamente: Certificado_LauradaSilvaSantos.png
[2025-11-23 00:10:59] [VIEW] INFO: Imagem PNG enviada para visualização direta.
[2025-11-23 00:11:50] [VIEW] DEBUG: Script view_certificate_files.php iniciado.
[2025-11-23 00:11:50] [VIEW] DEBUG: ID do certificado recebido: cert_0416ba4738bc4ebd
[2025-11-23 00:11:50] [VIEW] DEBUG: Dados do certificado encontrados no banco de dados para ID: cert_0416ba4738bc4ebd
[2025-11-23 00:11:50] [VIEW] DEBUG: Arquivo PNG encontrado: /home/u335416710/domains/translators101.com/public_html/v/certificates/certificate_cert_0416ba4738bc4ebd.png
[2025-11-23 00:11:51] [VIEW] DEBUG: Script view_certificate_files.php iniciado.
[2025-11-23 00:11:51] [VIEW] DEBUG: ID do certificado recebido: cert_0416ba4738bc4ebd
[2025-11-23 00:11:51] [VIEW] DEBUG: Dados do certificado encontrados no banco de dados para ID: cert_0416ba4738bc4ebd
[2025-11-23 00:11:51] [VIEW] DEBUG: Arquivo PNG encontrado: /home/u335416710/domains/translators101.com/public_html/v/certificates/certificate_cert_0416ba4738bc4ebd.png
[2025-11-23 00:11:51] [VIEW] DEBUG: Mostrando imagem diretamente: Certificado_LauradaSilvaSantos.png
[2025-11-23 00:11:51] [VIEW] INFO: Imagem PNG enviada para visualização direta.
[2025-11-22 21:12:08] [DOWNLOAD] DEBUG: Script download_certificate_files.php iniciado.
[2025-11-22 21:12:08] [DOWNLOAD] DEBUG: ID do certificado recebido: cert_0416ba4738bc4ebd, formato solicitado: pdf
[2025-11-22 21:12:08] [DOWNLOAD] DEBUG: Dados do certificado encontrados no banco de dados.
[2025-11-22 21:12:08] [DOWNLOAD] DEBUG: Arquivo PNG encontrado: /home/u335416710/domains/translators101.com/public_html/v/certificates/certificate_cert_0416ba4738bc4ebd.png
[2025-11-22 21:12:08] [DOWNLOAD] DEBUG: Iniciando conversão PNG para PDF: /home/u335416710/domains/translators101.com/public_html/v/certificates/certificate_cert_0416ba4738bc4ebd.png -> /home/u335416710/domains/translators101.com/public_html/v/certificates/certificate_cert_0416ba4738bc4ebd_converted.pdf
[2025-11-22 21:12:08] [DOWNLOAD] SUCESSO: PDF criado com TCPDF: /home/u335416710/domains/translators101.com/public_html/v/certificates/certificate_cert_0416ba4738bc4ebd_converted.pdf
[2025-11-22 21:12:08] [DOWNLOAD] DEBUG: PNG convertido para PDF com sucesso: /home/u335416710/domains/translators101.com/public_html/v/certificates/certificate_cert_0416ba4738bc4ebd_converted.pdf
[2025-11-22 21:12:08] [DOWNLOAD] DEBUG: Preparando download final: Certificado_Laura_da_Silva_Santos_2025-11-22.pdf (Tipo: application/pdf) - Arquivo: /home/u335416710/domains/translators101.com/public_html/v/certificates/certificate_cert_0416ba4738bc4ebd_converted.pdf
[2025-11-22 21:12:08] [DOWNLOAD] INFO: Arquivo Certificado_Laura_da_Silva_Santos_2025-11-22.pdf enviado para download com sucesso.
[2025-11-23 00:12:27] [VIEW] DEBUG: Script view_certificate_files.php iniciado.
[2025-11-23 00:12:27] [VIEW] DEBUG: ID do certificado recebido: cert_5e6f3f18e90265cf
[2025-11-23 00:12:27] [VIEW] DEBUG: Dados do certificado encontrados no banco de dados para ID: cert_5e6f3f18e90265cf
[2025-11-23 00:12:27] [VIEW] DEBUG: Arquivo PNG encontrado: /home/u335416710/domains/translators101.com/public_html/v/certificates/certificate_cert_5e6f3f18e90265cf.png
[2025-11-23 00:12:27] [VIEW] DEBUG: Script view_certificate_files.php iniciado.
[2025-11-23 00:12:27] [VIEW] DEBUG: ID do certificado recebido: cert_5e6f3f18e90265cf
[2025-11-23 00:12:27] [VIEW] DEBUG: Dados do certificado encontrados no banco de dados para ID: cert_5e6f3f18e90265cf
[2025-11-23 00:12:27] [VIEW] DEBUG: Arquivo PNG encontrado: /home/u335416710/domains/translators101.com/public_html/v/certificates/certificate_cert_5e6f3f18e90265cf.png
[2025-11-23 00:12:27] [VIEW] DEBUG: Mostrando imagem diretamente: Certificado_LauradaSilvaSantos.png
[2025-11-23 00:12:27] [VIEW] INFO: Imagem PNG enviada para visualização direta.
[2025-11-22 21:12:34] [DOWNLOAD] DEBUG: Script download_certificate_files.php iniciado.
[2025-11-22 21:12:34] [DOWNLOAD] DEBUG: ID do certificado recebido: cert_5e6f3f18e90265cf, formato solicitado: pdf
[2025-11-22 21:12:34] [DOWNLOAD] DEBUG: Dados do certificado encontrados no banco de dados.
[2025-11-22 21:12:34] [DOWNLOAD] DEBUG: Arquivo PNG encontrado: /home/u335416710/domains/translators101.com/public_html/v/certificates/certificate_cert_5e6f3f18e90265cf.png
[2025-11-22 21:12:34] [DOWNLOAD] DEBUG: Iniciando conversão PNG para PDF: /home/u335416710/domains/translators101.com/public_html/v/certificates/certificate_cert_5e6f3f18e90265cf.png -> /home/u335416710/domains/translators101.com/public_html/v/certificates/certificate_cert_5e6f3f18e90265cf_converted.pdf
[2025-11-22 21:12:34] [DOWNLOAD] SUCESSO: PDF criado com TCPDF: /home/u335416710/domains/translators101.com/public_html/v/certificates/certificate_cert_5e6f3f18e90265cf_converted.pdf
[2025-11-22 21:12:34] [DOWNLOAD] DEBUG: PNG convertido para PDF com sucesso: /home/u335416710/domains/translators101.com/public_html/v/certificates/certificate_cert_5e6f3f18e90265cf_converted.pdf
[2025-11-22 21:12:34] [DOWNLOAD] DEBUG: Preparando download final: Certificado_Laura_da_Silva_Santos_2025-11-22.pdf (Tipo: application/pdf) - Arquivo: /home/u335416710/domains/translators101.com/public_html/v/certificates/certificate_cert_5e6f3f18e90265cf_converted.pdf
[2025-11-22 21:12:34] [DOWNLOAD] INFO: Arquivo Certificado_Laura_da_Silva_Santos_2025-11-22.pdf enviado para download com sucesso.
[2025-11-23 00:12:41] [VIEW] DEBUG: Script view_certificate_files.php iniciado.
[2025-11-23 00:12:41] [VIEW] DEBUG: ID do certificado recebido: cert_7902f0f20461fbf9
[2025-11-23 00:12:41] [VIEW] DEBUG: Dados do certificado encontrados no banco de dados para ID: cert_7902f0f20461fbf9
[2025-11-23 00:12:41] [VIEW] DEBUG: Arquivo PNG encontrado: /home/u335416710/domains/translators101.com/public_html/v/certificates/certificate_cert_7902f0f20461fbf9.png
[2025-11-23 00:12:41] [VIEW] DEBUG: Script view_certificate_files.php iniciado.
[2025-11-23 00:12:41] [VIEW] DEBUG: ID do certificado recebido: cert_7902f0f20461fbf9
[2025-11-23 00:12:41] [VIEW] DEBUG: Dados do certificado encontrados no banco de dados para ID: cert_7902f0f20461fbf9
[2025-11-23 00:12:41] [VIEW] DEBUG: Arquivo PNG encontrado: /home/u335416710/domains/translators101.com/public_html/v/certificates/certificate_cert_7902f0f20461fbf9.png
[2025-11-23 00:12:41] [VIEW] DEBUG: Mostrando imagem diretamente: Certificado_LauradaSilvaSantos.png
[2025-11-23 00:12:41] [VIEW] INFO: Imagem PNG enviada para visualização direta.
[2025-11-22 21:12:45] [DOWNLOAD] DEBUG: Script download_certificate_files.php iniciado.
[2025-11-22 21:12:45] [DOWNLOAD] DEBUG: ID do certificado recebido: cert_7902f0f20461fbf9, formato solicitado: pdf
[2025-11-22 21:12:45] [DOWNLOAD] DEBUG: Dados do certificado encontrados no banco de dados.
[2025-11-22 21:12:45] [DOWNLOAD] DEBUG: Arquivo PNG encontrado: /home/u335416710/domains/translators101.com/public_html/v/certificates/certificate_cert_7902f0f20461fbf9.png
[2025-11-22 21:12:45] [DOWNLOAD] DEBUG: Iniciando conversão PNG para PDF: /home/u335416710/domains/translators101.com/public_html/v/certificates/certificate_cert_7902f0f20461fbf9.png -> /home/u335416710/domains/translators101.com/public_html/v/certificates/certificate_cert_7902f0f20461fbf9_converted.pdf
[2025-11-22 21:12:45] [DOWNLOAD] SUCESSO: PDF criado com TCPDF: /home/u335416710/domains/translators101.com/public_html/v/certificates/certificate_cert_7902f0f20461fbf9_converted.pdf
[2025-11-22 21:12:45] [DOWNLOAD] DEBUG: PNG convertido para PDF com sucesso: /home/u335416710/domains/translators101.com/public_html/v/certificates/certificate_cert_7902f0f20461fbf9_converted.pdf
[2025-11-22 21:12:45] [DOWNLOAD] DEBUG: Preparando download final: Certificado_Laura_da_Silva_Santos_2025-11-22.pdf (Tipo: application/pdf) - Arquivo: /home/u335416710/domains/translators101.com/public_html/v/certificates/certificate_cert_7902f0f20461fbf9_converted.pdf
[2025-11-22 21:12:45] [DOWNLOAD] INFO: Arquivo Certificado_Laura_da_Silva_Santos_2025-11-22.pdf enviado para download com sucesso.
[2025-11-23 00:12:53] [VIEW] DEBUG: Script view_certificate_files.php iniciado.
[2025-11-23 00:12:53] [VIEW] DEBUG: ID do certificado recebido: cert_878f9c40a5e1679f
[2025-11-23 00:12:53] [VIEW] DEBUG: Dados do certificado encontrados no banco de dados para ID: cert_878f9c40a5e1679f
[2025-11-23 00:12:53] [VIEW] DEBUG: Arquivo PNG encontrado: /home/u335416710/domains/translators101.com/public_html/v/certificates/certificate_cert_878f9c40a5e1679f.png
[2025-11-23 00:12:53] [VIEW] DEBUG: Script view_certificate_files.php iniciado.
[2025-11-23 00:12:53] [VIEW] DEBUG: ID do certificado recebido: cert_878f9c40a5e1679f
[2025-11-23 00:12:53] [VIEW] DEBUG: Dados do certificado encontrados no banco de dados para ID: cert_878f9c40a5e1679f
[2025-11-23 00:12:53] [VIEW] DEBUG: Arquivo PNG encontrado: /home/u335416710/domains/translators101.com/public_html/v/certificates/certificate_cert_878f9c40a5e1679f.png
[2025-11-23 00:12:53] [VIEW] DEBUG: Mostrando imagem diretamente: Certificado_LauradaSilvaSantos.png
[2025-11-23 00:12:53] [VIEW] INFO: Imagem PNG enviada para visualização direta.
[2025-11-22 21:12:56] [DOWNLOAD] DEBUG: Script download_certificate_files.php iniciado.
[2025-11-22 21:12:56] [DOWNLOAD] DEBUG: ID do certificado recebido: cert_878f9c40a5e1679f, formato solicitado: pdf
[2025-11-22 21:12:56] [DOWNLOAD] DEBUG: Dados do certificado encontrados no banco de dados.
[2025-11-22 21:12:56] [DOWNLOAD] DEBUG: Arquivo PNG encontrado: /home/u335416710/domains/translators101.com/public_html/v/certificates/certificate_cert_878f9c40a5e1679f.png
[2025-11-22 21:12:56] [DOWNLOAD] DEBUG: Iniciando conversão PNG para PDF: /home/u335416710/domains/translators101.com/public_html/v/certificates/certificate_cert_878f9c40a5e1679f.png -> /home/u335416710/domains/translators101.com/public_html/v/certificates/certificate_cert_878f9c40a5e1679f_converted.pdf
[2025-11-22 21:12:56] [DOWNLOAD] SUCESSO: PDF criado com TCPDF: /home/u335416710/domains/translators101.com/public_html/v/certificates/certificate_cert_878f9c40a5e1679f_converted.pdf
[2025-11-22 21:12:56] [DOWNLOAD] DEBUG: PNG convertido para PDF com sucesso: /home/u335416710/domains/translators101.com/public_html/v/certificates/certificate_cert_878f9c40a5e1679f_converted.pdf
[2025-11-22 21:12:56] [DOWNLOAD] DEBUG: Preparando download final: Certificado_Laura_da_Silva_Santos_2025-11-22.pdf (Tipo: application/pdf) - Arquivo: /home/u335416710/domains/translators101.com/public_html/v/certificates/certificate_cert_878f9c40a5e1679f_converted.pdf
[2025-11-22 21:12:56] [DOWNLOAD] INFO: Arquivo Certificado_Laura_da_Silva_Santos_2025-11-22.pdf enviado para download com sucesso.
[2025-11-23 00:13:01] [VIEW] DEBUG: Script view_certificate_files.php iniciado.
[2025-11-23 00:13:01] [VIEW] DEBUG: ID do certificado recebido: cert_910fa5ce3a1a3a45
[2025-11-23 00:13:01] [VIEW] DEBUG: Dados do certificado encontrados no banco de dados para ID: cert_910fa5ce3a1a3a45
[2025-11-23 00:13:01] [VIEW] DEBUG: Arquivo PNG encontrado: /home/u335416710/domains/translators101.com/public_html/v/certificates/certificate_cert_910fa5ce3a1a3a45.png
[2025-11-23 00:13:01] [VIEW] DEBUG: Script view_certificate_files.php iniciado.
[2025-11-23 00:13:01] [VIEW] DEBUG: ID do certificado recebido: cert_910fa5ce3a1a3a45
[2025-11-23 00:13:01] [VIEW] DEBUG: Dados do certificado encontrados no banco de dados para ID: cert_910fa5ce3a1a3a45
[2025-11-23 00:13:01] [VIEW] DEBUG: Arquivo PNG encontrado: /home/u335416710/domains/translators101.com/public_html/v/certificates/certificate_cert_910fa5ce3a1a3a45.png
[2025-11-23 00:13:01] [VIEW] DEBUG: Mostrando imagem diretamente: Certificado_LauradaSilvaSantos.png
[2025-11-23 00:13:01] [VIEW] INFO: Imagem PNG enviada para visualização direta.
[2025-11-22 21:13:14] [DOWNLOAD] DEBUG: Script download_certificate_files.php iniciado.
[2025-11-22 21:13:14] [DOWNLOAD] DEBUG: ID do certificado recebido: cert_910fa5ce3a1a3a45, formato solicitado: pdf
[2025-11-22 21:13:14] [DOWNLOAD] DEBUG: Dados do certificado encontrados no banco de dados.
[2025-11-22 21:13:14] [DOWNLOAD] DEBUG: Arquivo PNG encontrado: /home/u335416710/domains/translators101.com/public_html/v/certificates/certificate_cert_910fa5ce3a1a3a45.png
[2025-11-22 21:13:14] [DOWNLOAD] DEBUG: Iniciando conversão PNG para PDF: /home/u335416710/domains/translators101.com/public_html/v/certificates/certificate_cert_910fa5ce3a1a3a45.png -> /home/u335416710/domains/translators101.com/public_html/v/certificates/certificate_cert_910fa5ce3a1a3a45_converted.pdf
[2025-11-22 21:13:14] [DOWNLOAD] SUCESSO: PDF criado com TCPDF: /home/u335416710/domains/translators101.com/public_html/v/certificates/certificate_cert_910fa5ce3a1a3a45_converted.pdf
[2025-11-22 21:13:14] [DOWNLOAD] DEBUG: PNG convertido para PDF com sucesso: /home/u335416710/domains/translators101.com/public_html/v/certificates/certificate_cert_910fa5ce3a1a3a45_converted.pdf
[2025-11-22 21:13:14] [DOWNLOAD] DEBUG: Preparando download final: Certificado_Laura_da_Silva_Santos_2025-11-22.pdf (Tipo: application/pdf) - Arquivo: /home/u335416710/domains/translators101.com/public_html/v/certificates/certificate_cert_910fa5ce3a1a3a45_converted.pdf
[2025-11-22 21:13:14] [DOWNLOAD] INFO: Arquivo Certificado_Laura_da_Silva_Santos_2025-11-22.pdf enviado para download com sucesso.
[2025-11-23 00:13:22] [VIEW] DEBUG: Script view_certificate_files.php iniciado.
[2025-11-23 00:13:22] [VIEW] DEBUG: ID do certificado recebido: cert_94a3810afa033ab3
[2025-11-23 00:13:22] [VIEW] DEBUG: Dados do certificado encontrados no banco de dados para ID: cert_94a3810afa033ab3
[2025-11-23 00:13:22] [VIEW] DEBUG: Arquivo PNG encontrado: /home/u335416710/domains/translators101.com/public_html/v/certificates/certificate_cert_94a3810afa033ab3.png
[2025-11-23 00:13:22] [VIEW] DEBUG: Script view_certificate_files.php iniciado.
[2025-11-23 00:13:22] [VIEW] DEBUG: ID do certificado recebido: cert_94a3810afa033ab3
[2025-11-23 00:13:22] [VIEW] DEBUG: Dados do certificado encontrados no banco de dados para ID: cert_94a3810afa033ab3
[2025-11-23 00:13:22] [VIEW] DEBUG: Arquivo PNG encontrado: /home/u335416710/domains/translators101.com/public_html/v/certificates/certificate_cert_94a3810afa033ab3.png
[2025-11-23 00:13:22] [VIEW] DEBUG: Mostrando imagem diretamente: Certificado_LauradaSilvaSantos.png
[2025-11-23 00:13:22] [VIEW] INFO: Imagem PNG enviada para visualização direta.
[2025-11-22 21:13:26] [DOWNLOAD] DEBUG: Script download_certificate_files.php iniciado.
[2025-11-22 21:13:26] [DOWNLOAD] DEBUG: ID do certificado recebido: cert_94a3810afa033ab3, formato solicitado: pdf
[2025-11-22 21:13:26] [DOWNLOAD] DEBUG: Dados do certificado encontrados no banco de dados.
[2025-11-22 21:13:26] [DOWNLOAD] DEBUG: Arquivo PNG encontrado: /home/u335416710/domains/translators101.com/public_html/v/certificates/certificate_cert_94a3810afa033ab3.png
[2025-11-22 21:13:26] [DOWNLOAD] DEBUG: Iniciando conversão PNG para PDF: /home/u335416710/domains/translators101.com/public_html/v/certificates/certificate_cert_94a3810afa033ab3.png -> /home/u335416710/domains/translators101.com/public_html/v/certificates/certificate_cert_94a3810afa033ab3_converted.pdf
[2025-11-22 21:13:26] [DOWNLOAD] SUCESSO: PDF criado com TCPDF: /home/u335416710/domains/translators101.com/public_html/v/certificates/certificate_cert_94a3810afa033ab3_converted.pdf
[2025-11-22 21:13:26] [DOWNLOAD] DEBUG: PNG convertido para PDF com sucesso: /home/u335416710/domains/translators101.com/public_html/v/certificates/certificate_cert_94a3810afa033ab3_converted.pdf
[2025-11-22 21:13:26] [DOWNLOAD] DEBUG: Preparando download final: Certificado_Laura_da_Silva_Santos_2025-11-22.pdf (Tipo: application/pdf) - Arquivo: /home/u335416710/domains/translators101.com/public_html/v/certificates/certificate_cert_94a3810afa033ab3_converted.pdf
[2025-11-22 21:13:26] [DOWNLOAD] INFO: Arquivo Certificado_Laura_da_Silva_Santos_2025-11-22.pdf enviado para download com sucesso.
[2025-11-23 00:17:19] [PALESTRA] DEBUG: Script palestra.php iniciado.
[2025-11-23 00:17:19] [PALESTRA] DEBUG: Usuário tem permissão.
[2025-11-23 00:17:19] [PALESTRA] DEBUG: ID da palestra recebido: 5701392f-b0e2-11f0-916e-bad1eb27008a
[2025-11-23 00:17:19] [PALESTRA] DEBUG: Palestra 'S08E35 — No princípio, era o verbo (em 4 línguas): origens da Interpretação Simultânea' encontrada. Duração em minutos: 92
[2025-11-23 00:17:19] [PALESTRA] DEBUG: User ID da sessão ('5a1ccac2-c9d1-48a7-8fcc-4817e2daec4d') é válido e existe na tabela 'users'.
[2025-11-23 00:17:19] [PALESTRA] DEBUG: Log existente encontrado. Progresso: 998s
[2025-11-23 00:17:19] [PALESTRA] DEBUG: Progresso inicial carregado do DB (user_progress_seconds): 998
[2025-11-23 00:17:19] [PALESTRA] DEBUG: Palestras relacionadas buscadas para categoria 'Interpretação'.
[2025-11-23 00:17:19] [PALESTRA] DEBUG: Verificação de certificado existente para exibição inicial. ID existente: Nenhum
[2025-11-23 00:17:19] [PALESTRA] DEBUG: Panda Player Div ID extraído do embed: 'panda-eba5289b-c7e9-41eb-944d-88a696f6a366'
[2025-11-23 00:17:33] [PALESTRA] DEBUG: Script palestra.php iniciado.
[2025-11-23 00:17:33] [PALESTRA] DEBUG: Usuário tem permissão.
[2025-11-23 00:17:33] [PALESTRA] DEBUG: ID da palestra recebido: 5701392f-b0e2-11f0-916e-bad1eb27008a
[2025-11-23 00:17:33] [PALESTRA] DEBUG: Palestra 'S08E35 — No princípio, era o verbo (em 4 línguas): origens da Interpretação Simultânea' encontrada. Duração em minutos: 92
[2025-11-23 00:17:33] [PALESTRA] DEBUG: User ID da sessão ('5a1ccac2-c9d1-48a7-8fcc-4817e2daec4d') é válido e existe na tabela 'users'.
[2025-11-23 00:17:33] [PALESTRA] DEBUG: Log existente encontrado. Progresso: 1004s
[2025-11-23 00:17:33] [PALESTRA] DEBUG: Progresso inicial carregado do DB (user_progress_seconds): 1004
[2025-11-23 00:17:33] [PALESTRA] DEBUG: Palestras relacionadas buscadas para categoria 'Interpretação'.
[2025-11-23 00:17:33] [PALESTRA] DEBUG: Verificação de certificado existente para exibição inicial. ID existente: Nenhum
[2025-11-23 00:17:33] [PALESTRA] DEBUG: Panda Player Div ID extraído do embed: 'panda-eba5289b-c7e9-41eb-944d-88a696f6a366'
[2025-11-23 22:52:21] [PALESTRA] DEBUG: Script palestra.php iniciado.
[2025-11-23 22:52:21] [PALESTRA] DEBUG: Usuário tem permissão.
[2025-11-23 22:52:21] [PALESTRA] DEBUG: ID da palestra recebido: f822886b-c621-11f0-916e-bad1eb27008a
[2025-11-23 22:52:21] [PALESTRA] DEBUG: Palestra 'S08E39 — Falsos amigos: como identificá-los e estratégias para traduzi-los' encontrada. Duração em minutos: 62
[2025-11-23 22:52:21] [PALESTRA] DEBUG: User ID da sessão ('5a1ccac2-c9d1-48a7-8fcc-4817e2daec4d') é válido e existe na tabela 'users'.
[2025-11-23 22:52:21] [PALESTRA] INFO: Novo log de acesso registrado para palestra 'S08E39 — Falsos amigos: como identificá-los e estratégias para traduzi-los' (User ID: 5a1ccac2-c9d1-48a7-8fcc-4817e2daec4d).
[2025-11-23 22:52:21] [PALESTRA] DEBUG: Progresso inicial carregado do DB (user_progress_seconds): 0
[2025-11-23 22:52:21] [PALESTRA] DEBUG: Palestras relacionadas buscadas para categoria 'Geral'.
[2025-11-23 22:52:21] [PALESTRA] DEBUG: Verificação de certificado existente para exibição inicial. ID existente: Nenhum
[2025-11-23 22:52:21] [PALESTRA] DEBUG: Panda Player Div ID extraído do embed: 'panda-7fd70775-d92b-41c7-9f1b-798819297707'
[2025-11-23 22:55:16] [PALESTRA] DEBUG: Script palestra.php iniciado.
[2025-11-23 22:55:16] [PALESTRA] DEBUG: Usuário tem permissão.
[2025-11-23 22:55:16] [PALESTRA] DEBUG: ID da palestra recebido: 3c505f08-4a99-402c-a8e0-4481b4f15b50
[2025-11-23 22:55:16] [PALESTRA] DEBUG: Palestra 'S07E22 — Portuguese into English?! Brasileiros podem fazer versões de qualidade para o inglês? — Aline Tomasuolo' encontrada. Duração em minutos: 60
[2025-11-23 22:55:16] [PALESTRA] DEBUG: User ID da sessão ('5a1ccac2-c9d1-48a7-8fcc-4817e2daec4d') é válido e existe na tabela 'users'.
[2025-11-23 22:55:16] [PALESTRA] INFO: Novo log de acesso registrado para palestra 'S07E22 — Portuguese into English?! Brasileiros podem fazer versões de qualidade para o inglês? — Aline Tomasuolo' (User ID: 5a1ccac2-c9d1-48a7-8fcc-4817e2daec4d).
[2025-11-23 22:55:16] [PALESTRA] DEBUG: Progresso inicial carregado do DB (user_progress_seconds): 0
[2025-11-23 22:55:16] [PALESTRA] DEBUG: Palestras relacionadas buscadas para categoria ''.
[2025-11-23 22:55:16] [PALESTRA] DEBUG: Verificação de certificado existente para exibição inicial. ID existente: Nenhum
[2025-11-23 22:55:16] [PALESTRA] DEBUG: Panda Player Div ID extraído do embed: 'panda-3c505f08-4a99-402c-a8e0-4481b4f15b50'
[2025-11-24 00:01:47] [PALESTRA] DEBUG: Script palestra.php iniciado.
[2025-11-24 00:01:47] [PALESTRA] DEBUG: Usuário tem permissão.
[2025-11-24 00:01:47] [PALESTRA] DEBUG: ID da palestra recebido: b9e298ef-a094-11f0-916e-bad1eb27008a
[2025-11-24 00:01:47] [PALESTRA] DEBUG: Palestra 'S08E26 — Prospecção no mercado editorial' encontrada. Duração em minutos: 108
[2025-11-24 00:01:47] [PALESTRA] DEBUG: User ID da sessão ('4597d074-9d71-11f0-916e-bad1eb27008a') é válido e existe na tabela 'users'.
[2025-11-24 00:01:47] [PALESTRA] INFO: Novo log de acesso registrado para palestra 'S08E26 — Prospecção no mercado editorial' (User ID: 4597d074-9d71-11f0-916e-bad1eb27008a).
[2025-11-24 00:01:47] [PALESTRA] DEBUG: Progresso inicial carregado do DB (user_progress_seconds): 0
[2025-11-24 00:01:47] [PALESTRA] DEBUG: Palestras relacionadas buscadas para categoria 'Literária'.
[2025-11-24 00:01:47] [PALESTRA] DEBUG: Verificação de certificado existente para exibição inicial. ID existente: Nenhum
[2025-11-24 00:01:47] [PALESTRA] DEBUG: Panda Player Div ID extraído do embed: 'panda-5dcfba36-dd83-45fa-acb5-9aaf288ea066'
[2025-11-24 16:01:23] [PALESTRA] DEBUG: Script palestra.php iniciado.
[2025-11-24 16:01:23] [PALESTRA] DEBUG: Usuário tem permissão.
[2025-11-24 16:01:23] [PALESTRA] DEBUG: ID da palestra recebido: 9744bfe0-ab7e-11f0-916e-bad1eb27008a
[2025-11-24 16:01:23] [PALESTRA] DEBUG: Palestra 'S08E33 — TDAH, autismo ou altas habilidades? Então, use seus superpoderes na tradução' encontrada. Duração em minutos: 92
[2025-11-24 16:01:23] [PALESTRA] DEBUG: User ID da sessão ('09711ff9-47ed-4c6a-b39a-2f00ac65caa5') é válido e existe na tabela 'users'.
[2025-11-24 16:01:23] [PALESTRA] INFO: Novo log de acesso registrado para palestra 'S08E33 — TDAH, autismo ou altas habilidades? Então, use seus superpoderes na tradução' (User ID: 09711ff9-47ed-4c6a-b39a-2f00ac65caa5).
[2025-11-24 16:01:23] [PALESTRA] DEBUG: Progresso inicial carregado do DB (user_progress_seconds): 0
[2025-11-24 16:01:23] [PALESTRA] DEBUG: Palestras relacionadas buscadas para categoria 'Geral'.
[2025-11-24 16:01:23] [PALESTRA] DEBUG: Verificação de certificado existente para exibição inicial. ID existente: Nenhum
[2025-11-24 16:01:23] [PALESTRA] DEBUG: Panda Player Div ID extraído do embed: 'panda-9b6c3409-36bd-4314-a418-b2077b81cee5'
[2025-11-24 19:38:27] [PALESTRA] DEBUG: Script palestra.php iniciado.
[2025-11-24 19:38:27] [PALESTRA] DEBUG: Usuário tem permissão.
[2025-11-24 19:38:27] [PALESTRA] DEBUG: ID da palestra recebido: 5dd62066-a1fc-11f0-916e-bad1eb27008a
[2025-11-24 19:38:27] [PALESTRA] DEBUG: Palestra 'S08E28 — IA na tradução na área da saúde' encontrada. Duração em minutos: 72
[2025-11-24 19:38:27] [PALESTRA] DEBUG: User ID da sessão ('ac42f562-bcde-4867-811d-f5e23508f0c5') é válido e existe na tabela 'users'.
[2025-11-24 19:38:27] [PALESTRA] INFO: Novo log de acesso registrado para palestra 'S08E28 — IA na tradução na área da saúde' (User ID: ac42f562-bcde-4867-811d-f5e23508f0c5).
[2025-11-24 19:38:27] [PALESTRA] DEBUG: Progresso inicial carregado do DB (user_progress_seconds): 0
[2025-11-24 19:38:27] [PALESTRA] DEBUG: Palestras relacionadas buscadas para categoria 'Técnica'.
[2025-11-24 19:38:27] [PALESTRA] DEBUG: Verificação de certificado existente para exibição inicial. ID existente: Nenhum
[2025-11-24 19:38:27] [PALESTRA] DEBUG: Panda Player Div ID extraído do embed: 'panda-baaa605c-258d-4581-88b1-c9506c57190c'
[2025-11-24 20:55:55] [PALESTRA] DEBUG: Script palestra.php iniciado.
[2025-11-24 20:55:55] [PALESTRA] DEBUG: Usuário tem permissão.
[2025-11-24 20:55:55] [PALESTRA] DEBUG: ID da palestra recebido: 799b34b6-d7d9-43c2-ab06-a10bd323df84
[2025-11-24 20:55:55] [PALESTRA] DEBUG: Palestra 'S08E15 — Tradução Médica e ChatGPT: do Prontuário ao Prompt — Luciana Bonancio' encontrada. Duração em minutos: 83
[2025-11-24 20:55:55] [PALESTRA] DEBUG: User ID da sessão ('ac42f562-bcde-4867-811d-f5e23508f0c5') é válido e existe na tabela 'users'.
[2025-11-24 20:55:55] [PALESTRA] INFO: Novo log de acesso registrado para palestra 'S08E15 — Tradução Médica e ChatGPT: do Prontuário ao Prompt — Luciana Bonancio' (User ID: ac42f562-bcde-4867-811d-f5e23508f0c5).
[2025-11-24 20:55:55] [PALESTRA] DEBUG: Progresso inicial carregado do DB (user_progress_seconds): 0
[2025-11-24 20:55:55] [PALESTRA] DEBUG: Palestras relacionadas buscadas para categoria ''.
[2025-11-24 20:55:55] [PALESTRA] DEBUG: Verificação de certificado existente para exibição inicial. ID existente: Nenhum
[2025-11-24 20:55:55] [PALESTRA] DEBUG: Panda Player Div ID extraído do embed: 'panda-799b34b6-d7d9-43c2-ab06-a10bd323df84'
[2025-11-24 21:19:00] [GENERATE_SIMPLE] Script generate_simple_certificate.php iniciado
[2025-11-24 21:19:00] [GENERATE_SIMPLE] Dados recebidos - Lecture: 9744bfe0-ab7e-11f0-916e-bad1eb27008a, User: 09711ff9-47ed-4c6a-b39a-2f00ac65caa5, Watched: 5520s
[2025-11-24 21:19:00] [GENERATE_SIMPLE] Iniciando validações simplificadas
[2025-11-24 21:19:00] [GENERATE_SIMPLE] Progresso no DB: 19042s, Enviado pelo cliente: 5520s
[2025-11-24 21:19:00] [GENERATE_SIMPLE] Tempo final considerado: 19042s
[2025-11-24 21:19:00] [GENERATE_SIMPLE] Duração total: 5520s, Requerido (85%): 4692s
[2025-11-24 21:19:00] [GENERATE_SIMPLE] Todas as validações passaram - gerando certificado
[2025-11-24 21:19:00] [GENERATE_SIMPLE] SUCESSO: Certificado inserido no banco - ID: cffe7afe-8eac-4107-bc4a-2b8aca7ee313
[2025-11-24 21:19:00] [GENERATE_SIMPLE] DEBUG: [GENERATE_SIMPLE] Iniciando geração de PNG para ID: cffe7afe-8eac-4107-bc4a-2b8aca7ee313
[2025-11-24 21:19:00] [GENERATE_SIMPLE] DEBUG: [GENERATE_SIMPLE] Conversão UTF-8 aplicada para geração.
[2025-11-24 21:19:00] [GENERATE_SIMPLE] DEBUG: [GENERATE_SIMPLE] Dimensões do template: Largura=3509, Altura=2481
[2025-11-24 21:19:00] [GENERATE_SIMPLE] DEBUG: [GENERATE_SIMPLE] Procurando fontes TTF para geração...
[2025-11-24 21:19:00] [GENERATE_SIMPLE] DEBUG: [GENERATE_SIMPLE] Fonte TTF Bold encontrada em: /home/u335416710/domains/translators101.com/public_html/v/includes/../fonts/DejaVuSans-Bold.ttf
[2025-11-24 21:19:00] [GENERATE_SIMPLE] DEBUG: [GENERATE_SIMPLE] Fonte TTF padrão encontrada em: /home/u335416710/domains/translators101.com/public_html/v/includes/../fonts/DejaVuSans-Bold.ttf
[2025-11-24 21:19:00] [GENERATE_SIMPLE] DEBUG: [GENERATE_SIMPLE] Usando imagettftext para geração.
[2025-11-24 21:19:00] [GENERATE_SIMPLE] DEBUG: [GENERATE_SIMPLE] Nome do usuário adicionado (X: 1044.5, Y: 1100).
[2025-11-24 21:19:00] [GENERATE_SIMPLE] DEBUG: [GENERATE_SIMPLE] Processando título: 'S08E33 — TDAH, autismo ou altas habilidades? Então, use seus superpoderes na tradução' (tamanho: 90 caracteres)
[2025-11-24 21:19:00] [GENERATE_SIMPLE] DEBUG: [GENERATE_SIMPLE] Título longo detectado - aplicando quebra de linha inteligente
[2025-11-24 21:19:00] [GENERATE_SIMPLE] DEBUG: [GENERATE_SIMPLE] Linha 1: 'S08E33 — TDAH, autismo ou altas habilidades? Então,'
[2025-11-24 21:19:00] [GENERATE_SIMPLE] DEBUG: [GENERATE_SIMPLE] Linha 2: 'use seus superpoderes na tradução'
[2025-11-24 21:19:00] [GENERATE_SIMPLE] DEBUG: [GENERATE_SIMPLE] Linha 1 adicionada (X: 741.5, Y: 1350)
[2025-11-24 21:19:00] [GENERATE_SIMPLE] DEBUG: [GENERATE_SIMPLE] Linha 2 adicionada (X: 1087.5, Y: 1410)
[2025-11-24 21:19:00] [GENERATE_SIMPLE] DEBUG: [GENERATE_SIMPLE] Duração da palestra adicionada (X: 2000, Y: 1570).
[2025-11-24 21:19:00] [GENERATE_SIMPLE] DEBUG: [GENERATE_SIMPLE] Data de emissão adicionada (X: 850, Y: 2330).
[2025-11-24 21:19:00] [GENERATE_SIMPLE] DEBUG: [GENERATE_SIMPLE] ID do certificado adicionado (X: 280, Y: 2430).
[2025-11-24 21:19:00] [GENERATE_SIMPLE] DEBUG: URL de verificação gerada: https://v.translators101.com/verificar_certificado.php?id=cffe7afe-8eac-4107-bc4a-2b8aca7ee313
[2025-11-24 21:19:01] [GENERATE_SIMPLE] DEBUG: QR Code colado na imagem base.
[2025-11-24 21:19:01] [GENERATE_SIMPLE] DEBUG: [GENERATE_SIMPLE] QR Code adicionado à imagem durante a geração (X: 2989, Y: 2131, Tamanho: 300).
[2025-11-24 21:19:05] [GENERATE_SIMPLE] DEBUG: [GENERATE_SIMPLE] imagepng() retornou SUCESSO. Verificando se o arquivo gerado é um PNG válido.
[2025-11-24 21:19:05] [GENERATE_SIMPLE] INFO: [GENERATE_SIMPLE] Certificado PNG gerado e salvo com sucesso em: /home/u335416710/domains/translators101.com/public_html/v/includes/../certificates/certificate_cffe7afe-8eac-4107-bc4a-2b8aca7ee313.png. É um PNG válido.
[2025-11-24 21:19:05] [GENERATE_SIMPLE] SUCESSO: PNG gerado - /home/u335416710/domains/translators101.com/public_html/v/includes/../certificates/certificate_cffe7afe-8eac-4107-bc4a-2b8aca7ee313.png
[2025-11-24 21:19:05] [GENERATE_SIMPLE] DEBUG: [GENERATE_SIMPLE] Iniciando geração de PDF T101 CORRIGIDO para ID: cffe7afe-8eac-4107-bc4a-2b8aca7ee313
[2025-11-24 21:19:05] [GENERATE_SIMPLE] DEBUG: [GENERATE_SIMPLE] TCPDF encontrado em: /home/u335416710/domains/translators101.com/public_html/v/includes/../vendor/tecnickcom/tcpdf/tcpdf.php
[2025-11-24 21:19:07] [GENERATE_SIMPLE] DEBUG: [GENERATE_SIMPLE] Template T101 oficial aplicado como fundo
[2025-11-24 21:19:07] [GENERATE_SIMPLE] DEBUG: URL de verificação gerada: https://v.translators101.com/verificar_certificado.php?id=cffe7afe-8eac-4107-bc4a-2b8aca7ee313
[2025-11-24 21:19:08] [GENERATE_SIMPLE] DEBUG: [GENERATE_SIMPLE] QR Code T101 adicionado ao PDF (posição corrigida)
[2025-11-24 21:19:08] [GENERATE_SIMPLE] SUCESSO: [GENERATE_SIMPLE] PDF T101 CORRIGIDO gerado em: /home/u335416710/domains/translators101.com/public_html/v/includes/../certificates/certificate_cffe7afe-8eac-4107-bc4a-2b8aca7ee313.pdf
[2025-11-24 21:19:08] [GENERATE_SIMPLE] SUCESSO: PDF gerado - /home/u335416710/domains/translators101.com/public_html/v/includes/../certificates/certificate_cffe7afe-8eac-4107-bc4a-2b8aca7ee313.pdf
[2025-11-24 21:19:08] [GENERATE_SIMPLE] SUCESSO: Certificado gerado - ID: cffe7afe-8eac-4107-bc4a-2b8aca7ee313, PNG: SIM, PDF: SIM, Assistido: 19042s de 5520s (345%)
[2025-11-24 21:19:58] [VIEW] DEBUG: Script view_certificate_files.php iniciado.
[2025-11-24 21:19:58] [VIEW] DEBUG: ID do certificado recebido: cffe7afe-8eac-4107-bc4a-2b8aca7ee313
[2025-11-24 21:19:58] [VIEW] DEBUG: Dados do certificado encontrados no banco de dados para ID: cffe7afe-8eac-4107-bc4a-2b8aca7ee313
[2025-11-24 21:19:58] [VIEW] DEBUG: Arquivo PNG encontrado: /home/u335416710/domains/translators101.com/public_html/v/certificates/certificate_cffe7afe-8eac-4107-bc4a-2b8aca7ee313.png
[2025-11-24 21:19:58] [VIEW] DEBUG: Script view_certificate_files.php iniciado.
[2025-11-24 21:19:58] [VIEW] DEBUG: ID do certificado recebido: cffe7afe-8eac-4107-bc4a-2b8aca7ee313
[2025-11-24 21:19:58] [VIEW] DEBUG: Dados do certificado encontrados no banco de dados para ID: cffe7afe-8eac-4107-bc4a-2b8aca7ee313
[2025-11-24 21:19:58] [VIEW] DEBUG: Arquivo PNG encontrado: /home/u335416710/domains/translators101.com/public_html/v/certificates/certificate_cffe7afe-8eac-4107-bc4a-2b8aca7ee313.png
[2025-11-24 21:19:58] [VIEW] DEBUG: Mostrando imagem diretamente: Certificado_MayraMoraesdeSousa.png
[2025-11-24 21:19:58] [VIEW] INFO: Imagem PNG enviada para visualização direta.
[2025-11-24 18:20:05] [DOWNLOAD] DEBUG: Script download_certificate_files.php iniciado.
[2025-11-24 18:20:05] [DOWNLOAD] DEBUG: ID do certificado recebido: cffe7afe-8eac-4107-bc4a-2b8aca7ee313, formato solicitado: pdf
[2025-11-24 18:20:05] [DOWNLOAD] DEBUG: Dados do certificado encontrados no banco de dados.
[2025-11-24 18:20:05] [DOWNLOAD] DEBUG: Arquivo PNG encontrado: /home/u335416710/domains/translators101.com/public_html/v/certificates/certificate_cffe7afe-8eac-4107-bc4a-2b8aca7ee313.png
[2025-11-24 18:20:05] [DOWNLOAD] DEBUG: Iniciando conversão PNG para PDF: /home/u335416710/domains/translators101.com/public_html/v/certificates/certificate_cffe7afe-8eac-4107-bc4a-2b8aca7ee313.png -> /home/u335416710/domains/translators101.com/public_html/v/certificates/certificate_cffe7afe-8eac-4107-bc4a-2b8aca7ee313_converted.pdf
[2025-11-24 18:20:05] [DOWNLOAD] SUCESSO: PDF criado com TCPDF: /home/u335416710/domains/translators101.com/public_html/v/certificates/certificate_cffe7afe-8eac-4107-bc4a-2b8aca7ee313_converted.pdf
[2025-11-24 18:20:05] [DOWNLOAD] DEBUG: PNG convertido para PDF com sucesso: /home/u335416710/domains/translators101.com/public_html/v/certificates/certificate_cffe7afe-8eac-4107-bc4a-2b8aca7ee313_converted.pdf
[2025-11-24 18:20:05] [DOWNLOAD] DEBUG: Preparando download final: Certificado_Mayra_Moraes_de_Sousa_2025-11-24.pdf (Tipo: application/pdf) - Arquivo: /home/u335416710/domains/translators101.com/public_html/v/certificates/certificate_cffe7afe-8eac-4107-bc4a-2b8aca7ee313_converted.pdf
[2025-11-24 18:20:05] [DOWNLOAD] INFO: Arquivo Certificado_Mayra_Moraes_de_Sousa_2025-11-24.pdf enviado para download com sucesso.
[2025-11-25 11:42:31] [ADMIN] DEBUG: [ADMIN_REGENERATE] Iniciando geração de PNG para ID: e47f07ae-7193-48f4-91f6-bd496c660e73
[2025-11-25 11:42:31] [ADMIN] DEBUG: [ADMIN_REGENERATE] Conversão UTF-8 aplicada para geração.
[2025-11-25 11:42:31] [ADMIN] DEBUG: [ADMIN_REGENERATE] Dimensões do template: Largura=3509, Altura=2481
[2025-11-25 11:42:31] [ADMIN] DEBUG: [ADMIN_REGENERATE] Procurando fontes TTF para geração...
[2025-11-25 11:42:31] [ADMIN] DEBUG: [ADMIN_REGENERATE] Fonte TTF Bold encontrada em: /home/u335416710/domains/translators101.com/public_html/v/includes/../fonts/DejaVuSans-Bold.ttf
[2025-11-25 11:42:31] [ADMIN] DEBUG: [ADMIN_REGENERATE] Fonte TTF padrão encontrada em: /home/u335416710/domains/translators101.com/public_html/v/includes/../fonts/DejaVuSans-Bold.ttf
[2025-11-25 11:42:31] [ADMIN] DEBUG: [ADMIN_REGENERATE] Usando imagettftext para geração.
[2025-11-25 11:42:31] [ADMIN] DEBUG: [ADMIN_REGENERATE] Nome do usuário adicionado (X: 1203, Y: 1100).
[2025-11-25 11:42:31] [ADMIN] DEBUG: [ADMIN_REGENERATE] Processando título: 'S08E14 — Cuidando da Voz: A Ferramenta Essencial do Intérprete' (tamanho: 65 caracteres)
[2025-11-25 11:42:31] [ADMIN] DEBUG: [ADMIN_REGENERATE] Título longo detectado - aplicando quebra de linha inteligente
[2025-11-25 11:42:31] [ADMIN] DEBUG: [ADMIN_REGENERATE] Linha 1: 'Cuidando da Voz: A Ferramenta Essencial do'
[2025-11-25 11:42:31] [ADMIN] DEBUG: [ADMIN_REGENERATE] Linha 2: 'S08E14 — Intérprete'
[2025-11-25 11:42:31] [ADMIN] DEBUG: [ADMIN_REGENERATE] Linha 1 adicionada (X: 920.5, Y: 1350)
[2025-11-25 11:42:31] [ADMIN] DEBUG: [ADMIN_REGENERATE] Linha 2 adicionada (X: 1368.5, Y: 1410)
[2025-11-25 11:42:31] [ADMIN] DEBUG: [ADMIN_REGENERATE] Duração da palestra adicionada (X: 2000, Y: 1570).
[2025-11-25 11:42:31] [ADMIN] DEBUG: [ADMIN_REGENERATE] Data de emissão adicionada (X: 850, Y: 2330).
[2025-11-25 11:42:31] [ADMIN] DEBUG: [ADMIN_REGENERATE] ID do certificado adicionado (X: 280, Y: 2430).
[2025-11-25 11:42:31] [ADMIN] DEBUG: URL de verificação gerada: https://v.translators101.com/verificar_certificado.php?id=e47f07ae-7193-48f4-91f6-bd496c660e73
[2025-11-25 11:42:32] [ADMIN] DEBUG: QR Code colado na imagem base.
[2025-11-25 11:42:32] [ADMIN] DEBUG: [ADMIN_REGENERATE] QR Code adicionado à imagem durante a geração (X: 2989, Y: 2131, Tamanho: 300).
[2025-11-25 11:42:36] [ADMIN] DEBUG: [ADMIN_REGENERATE] imagepng() retornou SUCESSO. Verificando se o arquivo gerado é um PNG válido.
[2025-11-25 11:42:36] [ADMIN] INFO: [ADMIN_REGENERATE] Certificado PNG gerado e salvo com sucesso em: /home/u335416710/domains/translators101.com/public_html/v/includes/../certificates/certificate_e47f07ae-7193-48f4-91f6-bd496c660e73.png. É um PNG válido.
[2025-11-25 14:42:45] [VIEW] DEBUG: Script view_certificate_files.php iniciado.
[2025-11-25 14:42:45] [VIEW] DEBUG: ID do certificado recebido: e47f07ae-7193-48f4-91f6-bd496c660e73
[2025-11-25 14:42:45] [VIEW] DEBUG: Dados do certificado encontrados no banco de dados para ID: e47f07ae-7193-48f4-91f6-bd496c660e73
[2025-11-25 14:42:45] [VIEW] DEBUG: Arquivo PNG encontrado: /home/u335416710/domains/translators101.com/public_html/v/certificates/certificate_e47f07ae-7193-48f4-91f6-bd496c660e73.png
[2025-11-25 14:42:45] [VIEW] DEBUG: Script view_certificate_files.php iniciado.
[2025-11-25 14:42:45] [VIEW] DEBUG: ID do certificado recebido: e47f07ae-7193-48f4-91f6-bd496c660e73
[2025-11-25 14:42:45] [VIEW] DEBUG: Dados do certificado encontrados no banco de dados para ID: e47f07ae-7193-48f4-91f6-bd496c660e73
[2025-11-25 14:42:45] [VIEW] DEBUG: Arquivo PNG encontrado: /home/u335416710/domains/translators101.com/public_html/v/certificates/certificate_e47f07ae-7193-48f4-91f6-bd496c660e73.png
[2025-11-25 14:42:45] [VIEW] DEBUG: Mostrando imagem diretamente: Certificado_LuizaBrahemcha.png
[2025-11-25 14:42:45] [VIEW] INFO: Imagem PNG enviada para visualização direta.
[2025-11-25 11:42:55] [DOWNLOAD] DEBUG: Script download_certificate_files.php iniciado.
[2025-11-25 11:42:55] [DOWNLOAD] DEBUG: ID do certificado recebido: e47f07ae-7193-48f4-91f6-bd496c660e73, formato solicitado: png
[2025-11-25 11:42:55] [DOWNLOAD] DEBUG: Dados do certificado encontrados no banco de dados.
[2025-11-25 11:42:55] [DOWNLOAD] DEBUG: Arquivo PNG encontrado: /home/u335416710/domains/translators101.com/public_html/v/certificates/certificate_e47f07ae-7193-48f4-91f6-bd496c660e73.png
[2025-11-25 11:42:55] [DOWNLOAD] DEBUG: Preparando download final: Certificado_Luiza_Brahemcha_2025-11-25.png (Tipo: image/png) - Arquivo: /home/u335416710/domains/translators101.com/public_html/v/certificates/certificate_e47f07ae-7193-48f4-91f6-bd496c660e73.png
[2025-11-25 11:42:55] [DOWNLOAD] INFO: Arquivo Certificado_Luiza_Brahemcha_2025-11-25.png enviado para download com sucesso.
[2025-11-25 15:21:52] [REPORT_DOWNLOAD] User: debug-user downloaded report: relatorio_educacao_continuada_debug-user_2025-11-25_15-21-52.pdf (pdf)
[2025-11-25 16:43:33] [PALESTRA] DEBUG: Script palestra.php iniciado.
[2025-11-25 16:43:33] [PALESTRA] DEBUG: Usuário tem permissão.
[2025-11-25 16:43:33] [PALESTRA] DEBUG: ID da palestra recebido: 67eb09a4-0a7a-4682-ae56-e598bf24b4e6
[2025-11-25 16:43:33] [PALESTRA] DEBUG: Palestra 'S03E03 — Entendendo a tributação — Luidg Quitete' encontrada. Duração em minutos: 100
[2025-11-25 16:43:33] [PALESTRA] DEBUG: User ID da sessão ('21d855f5-4d53-4103-b07c-902ceeaff287') é válido e existe na tabela 'users'.
[2025-11-25 16:43:33] [PALESTRA] INFO: Novo log de acesso registrado para palestra 'S03E03 — Entendendo a tributação — Luidg Quitete' (User ID: 21d855f5-4d53-4103-b07c-902ceeaff287).
[2025-11-25 16:43:33] [PALESTRA] DEBUG: Progresso inicial carregado do DB (user_progress_seconds): 0
[2025-11-25 16:43:33] [PALESTRA] DEBUG: Palestras relacionadas buscadas para categoria ''.
[2025-11-25 16:43:33] [PALESTRA] DEBUG: Verificação de certificado existente para exibição inicial. ID existente: Nenhum
[2025-11-25 16:43:33] [PALESTRA] DEBUG: Panda Player Div ID extraído do embed: 'panda-67eb09a4-0a7a-4682-ae56-e598bf24b4e6'
[2025-11-25 16:44:50] [PALESTRA] DEBUG: Script palestra.php iniciado.
[2025-11-25 16:44:50] [PALESTRA] DEBUG: Usuário tem permissão.
[2025-11-25 16:44:50] [PALESTRA] DEBUG: ID da palestra recebido: 67eb09a4-0a7a-4682-ae56-e598bf24b4e6
[2025-11-25 16:44:50] [PALESTRA] DEBUG: Palestra 'S03E03 — Entendendo a tributação — Luidg Quitete' encontrada. Duração em minutos: 100
[2025-11-25 16:44:50] [PALESTRA] DEBUG: User ID da sessão ('21d855f5-4d53-4103-b07c-902ceeaff287') é válido e existe na tabela 'users'.
[2025-11-25 16:44:50] [PALESTRA] DEBUG: Log existente encontrado. Progresso: 72s
[2025-11-25 16:44:50] [PALESTRA] DEBUG: Progresso inicial carregado do DB (user_progress_seconds): 72
[2025-11-25 16:44:50] [PALESTRA] DEBUG: Palestras relacionadas buscadas para categoria ''.
[2025-11-25 16:44:50] [PALESTRA] DEBUG: Verificação de certificado existente para exibição inicial. ID existente: Nenhum
[2025-11-25 16:44:50] [PALESTRA] DEBUG: Panda Player Div ID extraído do embed: 'panda-67eb09a4-0a7a-4682-ae56-e598bf24b4e6'
[2025-11-25 17:12:11] [PALESTRA] DEBUG: Script palestra.php iniciado.
[2025-11-25 17:12:11] [PALESTRA] DEBUG: Usuário tem permissão.
[2025-11-25 17:12:11] [PALESTRA] DEBUG: ID da palestra recebido: 67eb09a4-0a7a-4682-ae56-e598bf24b4e6
[2025-11-25 17:12:11] [PALESTRA] DEBUG: Palestra 'S03E03 — Entendendo a tributação — Luidg Quitete' encontrada. Duração em minutos: 100
[2025-11-25 17:12:11] [PALESTRA] DEBUG: User ID da sessão ('21d855f5-4d53-4103-b07c-902ceeaff287') é válido e existe na tabela 'users'.
[2025-11-25 17:12:11] [PALESTRA] DEBUG: Log existente encontrado. Progresso: 139s
[2025-11-25 17:12:11] [PALESTRA] DEBUG: Progresso inicial carregado do DB (user_progress_seconds): 139
[2025-11-25 17:12:11] [PALESTRA] DEBUG: Palestras relacionadas buscadas para categoria ''.
[2025-11-25 17:12:11] [PALESTRA] DEBUG: Verificação de certificado existente para exibição inicial. ID existente: Nenhum
[2025-11-25 17:12:11] [PALESTRA] DEBUG: Panda Player Div ID extraído do embed: 'panda-67eb09a4-0a7a-4682-ae56-e598bf24b4e6'
[2025-11-25 17:39:43] [ADMIN] DEBUG: [ADMIN_GENERATE] Iniciando geração de PNG para ID: d4eef41a-a051-4c0b-a904-e01afad358f1
[2025-11-25 17:39:43] [ADMIN] DEBUG: [ADMIN_GENERATE] Conversão UTF-8 aplicada para geração.
[2025-11-25 17:39:43] [ADMIN] DEBUG: [ADMIN_GENERATE] Dimensões do template: Largura=3509, Altura=2481
[2025-11-25 17:39:43] [ADMIN] DEBUG: [ADMIN_GENERATE] Procurando fontes TTF para geração...
[2025-11-25 17:39:43] [ADMIN] DEBUG: [ADMIN_GENERATE] Fonte TTF Bold encontrada em: /home/u335416710/domains/translators101.com/public_html/v/includes/../fonts/DejaVuSans-Bold.ttf
[2025-11-25 17:39:43] [ADMIN] DEBUG: [ADMIN_GENERATE] Fonte TTF padrão encontrada em: /home/u335416710/domains/translators101.com/public_html/v/includes/../fonts/DejaVuSans-Bold.ttf
[2025-11-25 17:39:43] [ADMIN] DEBUG: [ADMIN_GENERATE] Usando imagettftext para geração.
[2025-11-25 17:39:43] [ADMIN] DEBUG: [ADMIN_GENERATE] Nome do usuário adicionado (X: 1243.5, Y: 1100).
[2025-11-25 17:39:43] [ADMIN] DEBUG: [ADMIN_GENERATE] Processando título: 'S07E09 — Percy Jackson e a adaptação na tradução intersemiótica do livro para a tela. — Bianca da Costa' (tamanho: 112 caracteres)
[2025-11-25 17:39:43] [ADMIN] DEBUG: [ADMIN_GENERATE] Título longo detectado - aplicando quebra de linha inteligente
[2025-11-25 17:39:43] [ADMIN] DEBUG: [ADMIN_GENERATE] Linha 1: 'S07E09 — Percy Jackson e a adaptação na tradução'
[2025-11-25 17:39:43] [ADMIN] DEBUG: [ADMIN_GENERATE] Linha 2: 'intersemiótica do livro para a tela. — Bianca da Costa'
[2025-11-25 17:39:43] [ADMIN] DEBUG: [ADMIN_GENERATE] Linha 1 adicionada (X: 790, Y: 1350)
[2025-11-25 17:39:43] [ADMIN] DEBUG: [ADMIN_GENERATE] Linha 2 adicionada (X: 750, Y: 1410)
[2025-11-25 17:39:43] [ADMIN] DEBUG: [ADMIN_GENERATE] Duração da palestra adicionada (X: 2000, Y: 1570).
[2025-11-25 17:39:43] [ADMIN] DEBUG: [ADMIN_GENERATE] Data de emissão adicionada (X: 850, Y: 2330).
[2025-11-25 17:39:43] [ADMIN] DEBUG: [ADMIN_GENERATE] ID do certificado adicionado (X: 280, Y: 2430).
[2025-11-25 17:39:43] [ADMIN] DEBUG: URL de verificação gerada: https://v.translators101.com/verificar_certificado.php?id=d4eef41a-a051-4c0b-a904-e01afad358f1
[2025-11-25 17:39:44] [ADMIN] DEBUG: QR Code colado na imagem base.
[2025-11-25 17:39:44] [ADMIN] DEBUG: [ADMIN_GENERATE] QR Code adicionado à imagem durante a geração (X: 2989, Y: 2131, Tamanho: 300).
[2025-11-25 17:39:47] [ADMIN] DEBUG: [ADMIN_GENERATE] imagepng() retornou SUCESSO. Verificando se o arquivo gerado é um PNG válido.
[2025-11-25 17:39:47] [ADMIN] INFO: [ADMIN_GENERATE] Certificado PNG gerado e salvo com sucesso em: /home/u335416710/domains/translators101.com/public_html/v/includes/../certificates/certificate_d4eef41a-a051-4c0b-a904-e01afad358f1.png. É um PNG válido.
[2025-11-25 17:39:48] [ADMIN] DEBUG: [ADMIN_GENERATE] Iniciando geração de PNG para ID: 7d9303ae-3948-408e-9159-d3f444ee4676
[2025-11-25 17:39:48] [ADMIN] DEBUG: [ADMIN_GENERATE] Conversão UTF-8 aplicada para geração.
[2025-11-25 17:39:48] [ADMIN] DEBUG: [ADMIN_GENERATE] Dimensões do template: Largura=3509, Altura=2481
[2025-11-25 17:39:48] [ADMIN] DEBUG: [ADMIN_GENERATE] Procurando fontes TTF para geração...
[2025-11-25 17:39:48] [ADMIN] DEBUG: [ADMIN_GENERATE] Fonte TTF Bold encontrada em: /home/u335416710/domains/translators101.com/public_html/v/includes/../fonts/DejaVuSans-Bold.ttf
[2025-11-25 17:39:48] [ADMIN] DEBUG: [ADMIN_GENERATE] Fonte TTF padrão encontrada em: /home/u335416710/domains/translators101.com/public_html/v/includes/../fonts/DejaVuSans-Bold.ttf
[2025-11-25 17:39:48] [ADMIN] DEBUG: [ADMIN_GENERATE] Usando imagettftext para geração.
[2025-11-25 17:39:48] [ADMIN] DEBUG: [ADMIN_GENERATE] Nome do usuário adicionado (X: 1243.5, Y: 1100).
[2025-11-25 17:39:48] [ADMIN] DEBUG: [ADMIN_GENERATE] Processando título: 'S01E02 — A tradução da animação (Des)encanto' (tamanho: 50 caracteres)
[2025-11-25 17:39:48] [ADMIN] DEBUG: [ADMIN_GENERATE] Título curto - usando layout centralizado
[2025-11-25 17:39:48] [ADMIN] DEBUG: [ADMIN_GENERATE] Título curto centralizado adicionado (X: 476.5, Y: 1400)
[2025-11-25 17:39:48] [ADMIN] DEBUG: [ADMIN_GENERATE] Duração da palestra adicionada (X: 2000, Y: 1570).
[2025-11-25 17:39:48] [ADMIN] DEBUG: [ADMIN_GENERATE] Data de emissão adicionada (X: 850, Y: 2330).
[2025-11-25 17:39:48] [ADMIN] DEBUG: [ADMIN_GENERATE] ID do certificado adicionado (X: 280, Y: 2430).
[2025-11-25 17:39:48] [ADMIN] DEBUG: URL de verificação gerada: https://v.translators101.com/verificar_certificado.php?id=7d9303ae-3948-408e-9159-d3f444ee4676
[2025-11-25 17:39:49] [ADMIN] DEBUG: QR Code colado na imagem base.
[2025-11-25 17:39:49] [ADMIN] DEBUG: [ADMIN_GENERATE] QR Code adicionado à imagem durante a geração (X: 2989, Y: 2131, Tamanho: 300).
[2025-11-25 17:39:52] [ADMIN] DEBUG: [ADMIN_GENERATE] imagepng() retornou SUCESSO. Verificando se o arquivo gerado é um PNG válido.
[2025-11-25 17:39:52] [ADMIN] INFO: [ADMIN_GENERATE] Certificado PNG gerado e salvo com sucesso em: /home/u335416710/domains/translators101.com/public_html/v/includes/../certificates/certificate_7d9303ae-3948-408e-9159-d3f444ee4676.png. É um PNG válido.
[2025-11-25 18:06:53] [ADMIN] DEBUG: [ADMIN_GENERATE] Iniciando geração de PNG para ID: 037bcb4d-7d24-4729-8cc1-25f0a4c7ff8e
[2025-11-25 18:06:53] [ADMIN] DEBUG: [ADMIN_GENERATE] Conversão UTF-8 aplicada para geração.
[2025-11-25 18:06:53] [ADMIN] DEBUG: [ADMIN_GENERATE] Dimensões do template: Largura=3509, Altura=2481
[2025-11-25 18:06:53] [ADMIN] DEBUG: [ADMIN_GENERATE] Procurando fontes TTF para geração...
[2025-11-25 18:06:53] [ADMIN] DEBUG: [ADMIN_GENERATE] Fonte TTF Bold encontrada em: /home/u335416710/domains/translators101.com/public_html/v/includes/../fonts/DejaVuSans-Bold.ttf
[2025-11-25 18:06:53] [ADMIN] DEBUG: [ADMIN_GENERATE] Fonte TTF padrão encontrada em: /home/u335416710/domains/translators101.com/public_html/v/includes/../fonts/DejaVuSans-Bold.ttf
[2025-11-25 18:06:53] [ADMIN] DEBUG: [ADMIN_GENERATE] Usando imagettftext para geração.
[2025-11-25 18:06:53] [ADMIN] DEBUG: [ADMIN_GENERATE] Nome do usuário adicionado (X: 1243.5, Y: 1100).
[2025-11-25 18:06:53] [ADMIN] DEBUG: [ADMIN_GENERATE] Processando título: 'Tradução de Musicais' (tamanho: 22 caracteres)
[2025-11-25 18:06:53] [ADMIN] DEBUG: [ADMIN_GENERATE] Título curto - usando layout centralizado
[2025-11-25 18:06:53] [ADMIN] DEBUG: [ADMIN_GENERATE] Título curto centralizado adicionado (X: 1191, Y: 1400)
[2025-11-25 18:06:53] [ADMIN] DEBUG: [ADMIN_GENERATE] Duração da palestra adicionada (X: 2000, Y: 1570).
[2025-11-25 18:06:53] [ADMIN] DEBUG: [ADMIN_GENERATE] Data de emissão adicionada (X: 850, Y: 2330).
[2025-11-25 18:06:53] [ADMIN] DEBUG: [ADMIN_GENERATE] ID do certificado adicionado (X: 280, Y: 2430).
[2025-11-25 18:06:53] [ADMIN] DEBUG: URL de verificação gerada: https://v.translators101.com/verificar_certificado.php?id=037bcb4d-7d24-4729-8cc1-25f0a4c7ff8e
[2025-11-25 18:06:54] [ADMIN] DEBUG: QR Code colado na imagem base.
[2025-11-25 18:06:54] [ADMIN] DEBUG: [ADMIN_GENERATE] QR Code adicionado à imagem durante a geração (X: 2989, Y: 2131, Tamanho: 300).
[2025-11-25 18:06:58] [ADMIN] DEBUG: [ADMIN_GENERATE] imagepng() retornou SUCESSO. Verificando se o arquivo gerado é um PNG válido.
[2025-11-25 18:06:58] [ADMIN] INFO: [ADMIN_GENERATE] Certificado PNG gerado e salvo com sucesso em: /home/u335416710/domains/translators101.com/public_html/v/includes/../certificates/certificate_037bcb4d-7d24-4729-8cc1-25f0a4c7ff8e.png. É um PNG válido.
[2025-11-25 21:07:25] [VIEW] DEBUG: Script view_certificate_files.php iniciado.
[2025-11-25 21:07:25] [VIEW] DEBUG: ID do certificado recebido: 037bcb4d-7d24-4729-8cc1-25f0a4c7ff8e
[2025-11-25 21:07:25] [VIEW] DEBUG: Dados do certificado encontrados no banco de dados para ID: 037bcb4d-7d24-4729-8cc1-25f0a4c7ff8e
[2025-11-25 21:07:25] [VIEW] DEBUG: Arquivo PNG encontrado: /home/u335416710/domains/translators101.com/public_html/v/certificates/certificate_037bcb4d-7d24-4729-8cc1-25f0a4c7ff8e.png
[2025-11-25 21:07:25] [VIEW] DEBUG: Script view_certificate_files.php iniciado.
[2025-11-25 21:07:25] [VIEW] DEBUG: ID do certificado recebido: 037bcb4d-7d24-4729-8cc1-25f0a4c7ff8e
[2025-11-25 21:07:25] [VIEW] DEBUG: Dados do certificado encontrados no banco de dados para ID: 037bcb4d-7d24-4729-8cc1-25f0a4c7ff8e
[2025-11-25 21:07:25] [VIEW] DEBUG: Arquivo PNG encontrado: /home/u335416710/domains/translators101.com/public_html/v/certificates/certificate_037bcb4d-7d24-4729-8cc1-25f0a4c7ff8e.png
[2025-11-25 21:07:25] [VIEW] DEBUG: Mostrando imagem diretamente: Certificado_AmandaSantana.png
[2025-11-25 21:07:25] [VIEW] INFO: Imagem PNG enviada para visualização direta.
[2025-11-26 00:08:08] [PALESTRA] DEBUG: Script palestra.php iniciado.
[2025-11-26 00:08:08] [PALESTRA] DEBUG: Usuário tem permissão.
[2025-11-26 00:08:08] [PALESTRA] DEBUG: ID da palestra recebido: 3c505f08-4a99-402c-a8e0-4481b4f15b50
[2025-11-26 00:08:08] [PALESTRA] DEBUG: Palestra 'S07E22 — Portuguese into English?! Brasileiros podem fazer versões de qualidade para o inglês? — Aline Tomasuolo' encontrada. Duração em minutos: 60
[2025-11-26 00:08:08] [PALESTRA] DEBUG: User ID da sessão ('a605f87d-a883-11f0-916e-bad1eb27008a') é válido e existe na tabela 'users'.
[2025-11-26 00:08:08] [PALESTRA] INFO: Novo log de acesso registrado para palestra 'S07E22 — Portuguese into English?! Brasileiros podem fazer versões de qualidade para o inglês? — Aline Tomasuolo' (User ID: a605f87d-a883-11f0-916e-bad1eb27008a).
[2025-11-26 00:08:08] [PALESTRA] DEBUG: Progresso inicial carregado do DB (user_progress_seconds): 0
[2025-11-26 00:08:08] [PALESTRA] DEBUG: Palestras relacionadas buscadas para categoria ''.
[2025-11-26 00:08:08] [PALESTRA] DEBUG: Verificação de certificado existente para exibição inicial. ID existente: Nenhum
[2025-11-26 00:08:08] [PALESTRA] DEBUG: Panda Player Div ID extraído do embed: 'panda-3c505f08-4a99-402c-a8e0-4481b4f15b50'
[2025-11-26 00:08:53] [PALESTRA] DEBUG: Script palestra.php iniciado.
[2025-11-26 00:08:53] [PALESTRA] DEBUG: Usuário tem permissão.
[2025-11-26 00:08:53] [PALESTRA] DEBUG: ID da palestra recebido: 10846440-5774-4066-9f60-fd9844e8eae0
[2025-11-26 00:08:53] [PALESTRA] DEBUG: Palestra 'S07E07 — Falando das pedras no caminho na tradução de ficção — Carlos César da Silva' encontrada. Duração em minutos: 68
[2025-11-26 00:08:53] [PALESTRA] DEBUG: User ID da sessão ('a605f87d-a883-11f0-916e-bad1eb27008a') é válido e existe na tabela 'users'.
[2025-11-26 00:08:53] [PALESTRA] INFO: Novo log de acesso registrado para palestra 'S07E07 — Falando das pedras no caminho na tradução de ficção — Carlos César da Silva' (User ID: a605f87d-a883-11f0-916e-bad1eb27008a).
[2025-11-26 00:08:53] [PALESTRA] DEBUG: Progresso inicial carregado do DB (user_progress_seconds): 0
[2025-11-26 00:08:53] [PALESTRA] DEBUG: Palestras relacionadas buscadas para categoria ''.
[2025-11-26 00:08:53] [PALESTRA] DEBUG: Verificação de certificado existente para exibição inicial. ID existente: Nenhum
[2025-11-26 00:08:53] [PALESTRA] DEBUG: Panda Player Div ID extraído do embed: 'panda-10846440-5774-4066-9f60-fd9844e8eae0'
[2025-11-26 18:42:24] [PALESTRA] DEBUG: Script palestra.php iniciado.
[2025-11-26 18:42:24] [PALESTRA] DEBUG: Usuário tem permissão.
[2025-11-26 18:42:24] [PALESTRA] DEBUG: ID da palestra recebido: 08493a73-51a2-41ec-9735-d35e1b03e8f4
[2025-11-26 18:42:24] [PALESTRA] DEBUG: Palestra 'CULT-Estácio ' encontrada. Duração em minutos: 56
[2025-11-26 18:42:24] [PALESTRA] DEBUG: User ID da sessão ('6c2d717f-3bd4-4d23-a7d3-9cc7a3bac28e') é válido e existe na tabela 'users'.
[2025-11-26 18:42:24] [PALESTRA] INFO: Novo log de acesso registrado para palestra 'CULT-Estácio ' (User ID: 6c2d717f-3bd4-4d23-a7d3-9cc7a3bac28e).
[2025-11-26 18:42:24] [PALESTRA] DEBUG: Progresso inicial carregado do DB (user_progress_seconds): 0
[2025-11-26 18:42:24] [PALESTRA] DEBUG: Palestras relacionadas buscadas para categoria ''.
[2025-11-26 18:42:24] [PALESTRA] DEBUG: Verificação de certificado existente para exibição inicial. ID existente: Nenhum
[2025-11-26 18:42:24] [PALESTRA] DEBUG: Panda Player Div ID extraído do embed: 'panda-08493a73-51a2-41ec-9735-d35e1b03e8f4'
[2025-11-26 20:55:54] [PALESTRA] DEBUG: Script palestra.php iniciado.
[2025-11-26 20:55:54] [PALESTRA] DEBUG: Usuário tem permissão.
[2025-11-26 20:55:54] [PALESTRA] DEBUG: ID da palestra recebido: 4b165de0-6112-40eb-9ae8-59e554f2ba11
[2025-11-26 20:55:54] [PALESTRA] DEBUG: Palestra 'Oficina de LinkedIn I ' encontrada. Duração em minutos: 69
[2025-11-26 20:55:54] [PALESTRA] DEBUG: User ID da sessão ('f4c84ced-9d70-11f0-916e-bad1eb27008a') é válido e existe na tabela 'users'.
[2025-11-26 20:55:54] [PALESTRA] DEBUG: Log existente encontrado. Progresso: 5243s
[2025-11-26 20:55:54] [PALESTRA] DEBUG: Progresso inicial carregado do DB (user_progress_seconds): 5243
[2025-11-26 20:55:54] [PALESTRA] DEBUG: Palestras relacionadas buscadas para categoria ''.
[2025-11-26 20:55:54] [PALESTRA] DEBUG: Verificação de certificado existente para exibição inicial. ID existente: de8318e8-9173-4057-a3e4-30bc1f19391a
[2025-11-26 20:55:54] [PALESTRA] DEBUG: Panda Player Div ID extraído do embed: 'panda-4b165de0-6112-40eb-9ae8-59e554f2ba11'
[2025-11-26 20:56:07] [PALESTRA] DEBUG: Script palestra.php iniciado.
[2025-11-26 20:56:07] [PALESTRA] DEBUG: Usuário tem permissão.
[2025-11-26 20:56:07] [PALESTRA] DEBUG: ID da palestra recebido: e282485d-a9f0-4d08-94c7-a39bacf82e2a
[2025-11-26 20:56:07] [PALESTRA] DEBUG: Palestra 'Oficina de LinkedIn II ' encontrada. Duração em minutos: 61
[2025-11-26 20:56:07] [PALESTRA] DEBUG: User ID da sessão ('f4c84ced-9d70-11f0-916e-bad1eb27008a') é válido e existe na tabela 'users'.
[2025-11-26 20:56:07] [PALESTRA] DEBUG: Log existente encontrado. Progresso: 1766s
[2025-11-26 20:56:07] [PALESTRA] DEBUG: Progresso inicial carregado do DB (user_progress_seconds): 1766
[2025-11-26 20:56:07] [PALESTRA] DEBUG: Palestras relacionadas buscadas para categoria ''.
[2025-11-26 20:56:07] [PALESTRA] DEBUG: Verificação de certificado existente para exibição inicial. ID existente: Nenhum
[2025-11-26 20:56:07] [PALESTRA] DEBUG: Panda Player Div ID extraído do embed: 'panda-e282485d-a9f0-4d08-94c7-a39bacf82e2a'
[2025-11-27 06:33:06] [DOWNLOAD] DEBUG: Script download_certificate_files.php iniciado.
[2025-11-27 06:33:06] [DOWNLOAD] INFO: Usuário não logado. Redirecionando para login.php.
[2025-11-27 09:33:18] [VIEW] DEBUG: Script view_certificate_files.php iniciado.
[2025-11-27 09:33:18] [VIEW] INFO: Usuário não logado. Redirecionando para login.php.
[2025-11-28 07:53:00] [PALESTRA] DEBUG: Script palestra.php iniciado.
[2025-11-28 07:53:00] [PALESTRA] DEBUG: Usuário tem permissão.
[2025-11-28 07:53:00] [PALESTRA] DEBUG: ID da palestra recebido: 51cc7e34-7f98-4d6a-b141-6b251ded7708
[2025-11-28 07:53:00] [PALESTRA] DEBUG: Palestra 'S02E06 — As escolhas do gerente de projetos — Bruno Fontes' encontrada. Duração em minutos: 60
[2025-11-28 07:53:00] [PALESTRA] DEBUG: User ID da sessão ('72fb915c-897b-4052-af37-1aed93321423') é válido e existe na tabela 'users'.
[2025-11-28 07:53:00] [PALESTRA] INFO: Novo log de acesso registrado para palestra 'S02E06 — As escolhas do gerente de projetos — Bruno Fontes' (User ID: 72fb915c-897b-4052-af37-1aed93321423).
[2025-11-28 07:53:00] [PALESTRA] DEBUG: Progresso inicial carregado do DB (user_progress_seconds): 0
[2025-11-28 07:53:00] [PALESTRA] DEBUG: Palestras relacionadas buscadas para categoria ''.
[2025-11-28 07:53:00] [PALESTRA] DEBUG: Verificação de certificado existente para exibição inicial. ID existente: Nenhum
[2025-11-28 07:53:00] [PALESTRA] DEBUG: Panda Player Div ID extraído do embed: ''
[2025-11-28 07:53:05] [PALESTRA] DEBUG: Script palestra.php iniciado.
[2025-11-28 07:53:05] [PALESTRA] DEBUG: Usuário tem permissão.
[2025-11-28 07:53:05] [PALESTRA] DEBUG: ID da palestra recebido: 51cc7e34-7f98-4d6a-b141-6b251ded7708
[2025-11-28 07:53:05] [PALESTRA] DEBUG: Palestra 'S02E06 — As escolhas do gerente de projetos — Bruno Fontes' encontrada. Duração em minutos: 60
[2025-11-28 07:53:05] [PALESTRA] DEBUG: User ID da sessão ('72fb915c-897b-4052-af37-1aed93321423') é válido e existe na tabela 'users'.
[2025-11-28 07:53:05] [PALESTRA] DEBUG: Log existente encontrado. Progresso: 0s
[2025-11-28 07:53:05] [PALESTRA] DEBUG: Progresso inicial carregado do DB (user_progress_seconds): 0
[2025-11-28 07:53:05] [PALESTRA] DEBUG: Palestras relacionadas buscadas para categoria ''.
[2025-11-28 07:53:05] [PALESTRA] DEBUG: Verificação de certificado existente para exibição inicial. ID existente: Nenhum
[2025-11-28 07:53:05] [PALESTRA] DEBUG: Panda Player Div ID extraído do embed: ''
[2025-11-28 07:53:21] [PALESTRA] DEBUG: Script palestra.php iniciado.
[2025-11-28 07:53:21] [PALESTRA] DEBUG: Usuário tem permissão.
[2025-11-28 07:53:21] [PALESTRA] DEBUG: ID da palestra recebido: 7f748f7e-8e9b-455a-b6db-cee4f01876f7
[2025-11-28 07:53:21] [PALESTRA] DEBUG: Palestra 'S07E32 — Gerentes de projetos: os maestros do setor de tradução e localização — Gisley Ferreira' encontrada. Duração em minutos: 74
[2025-11-28 07:53:21] [PALESTRA] DEBUG: User ID da sessão ('72fb915c-897b-4052-af37-1aed93321423') é válido e existe na tabela 'users'.
[2025-11-28 07:53:21] [PALESTRA] INFO: Novo log de acesso registrado para palestra 'S07E32 — Gerentes de projetos: os maestros do setor de tradução e localização — Gisley Ferreira' (User ID: 72fb915c-897b-4052-af37-1aed93321423).
[2025-11-28 07:53:21] [PALESTRA] DEBUG: Progresso inicial carregado do DB (user_progress_seconds): 0
[2025-11-28 07:53:21] [PALESTRA] DEBUG: Palestras relacionadas buscadas para categoria ''.
[2025-11-28 07:53:21] [PALESTRA] DEBUG: Verificação de certificado existente para exibição inicial. ID existente: Nenhum
[2025-11-28 07:53:21] [PALESTRA] DEBUG: Panda Player Div ID extraído do embed: 'panda-7f748f7e-8e9b-455a-b6db-cee4f01876f7'
[2025-11-28 07:53:23] [PALESTRA] DEBUG: Script palestra.php iniciado.
[2025-11-28 07:53:23] [PALESTRA] DEBUG: Usuário tem permissão.
[2025-11-28 07:53:23] [PALESTRA] DEBUG: ID da palestra recebido: 9f29c0c6-46ea-4126-94f1-edfba778c6d7
[2025-11-28 07:53:23] [PALESTRA] DEBUG: Palestra 'S07E48 — Gerente de projetos de tradução como perspectiva de carreira: mercado, funções e habilidades — Carolina Bisson' encontrada. Duração em minutos: 84
[2025-11-28 07:53:23] [PALESTRA] DEBUG: User ID da sessão ('72fb915c-897b-4052-af37-1aed93321423') é válido e existe na tabela 'users'.
[2025-11-28 07:53:23] [PALESTRA] INFO: Novo log de acesso registrado para palestra 'S07E48 — Gerente de projetos de tradução como perspectiva de carreira: mercado, funções e habilidades — Carolina Bisson' (User ID: 72fb915c-897b-4052-af37-1aed93321423).
[2025-11-28 07:53:23] [PALESTRA] DEBUG: Progresso inicial carregado do DB (user_progress_seconds): 0
[2025-11-28 07:53:23] [PALESTRA] DEBUG: Palestras relacionadas buscadas para categoria ''.
[2025-11-28 07:53:23] [PALESTRA] DEBUG: Verificação de certificado existente para exibição inicial. ID existente: Nenhum
[2025-11-28 07:53:23] [PALESTRA] DEBUG: Panda Player Div ID extraído do embed: 'panda-9f29c0c6-46ea-4126-94f1-edfba778c6d7'
[2025-11-28 07:53:24] [PALESTRA] DEBUG: Script palestra.php iniciado.
[2025-11-28 07:53:24] [PALESTRA] DEBUG: Usuário tem permissão.
[2025-11-28 07:53:24] [PALESTRA] DEBUG: ID da palestra recebido: 0595bfe4-4224-41b2-8e8c-3f86108ddd32
[2025-11-28 07:53:24] [PALESTRA] DEBUG: Palestra 'S08E12 — Missão impossível? Não! Como gerenciar projetos de tradução sem pirar — Jerusa Marreti' encontrada. Duração em minutos: 101
[2025-11-28 07:53:24] [PALESTRA] DEBUG: User ID da sessão ('72fb915c-897b-4052-af37-1aed93321423') é válido e existe na tabela 'users'.
[2025-11-28 07:53:24] [PALESTRA] INFO: Novo log de acesso registrado para palestra 'S08E12 — Missão impossível? Não! Como gerenciar projetos de tradução sem pirar — Jerusa Marreti' (User ID: 72fb915c-897b-4052-af37-1aed93321423).
[2025-11-28 07:53:24] [PALESTRA] DEBUG: Progresso inicial carregado do DB (user_progress_seconds): 0
[2025-11-28 07:53:24] [PALESTRA] DEBUG: Palestras relacionadas buscadas para categoria ''.
[2025-11-28 07:53:24] [PALESTRA] DEBUG: Verificação de certificado existente para exibição inicial. ID existente: Nenhum
[2025-11-28 07:53:24] [PALESTRA] DEBUG: Panda Player Div ID extraído do embed: 'panda-0595bfe4-4224-41b2-8e8c-3f86108ddd32'
[2025-11-28 10:41:44] [GENERATE_SIMPLE] Script generate_simple_certificate.php iniciado
[2025-11-28 10:41:44] [GENERATE_SIMPLE] Dados recebidos - Lecture: 0595bfe4-4224-41b2-8e8c-3f86108ddd32, User: 72fb915c-897b-4052-af37-1aed93321423, Watched: 6060s
[2025-11-28 10:41:44] [GENERATE_SIMPLE] Iniciando validações simplificadas
[2025-11-28 10:41:44] [GENERATE_SIMPLE] Progresso no DB: 10089s, Enviado pelo cliente: 6060s
[2025-11-28 10:41:44] [GENERATE_SIMPLE] Tempo final considerado: 10089s
[2025-11-28 10:41:44] [GENERATE_SIMPLE] Duração total: 6060s, Requerido (85%): 5151s
[2025-11-28 10:41:44] [GENERATE_SIMPLE] Todas as validações passaram - gerando certificado
[2025-11-28 10:41:44] [GENERATE_SIMPLE] SUCESSO: Certificado inserido no banco - ID: aef6212f-6456-45cc-964e-3690bf9fb501
[2025-11-28 10:41:44] [GENERATE_SIMPLE] DEBUG: [GENERATE_SIMPLE] Iniciando geração de PNG para ID: aef6212f-6456-45cc-964e-3690bf9fb501
[2025-11-28 10:41:44] [GENERATE_SIMPLE] DEBUG: [GENERATE_SIMPLE] Conversão UTF-8 aplicada para geração.
[2025-11-28 10:41:44] [GENERATE_SIMPLE] DEBUG: [GENERATE_SIMPLE] Dimensões do template: Largura=3509, Altura=2481
[2025-11-28 10:41:44] [GENERATE_SIMPLE] DEBUG: [GENERATE_SIMPLE] Procurando fontes TTF para geração...
[2025-11-28 10:41:44] [GENERATE_SIMPLE] DEBUG: [GENERATE_SIMPLE] Fonte TTF Bold encontrada em: /home/u335416710/domains/translators101.com/public_html/v/includes/../fonts/DejaVuSans-Bold.ttf
[2025-11-28 10:41:44] [GENERATE_SIMPLE] DEBUG: [GENERATE_SIMPLE] Fonte TTF padrão encontrada em: /home/u335416710/domains/translators101.com/public_html/v/includes/../fonts/DejaVuSans-Bold.ttf
[2025-11-28 10:41:44] [GENERATE_SIMPLE] DEBUG: [GENERATE_SIMPLE] Usando imagettftext para geração.
[2025-11-28 10:41:44] [GENERATE_SIMPLE] DEBUG: [GENERATE_SIMPLE] Nome do usuário adicionado (X: 971.5, Y: 1100).
[2025-11-28 10:41:44] [GENERATE_SIMPLE] DEBUG: [GENERATE_SIMPLE] Processando título: 'S08E12 — Missão impossível? Não! Como gerenciar projetos de tradução sem pirar — Jerusa Marreti' (tamanho: 104 caracteres)
[2025-11-28 10:41:44] [GENERATE_SIMPLE] DEBUG: [GENERATE_SIMPLE] Título longo detectado - aplicando quebra de linha inteligente
[2025-11-28 10:41:44] [GENERATE_SIMPLE] DEBUG: [GENERATE_SIMPLE] Linha 1: 'S08E12 — Missão impossível? Não! Como gerenciar'
[2025-11-28 10:41:44] [GENERATE_SIMPLE] DEBUG: [GENERATE_SIMPLE] Linha 2: 'projetos de tradução sem pirar — Jerusa Marreti'
[2025-11-28 10:41:44] [GENERATE_SIMPLE] DEBUG: [GENERATE_SIMPLE] Linha 1 adicionada (X: 794, Y: 1350)
[2025-11-28 10:41:44] [GENERATE_SIMPLE] DEBUG: [GENERATE_SIMPLE] Linha 2 adicionada (X: 851, Y: 1410)
[2025-11-28 10:41:44] [GENERATE_SIMPLE] DEBUG: [GENERATE_SIMPLE] Duração da palestra adicionada (X: 2000, Y: 1570).
[2025-11-28 10:41:44] [GENERATE_SIMPLE] DEBUG: [GENERATE_SIMPLE] Data de emissão adicionada (X: 850, Y: 2330).
[2025-11-28 10:41:44] [GENERATE_SIMPLE] DEBUG: [GENERATE_SIMPLE] ID do certificado adicionado (X: 280, Y: 2430).
[2025-11-28 10:41:44] [GENERATE_SIMPLE] DEBUG: URL de verificação gerada: https://v.translators101.com/verificar_certificado.php?id=aef6212f-6456-45cc-964e-3690bf9fb501
[2025-11-28 10:41:45] [GENERATE_SIMPLE] DEBUG: QR Code colado na imagem base.
[2025-11-28 10:41:45] [GENERATE_SIMPLE] DEBUG: [GENERATE_SIMPLE] QR Code adicionado à imagem durante a geração (X: 2989, Y: 2131, Tamanho: 300).
[2025-11-28 10:41:48] [GENERATE_SIMPLE] DEBUG: [GENERATE_SIMPLE] imagepng() retornou SUCESSO. Verificando se o arquivo gerado é um PNG válido.
[2025-11-28 10:41:48] [GENERATE_SIMPLE] INFO: [GENERATE_SIMPLE] Certificado PNG gerado e salvo com sucesso em: /home/u335416710/domains/translators101.com/public_html/v/includes/../certificates/certificate_aef6212f-6456-45cc-964e-3690bf9fb501.png. É um PNG válido.
[2025-11-28 10:41:48] [GENERATE_SIMPLE] SUCESSO: PNG gerado - /home/u335416710/domains/translators101.com/public_html/v/includes/../certificates/certificate_aef6212f-6456-45cc-964e-3690bf9fb501.png
[2025-11-28 10:41:48] [GENERATE_SIMPLE] DEBUG: [GENERATE_SIMPLE] Iniciando geração de PDF T101 CORRIGIDO para ID: aef6212f-6456-45cc-964e-3690bf9fb501
[2025-11-28 10:41:48] [GENERATE_SIMPLE] DEBUG: [GENERATE_SIMPLE] TCPDF encontrado em: /home/u335416710/domains/translators101.com/public_html/v/includes/../vendor/tecnickcom/tcpdf/tcpdf.php
[2025-11-28 10:41:51] [GENERATE_SIMPLE] DEBUG: [GENERATE_SIMPLE] Template T101 oficial aplicado como fundo
[2025-11-28 10:41:51] [GENERATE_SIMPLE] DEBUG: URL de verificação gerada: https://v.translators101.com/verificar_certificado.php?id=aef6212f-6456-45cc-964e-3690bf9fb501
[2025-11-28 10:41:52] [GENERATE_SIMPLE] DEBUG: [GENERATE_SIMPLE] QR Code T101 adicionado ao PDF (posição corrigida)
[2025-11-28 10:41:52] [GENERATE_SIMPLE] SUCESSO: [GENERATE_SIMPLE] PDF T101 CORRIGIDO gerado em: /home/u335416710/domains/translators101.com/public_html/v/includes/../certificates/certificate_aef6212f-6456-45cc-964e-3690bf9fb501.pdf
[2025-11-28 10:41:52] [GENERATE_SIMPLE] SUCESSO: PDF gerado - /home/u335416710/domains/translators101.com/public_html/v/includes/../certificates/certificate_aef6212f-6456-45cc-964e-3690bf9fb501.pdf
[2025-11-28 10:41:52] [GENERATE_SIMPLE] SUCESSO: Certificado gerado - ID: aef6212f-6456-45cc-964e-3690bf9fb501, PNG: SIM, PDF: SIM, Assistido: 10089s de 6060s (166.5%)
[2025-11-28 10:42:06] [VIEW] DEBUG: Script view_certificate_files.php iniciado.
[2025-11-28 10:42:06] [VIEW] DEBUG: ID do certificado recebido: aef6212f-6456-45cc-964e-3690bf9fb501
[2025-11-28 10:42:06] [VIEW] DEBUG: Dados do certificado encontrados no banco de dados para ID: aef6212f-6456-45cc-964e-3690bf9fb501
[2025-11-28 10:42:06] [VIEW] DEBUG: Arquivo PNG encontrado: /home/u335416710/domains/translators101.com/public_html/v/certificates/certificate_aef6212f-6456-45cc-964e-3690bf9fb501.png
[2025-11-28 10:42:06] [VIEW] DEBUG: Script view_certificate_files.php iniciado.
[2025-11-28 10:42:06] [VIEW] DEBUG: ID do certificado recebido: aef6212f-6456-45cc-964e-3690bf9fb501
[2025-11-28 10:42:06] [VIEW] DEBUG: Dados do certificado encontrados no banco de dados para ID: aef6212f-6456-45cc-964e-3690bf9fb501
[2025-11-28 10:42:06] [VIEW] DEBUG: Arquivo PNG encontrado: /home/u335416710/domains/translators101.com/public_html/v/certificates/certificate_aef6212f-6456-45cc-964e-3690bf9fb501.png
[2025-11-28 10:42:06] [VIEW] DEBUG: Mostrando imagem diretamente: Certificado_AnaRaquelRomeuAguiar.png
[2025-11-28 10:42:06] [VIEW] INFO: Imagem PNG enviada para visualização direta.
[2025-11-28 13:06:39] [PALESTRA] DEBUG: Script palestra.php iniciado.
[2025-11-28 13:06:39] [PALESTRA] DEBUG: Usuário tem permissão.
[2025-11-28 13:06:39] [PALESTRA] DEBUG: ID da palestra recebido: 1477af40-2166-428b-b98c-70477ab08e72
[2025-11-28 13:06:39] [PALESTRA] DEBUG: Palestra 'S04E05 — Afinal, o que é gramática? — Amanda Moura' encontrada. Duração em minutos: 140
[2025-11-28 13:06:39] [PALESTRA] DEBUG: User ID da sessão ('f4c84ced-9d70-11f0-916e-bad1eb27008a') é válido e existe na tabela 'users'.
[2025-11-28 13:06:39] [PALESTRA] DEBUG: Log existente encontrado. Progresso: 12130s
[2025-11-28 13:06:39] [PALESTRA] DEBUG: Progresso inicial carregado do DB (user_progress_seconds): 12130
[2025-11-28 13:06:39] [PALESTRA] DEBUG: Palestras relacionadas buscadas para categoria ''.
[2025-11-28 13:06:39] [PALESTRA] DEBUG: Verificação de certificado existente para exibição inicial. ID existente: 7bab3e60-f91e-48a4-9864-cb7b7f584ab1
[2025-11-28 13:06:39] [PALESTRA] DEBUG: Panda Player Div ID extraído do embed: 'panda-1477af40-2166-428b-b98c-70477ab08e72'
[2025-11-28 18:17:31] [DOWNLOAD] DEBUG: Script download_certificate_files.php iniciado.
[2025-11-28 18:17:31] [DOWNLOAD] INFO: Usuário não logado. Redirecionando para login.php.
[2025-11-28 18:17:37] [DOWNLOAD] DEBUG: Script download_certificate_files.php iniciado.
[2025-11-28 18:17:37] [DOWNLOAD] INFO: Usuário não logado. Redirecionando para login.php.
[2025-11-29 13:06:10] [VIEW] DEBUG: Script view_certificate_files.php iniciado.
[2025-11-29 13:06:10] [VIEW] DEBUG: ID do certificado recebido: ad96246e-da87-4ca5-8b5f-5deb2dd205e3
[2025-11-29 13:06:10] [VIEW] DEBUG: Dados do certificado encontrados no banco de dados para ID: ad96246e-da87-4ca5-8b5f-5deb2dd205e3
[2025-11-29 13:06:10] [VIEW] DEBUG: Arquivo PNG encontrado: /home/u335416710/domains/translators101.com/public_html/v/certificates/certificate_ad96246e-da87-4ca5-8b5f-5deb2dd205e3.png
[2025-11-29 13:06:11] [VIEW] DEBUG: Script view_certificate_files.php iniciado.
[2025-11-29 13:06:11] [VIEW] DEBUG: ID do certificado recebido: ad96246e-da87-4ca5-8b5f-5deb2dd205e3
[2025-11-29 13:06:11] [VIEW] DEBUG: Dados do certificado encontrados no banco de dados para ID: ad96246e-da87-4ca5-8b5f-5deb2dd205e3
[2025-11-29 13:06:11] [VIEW] DEBUG: Arquivo PNG encontrado: /home/u335416710/domains/translators101.com/public_html/v/certificates/certificate_ad96246e-da87-4ca5-8b5f-5deb2dd205e3.png
[2025-11-29 13:06:11] [VIEW] DEBUG: Mostrando imagem diretamente: Certificado_WilliamCassemiro.png
[2025-11-29 13:06:11] [VIEW] INFO: Imagem PNG enviada para visualização direta.
[2025-11-29 17:18:43] [PALESTRA] DEBUG: Script palestra.php iniciado.
[2025-11-29 17:18:43] [PALESTRA] DEBUG: Usuário tem permissão.
[2025-11-29 17:18:43] [PALESTRA] DEBUG: ID da palestra recebido: 4dda5562-cd47-11f0-916e-bad1eb27008a
[2025-11-29 17:18:43] [PALESTRA] DEBUG: Palestra 'S08E40 — In dubio, non confide: a tradução jurídica e os limites da IA' encontrada. Duração em minutos: 82
[2025-11-29 17:18:43] [PALESTRA] DEBUG: User ID da sessão ('debug-user') é válido e existe na tabela 'users'.
[2025-11-29 17:18:43] [PALESTRA] INFO: Novo log de acesso registrado para palestra 'S08E40 — In dubio, non confide: a tradução jurídica e os limites da IA' (User ID: debug-user).
[2025-11-29 17:18:43] [PALESTRA] DEBUG: Progresso inicial carregado do DB (user_progress_seconds): 0
[2025-11-29 17:18:43] [PALESTRA] DEBUG: Palestras relacionadas buscadas para categoria 'Técnica, Ferramentas'.
[2025-11-29 17:18:43] [PALESTRA] DEBUG: Verificação de certificado existente para exibição inicial. ID existente: Nenhum
[2025-11-29 17:18:43] [PALESTRA] DEBUG: Panda Player Div ID extraído do embed: 'panda-7cd86054-b201-46f0-8b26-f4b53d6d1744'
[2025-11-29 14:20:33] [ADMIN] DEBUG: [ADMIN_GENERATE] Iniciando geração de PNG para ID: 607dbf43-8ba9-4f80-84cf-23728ef317a1
[2025-11-29 14:20:34] [ADMIN] DEBUG: [ADMIN_GENERATE] Conversão UTF-8 aplicada para geração.
[2025-11-29 14:20:34] [ADMIN] DEBUG: [ADMIN_GENERATE] Dimensões do template: Largura=3509, Altura=2481
[2025-11-29 14:20:34] [ADMIN] DEBUG: [ADMIN_GENERATE] Procurando fontes TTF para geração...
[2025-11-29 14:20:34] [ADMIN] DEBUG: [ADMIN_GENERATE] Fonte TTF Bold encontrada em: /home/u335416710/domains/translators101.com/public_html/v/includes/../fonts/DejaVuSans-Bold.ttf
[2025-11-29 14:20:34] [ADMIN] DEBUG: [ADMIN_GENERATE] Fonte TTF padrão encontrada em: /home/u335416710/domains/translators101.com/public_html/v/includes/../fonts/DejaVuSans-Bold.ttf
[2025-11-29 14:20:34] [ADMIN] DEBUG: [ADMIN_GENERATE] Usando imagettftext para geração.
[2025-11-29 14:20:34] [ADMIN] DEBUG: [ADMIN_GENERATE] Nome do usuário adicionado (X: 1299, Y: 1100).
[2025-11-29 14:20:34] [ADMIN] DEBUG: [ADMIN_GENERATE] Processando título: 'S08E40 — In dubio, non confide: a tradução jurídica e os limites da IA' (tamanho: 75 caracteres)
[2025-11-29 14:20:34] [ADMIN] DEBUG: [ADMIN_GENERATE] Título longo detectado - aplicando quebra de linha inteligente
[2025-11-29 14:20:34] [ADMIN] DEBUG: [ADMIN_GENERATE] Linha 1: 'S08E40 — In dubio, non confide: a tradução'
[2025-11-29 14:20:34] [ADMIN] DEBUG: [ADMIN_GENERATE] Linha 2: 'jurídica e os limites da IA'
[2025-11-29 14:20:34] [ADMIN] DEBUG: [ADMIN_GENERATE] Linha 1 adicionada (X: 937.5, Y: 1350)
[2025-11-29 14:20:34] [ADMIN] DEBUG: [ADMIN_GENERATE] Linha 2 adicionada (X: 1279.5, Y: 1410)
[2025-11-29 14:20:34] [ADMIN] DEBUG: [ADMIN_GENERATE] Duração da palestra adicionada (X: 2000, Y: 1570).
[2025-11-29 14:20:34] [ADMIN] DEBUG: [ADMIN_GENERATE] Data de emissão adicionada (X: 850, Y: 2330).
[2025-11-29 14:20:34] [ADMIN] DEBUG: [ADMIN_GENERATE] ID do certificado adicionado (X: 280, Y: 2430).
[2025-11-29 14:20:34] [ADMIN] DEBUG: URL de verificação gerada: https://v.translators101.com/verificar_certificado.php?id=607dbf43-8ba9-4f80-84cf-23728ef317a1
[2025-11-29 14:20:35] [ADMIN] DEBUG: QR Code colado na imagem base.
[2025-11-29 14:20:35] [ADMIN] DEBUG: [ADMIN_GENERATE] QR Code adicionado à imagem durante a geração (X: 2989, Y: 2131, Tamanho: 300).
[2025-11-29 14:20:38] [ADMIN] DEBUG: [ADMIN_GENERATE] imagepng() retornou SUCESSO. Verificando se o arquivo gerado é um PNG válido.
[2025-11-29 14:20:38] [ADMIN] INFO: [ADMIN_GENERATE] Certificado PNG gerado e salvo com sucesso em: /home/u335416710/domains/translators101.com/public_html/v/includes/../certificates/certificate_607dbf43-8ba9-4f80-84cf-23728ef317a1.png. É um PNG válido.
[2025-11-29 14:23:34] [ADMIN] DEBUG: [ADMIN_GENERATE] Iniciando geração de PNG para ID: d222d9bb-2e36-4049-bb63-deedf82aa85b
[2025-11-29 14:23:34] [ADMIN] DEBUG: [ADMIN_GENERATE] Conversão UTF-8 aplicada para geração.
[2025-11-29 14:23:34] [ADMIN] DEBUG: [ADMIN_GENERATE] Dimensões do template: Largura=3509, Altura=2481
[2025-11-29 14:23:34] [ADMIN] DEBUG: [ADMIN_GENERATE] Procurando fontes TTF para geração...
[2025-11-29 14:23:34] [ADMIN] DEBUG: [ADMIN_GENERATE] Fonte TTF Bold encontrada em: /home/u335416710/domains/translators101.com/public_html/v/includes/../fonts/DejaVuSans-Bold.ttf
[2025-11-29 14:23:34] [ADMIN] DEBUG: [ADMIN_GENERATE] Fonte TTF padrão encontrada em: /home/u335416710/domains/translators101.com/public_html/v/includes/../fonts/DejaVuSans-Bold.ttf
[2025-11-29 14:23:34] [ADMIN] DEBUG: [ADMIN_GENERATE] Usando imagettftext para geração.
[2025-11-29 14:23:34] [ADMIN] DEBUG: [ADMIN_GENERATE] Nome do usuário adicionado (X: 1028, Y: 1100).
[2025-11-29 14:23:34] [ADMIN] DEBUG: [ADMIN_GENERATE] Processando título: 'S08E40 — In dubio, non confide: a tradução jurídica e os limites da IA' (tamanho: 75 caracteres)
[2025-11-29 14:23:34] [ADMIN] DEBUG: [ADMIN_GENERATE] Título longo detectado - aplicando quebra de linha inteligente
[2025-11-29 14:23:34] [ADMIN] DEBUG: [ADMIN_GENERATE] Linha 1: 'S08E40 — In dubio, non confide: a tradução'
[2025-11-29 14:23:34] [ADMIN] DEBUG: [ADMIN_GENERATE] Linha 2: 'jurídica e os limites da IA'
[2025-11-29 14:23:34] [ADMIN] DEBUG: [ADMIN_GENERATE] Linha 1 adicionada (X: 937.5, Y: 1350)
[2025-11-29 14:23:34] [ADMIN] DEBUG: [ADMIN_GENERATE] Linha 2 adicionada (X: 1279.5, Y: 1410)
[2025-11-29 14:23:34] [ADMIN] DEBUG: [ADMIN_GENERATE] Duração da palestra adicionada (X: 2000, Y: 1570).
[2025-11-29 14:23:34] [ADMIN] DEBUG: [ADMIN_GENERATE] Data de emissão adicionada (X: 850, Y: 2330).
[2025-11-29 14:23:34] [ADMIN] DEBUG: [ADMIN_GENERATE] ID do certificado adicionado (X: 280, Y: 2430).
[2025-11-29 14:23:34] [ADMIN] DEBUG: URL de verificação gerada: https://v.translators101.com/verificar_certificado.php?id=d222d9bb-2e36-4049-bb63-deedf82aa85b
[2025-11-29 14:23:35] [ADMIN] DEBUG: QR Code colado na imagem base.
[2025-11-29 14:23:35] [ADMIN] DEBUG: [ADMIN_GENERATE] QR Code adicionado à imagem durante a geração (X: 2989, Y: 2131, Tamanho: 300).
[2025-11-29 14:23:38] [ADMIN] DEBUG: [ADMIN_GENERATE] imagepng() retornou SUCESSO. Verificando se o arquivo gerado é um PNG válido.
[2025-11-29 14:23:38] [ADMIN] INFO: [ADMIN_GENERATE] Certificado PNG gerado e salvo com sucesso em: /home/u335416710/domains/translators101.com/public_html/v/includes/../certificates/certificate_d222d9bb-2e36-4049-bb63-deedf82aa85b.png. É um PNG válido.
[2025-11-29 14:24:14] [ADMIN] DEBUG: [ADMIN_GENERATE] Iniciando geração de PNG para ID: 4f3ace8a-07ba-4957-a01d-ad7243e588e1
[2025-11-29 14:24:14] [ADMIN] DEBUG: [ADMIN_GENERATE] Conversão UTF-8 aplicada para geração.
[2025-11-29 14:24:14] [ADMIN] DEBUG: [ADMIN_GENERATE] Dimensões do template: Largura=3509, Altura=2481
[2025-11-29 14:24:14] [ADMIN] DEBUG: [ADMIN_GENERATE] Procurando fontes TTF para geração...
[2025-11-29 14:24:14] [ADMIN] DEBUG: [ADMIN_GENERATE] Fonte TTF Bold encontrada em: /home/u335416710/domains/translators101.com/public_html/v/includes/../fonts/DejaVuSans-Bold.ttf
[2025-11-29 14:24:14] [ADMIN] DEBUG: [ADMIN_GENERATE] Fonte TTF padrão encontrada em: /home/u335416710/domains/translators101.com/public_html/v/includes/../fonts/DejaVuSans-Bold.ttf
[2025-11-29 14:24:14] [ADMIN] DEBUG: [ADMIN_GENERATE] Usando imagettftext para geração.
[2025-11-29 14:24:14] [ADMIN] DEBUG: [ADMIN_GENERATE] Nome do usuário adicionado (X: 1053, Y: 1100).
[2025-11-29 14:24:14] [ADMIN] DEBUG: [ADMIN_GENERATE] Processando título: 'S08E40 — In dubio, non confide: a tradução jurídica e os limites da IA' (tamanho: 75 caracteres)
[2025-11-29 14:24:14] [ADMIN] DEBUG: [ADMIN_GENERATE] Título longo detectado - aplicando quebra de linha inteligente
[2025-11-29 14:24:14] [ADMIN] DEBUG: [ADMIN_GENERATE] Linha 1: 'S08E40 — In dubio, non confide: a tradução'
[2025-11-29 14:24:14] [ADMIN] DEBUG: [ADMIN_GENERATE] Linha 2: 'jurídica e os limites da IA'
[2025-11-29 14:24:14] [ADMIN] DEBUG: [ADMIN_GENERATE] Linha 1 adicionada (X: 937.5, Y: 1350)
[2025-11-29 14:24:14] [ADMIN] DEBUG: [ADMIN_GENERATE] Linha 2 adicionada (X: 1279.5, Y: 1410)
[2025-11-29 14:24:14] [ADMIN] DEBUG: [ADMIN_GENERATE] Duração da palestra adicionada (X: 2000, Y: 1570).
[2025-11-29 14:24:14] [ADMIN] DEBUG: [ADMIN_GENERATE] Data de emissão adicionada (X: 850, Y: 2330).
[2025-11-29 14:24:14] [ADMIN] DEBUG: [ADMIN_GENERATE] ID do certificado adicionado (X: 280, Y: 2430).
[2025-11-29 14:24:14] [ADMIN] DEBUG: URL de verificação gerada: https://v.translators101.com/verificar_certificado.php?id=4f3ace8a-07ba-4957-a01d-ad7243e588e1
[2025-11-29 14:24:15] [ADMIN] DEBUG: QR Code colado na imagem base.
[2025-11-29 14:24:15] [ADMIN] DEBUG: [ADMIN_GENERATE] QR Code adicionado à imagem durante a geração (X: 2989, Y: 2131, Tamanho: 300).
[2025-11-29 14:24:19] [ADMIN] DEBUG: [ADMIN_GENERATE] imagepng() retornou SUCESSO. Verificando se o arquivo gerado é um PNG válido.
[2025-11-29 14:24:19] [ADMIN] INFO: [ADMIN_GENERATE] Certificado PNG gerado e salvo com sucesso em: /home/u335416710/domains/translators101.com/public_html/v/includes/../certificates/certificate_4f3ace8a-07ba-4957-a01d-ad7243e588e1.png. É um PNG válido.
[2025-11-29 14:24:53] [ADMIN] DEBUG: [ADMIN_GENERATE] Iniciando geração de PNG para ID: de715e61-899c-4b52-98cd-b15e43aec422
[2025-11-29 14:24:53] [ADMIN] DEBUG: [ADMIN_GENERATE] Conversão UTF-8 aplicada para geração.
[2025-11-29 14:24:53] [ADMIN] DEBUG: [ADMIN_GENERATE] Dimensões do template: Largura=3509, Altura=2481
[2025-11-29 14:24:53] [ADMIN] DEBUG: [ADMIN_GENERATE] Procurando fontes TTF para geração...
[2025-11-29 14:24:53] [ADMIN] DEBUG: [ADMIN_GENERATE] Fonte TTF Bold encontrada em: /home/u335416710/domains/translators101.com/public_html/v/includes/../fonts/DejaVuSans-Bold.ttf
[2025-11-29 14:24:53] [ADMIN] DEBUG: [ADMIN_GENERATE] Fonte TTF padrão encontrada em: /home/u335416710/domains/translators101.com/public_html/v/includes/../fonts/DejaVuSans-Bold.ttf
[2025-11-29 14:24:53] [ADMIN] DEBUG: [ADMIN_GENERATE] Usando imagettftext para geração.
[2025-11-29 14:24:53] [ADMIN] DEBUG: [ADMIN_GENERATE] Nome do usuário adicionado (X: 1134.5, Y: 1100).
[2025-11-29 14:24:53] [ADMIN] DEBUG: [ADMIN_GENERATE] Processando título: 'S08E40 — In dubio, non confide: a tradução jurídica e os limites da IA' (tamanho: 75 caracteres)
[2025-11-29 14:24:53] [ADMIN] DEBUG: [ADMIN_GENERATE] Título longo detectado - aplicando quebra de linha inteligente
[2025-11-29 14:24:53] [ADMIN] DEBUG: [ADMIN_GENERATE] Linha 1: 'S08E40 — In dubio, non confide: a tradução'
[2025-11-29 14:24:53] [ADMIN] DEBUG: [ADMIN_GENERATE] Linha 2: 'jurídica e os limites da IA'
[2025-11-29 14:24:53] [ADMIN] DEBUG: [ADMIN_GENERATE] Linha 1 adicionada (X: 937.5, Y: 1350)
[2025-11-29 14:24:53] [ADMIN] DEBUG: [ADMIN_GENERATE] Linha 2 adicionada (X: 1279.5, Y: 1410)
[2025-11-29 14:24:53] [ADMIN] DEBUG: [ADMIN_GENERATE] Duração da palestra adicionada (X: 2000, Y: 1570).
[2025-11-29 14:24:53] [ADMIN] DEBUG: [ADMIN_GENERATE] Data de emissão adicionada (X: 850, Y: 2330).
[2025-11-29 14:24:53] [ADMIN] DEBUG: [ADMIN_GENERATE] ID do certificado adicionado (X: 280, Y: 2430).
[2025-11-29 14:24:53] [ADMIN] DEBUG: URL de verificação gerada: https://v.translators101.com/verificar_certificado.php?id=de715e61-899c-4b52-98cd-b15e43aec422
[2025-11-29 14:24:54] [ADMIN] DEBUG: QR Code colado na imagem base.
[2025-11-29 14:24:54] [ADMIN] DEBUG: [ADMIN_GENERATE] QR Code adicionado à imagem durante a geração (X: 2989, Y: 2131, Tamanho: 300).
[2025-11-29 14:24:58] [ADMIN] DEBUG: [ADMIN_GENERATE] imagepng() retornou SUCESSO. Verificando se o arquivo gerado é um PNG válido.
[2025-11-29 14:24:58] [ADMIN] INFO: [ADMIN_GENERATE] Certificado PNG gerado e salvo com sucesso em: /home/u335416710/domains/translators101.com/public_html/v/includes/../certificates/certificate_de715e61-899c-4b52-98cd-b15e43aec422.png. É um PNG válido.
[2025-11-29 14:26:27] [ADMIN] DEBUG: [ADMIN_GENERATE] Iniciando geração de PNG para ID: 2a2413c2-6f1b-4cd1-88d4-fa366cc0b62d
[2025-11-29 14:26:27] [ADMIN] DEBUG: [ADMIN_GENERATE] Conversão UTF-8 aplicada para geração.
[2025-11-29 14:26:27] [ADMIN] DEBUG: [ADMIN_GENERATE] Dimensões do template: Largura=3509, Altura=2481
[2025-11-29 14:26:27] [ADMIN] DEBUG: [ADMIN_GENERATE] Procurando fontes TTF para geração...
[2025-11-29 14:26:27] [ADMIN] DEBUG: [ADMIN_GENERATE] Fonte TTF Bold encontrada em: /home/u335416710/domains/translators101.com/public_html/v/includes/../fonts/DejaVuSans-Bold.ttf
[2025-11-29 14:26:27] [ADMIN] DEBUG: [ADMIN_GENERATE] Fonte TTF padrão encontrada em: /home/u335416710/domains/translators101.com/public_html/v/includes/../fonts/DejaVuSans-Bold.ttf
[2025-11-29 14:26:27] [ADMIN] DEBUG: [ADMIN_GENERATE] Usando imagettftext para geração.
[2025-11-29 14:26:27] [ADMIN] DEBUG: [ADMIN_GENERATE] Nome do usuário adicionado (X: 1044.5, Y: 1100).
[2025-11-29 14:26:27] [ADMIN] DEBUG: [ADMIN_GENERATE] Processando título: 'S08E40 — In dubio, non confide: a tradução jurídica e os limites da IA' (tamanho: 75 caracteres)
[2025-11-29 14:26:27] [ADMIN] DEBUG: [ADMIN_GENERATE] Título longo detectado - aplicando quebra de linha inteligente
[2025-11-29 14:26:27] [ADMIN] DEBUG: [ADMIN_GENERATE] Linha 1: 'S08E40 — In dubio, non confide: a tradução'
[2025-11-29 14:26:27] [ADMIN] DEBUG: [ADMIN_GENERATE] Linha 2: 'jurídica e os limites da IA'
[2025-11-29 14:26:27] [ADMIN] DEBUG: [ADMIN_GENERATE] Linha 1 adicionada (X: 937.5, Y: 1350)
[2025-11-29 14:26:27] [ADMIN] DEBUG: [ADMIN_GENERATE] Linha 2 adicionada (X: 1279.5, Y: 1410)
[2025-11-29 14:26:27] [ADMIN] DEBUG: [ADMIN_GENERATE] Duração da palestra adicionada (X: 2000, Y: 1570).
[2025-11-29 14:26:27] [ADMIN] DEBUG: [ADMIN_GENERATE] Data de emissão adicionada (X: 850, Y: 2330).
[2025-11-29 14:26:27] [ADMIN] DEBUG: [ADMIN_GENERATE] ID do certificado adicionado (X: 280, Y: 2430).
[2025-11-29 14:26:27] [ADMIN] DEBUG: URL de verificação gerada: https://v.translators101.com/verificar_certificado.php?id=2a2413c2-6f1b-4cd1-88d4-fa366cc0b62d
[2025-11-29 14:26:28] [ADMIN] DEBUG: QR Code colado na imagem base.
[2025-11-29 14:26:28] [ADMIN] DEBUG: [ADMIN_GENERATE] QR Code adicionado à imagem durante a geração (X: 2989, Y: 2131, Tamanho: 300).
[2025-11-29 14:26:32] [ADMIN] DEBUG: [ADMIN_GENERATE] imagepng() retornou SUCESSO. Verificando se o arquivo gerado é um PNG válido.
[2025-11-29 14:26:32] [ADMIN] INFO: [ADMIN_GENERATE] Certificado PNG gerado e salvo com sucesso em: /home/u335416710/domains/translators101.com/public_html/v/includes/../certificates/certificate_2a2413c2-6f1b-4cd1-88d4-fa366cc0b62d.png. É um PNG válido.
[2025-12-01 13:52:27] [PALESTRA] DEBUG: Script palestra.php iniciado.
[2025-12-01 13:52:27] [PALESTRA] DEBUG: Usuário tem permissão.
[2025-12-01 13:52:27] [PALESTRA] DEBUG: ID da palestra recebido: 5437c44e-8acd-4a32-8afe-b45ab2504b70
[2025-12-01 13:52:27] [PALESTRA] DEBUG: Palestra 'S06E22 — Tradutor: um eterno aprendiz — Cláudia Fleith' encontrada. Duração em minutos: 58
[2025-12-01 13:52:27] [PALESTRA] DEBUG: User ID da sessão ('6facf673-a12c-11f0-916e-bad1eb27008a') é válido e existe na tabela 'users'.
[2025-12-01 13:52:27] [PALESTRA] INFO: Novo log de acesso registrado para palestra 'S06E22 — Tradutor: um eterno aprendiz — Cláudia Fleith' (User ID: 6facf673-a12c-11f0-916e-bad1eb27008a).
[2025-12-01 13:52:27] [PALESTRA] DEBUG: Progresso inicial carregado do DB (user_progress_seconds): 0
[2025-12-01 13:52:27] [PALESTRA] DEBUG: Palestras relacionadas buscadas para categoria ''.
[2025-12-01 13:52:27] [PALESTRA] DEBUG: Verificação de certificado existente para exibição inicial. ID existente: Nenhum
[2025-12-01 13:52:27] [PALESTRA] DEBUG: Panda Player Div ID extraído do embed: 'panda-5437c44e-8acd-4a32-8afe-b45ab2504b70'
[2025-12-01 14:55:03] [LIVE_CERT] Script gerar-certificado-live.php iniciado
[2025-12-01 14:55:03] [LIVE_CERT] Dados recebidos - User: debug-user, Date: 2025-12-01
[2025-12-01 14:55:03] [LIVE_CERT] ERRO PDO: SQLSTATE[23000]: Integrity constraint violation: 1452 Cannot add or update a child row: a foreign key constraint fails (`u335416710_t101_db`.`certificates`, CONSTRAINT `certificates_ibfk_2` FOREIGN KEY (`lecture_id`) REFERENCES `lectures` (`id`) ON DELETE CASCADE)
[2025-12-01 14:59:11] [DOWNLOAD] DEBUG: Script download_certificate_files.php iniciado.
[2025-12-01 14:59:11] [DOWNLOAD] INFO: Usuário não logado. Redirecionando para login.php.
[2025-12-01 14:59:13] [DOWNLOAD] DEBUG: Script download_certificate_files.php iniciado.
[2025-12-01 14:59:13] [DOWNLOAD] INFO: Usuário não logado. Redirecionando para login.php.
[2025-12-01 14:59:47] [VIEW] DEBUG: Script view_certificate_files.php iniciado.
[2025-12-01 14:59:47] [VIEW] DEBUG: ID do certificado recebido: 607dbf43-8ba9-4f80-84cf-23728ef317a1
[2025-12-01 14:59:47] [VIEW] DEBUG: Dados do certificado encontrados no banco de dados para ID: 607dbf43-8ba9-4f80-84cf-23728ef317a1
[2025-12-01 14:59:47] [VIEW] DEBUG: Arquivo PNG encontrado: /home/u335416710/domains/translators101.com/public_html/v/certificates/certificate_607dbf43-8ba9-4f80-84cf-23728ef317a1.png
[2025-12-01 14:59:48] [VIEW] DEBUG: Script view_certificate_files.php iniciado.
[2025-12-01 14:59:48] [VIEW] DEBUG: ID do certificado recebido: 607dbf43-8ba9-4f80-84cf-23728ef317a1
[2025-12-01 14:59:48] [VIEW] DEBUG: Dados do certificado encontrados no banco de dados para ID: 607dbf43-8ba9-4f80-84cf-23728ef317a1
[2025-12-01 14:59:48] [VIEW] DEBUG: Arquivo PNG encontrado: /home/u335416710/domains/translators101.com/public_html/v/certificates/certificate_607dbf43-8ba9-4f80-84cf-23728ef317a1.png
[2025-12-01 14:59:48] [VIEW] DEBUG: Mostrando imagem diretamente: Certificado_EulaliaNavarro.png
[2025-12-01 14:59:48] [VIEW] INFO: Imagem PNG enviada para visualização direta.
[2025-12-01 15:01:06] [DOWNLOAD] DEBUG: Script download_certificate_files.php iniciado.
[2025-12-01 15:01:06] [DOWNLOAD] INFO: Usuário não logado. Redirecionando para login.php.
[2025-12-01 15:01:08] [DOWNLOAD] DEBUG: Script download_certificate_files.php iniciado.
[2025-12-01 15:01:08] [DOWNLOAD] DEBUG: ID do certificado recebido: 607dbf43-8ba9-4f80-84cf-23728ef317a1, formato solicitado: png
[2025-12-01 15:01:08] [DOWNLOAD] DEBUG: Dados do certificado encontrados no banco de dados.
[2025-12-01 15:01:08] [DOWNLOAD] DEBUG: Arquivo PNG encontrado: /home/u335416710/domains/translators101.com/public_html/v/certificates/certificate_607dbf43-8ba9-4f80-84cf-23728ef317a1.png
[2025-12-01 15:01:08] [DOWNLOAD] DEBUG: Preparando download final: Certificado_Eulalia_Navarro_2025-12-01.png (Tipo: image/png) - Arquivo: /home/u335416710/domains/translators101.com/public_html/v/certificates/certificate_607dbf43-8ba9-4f80-84cf-23728ef317a1.png
[2025-12-01 15:01:08] [DOWNLOAD] INFO: Arquivo Certificado_Eulalia_Navarro_2025-12-01.png enviado para download com sucesso.
[2025-12-01 15:02:20] [VIEW] DEBUG: Script view_certificate_files.php iniciado.
[2025-12-01 15:02:20] [VIEW] DEBUG: ID do certificado recebido: 7ddc697f-5191-4e72-afff-f8a1a805e568
[2025-12-01 15:02:20] [VIEW] DEBUG: Dados do certificado encontrados no banco de dados para ID: 7ddc697f-5191-4e72-afff-f8a1a805e568
[2025-12-01 15:02:20] [VIEW] DEBUG: Arquivo PNG encontrado: /home/u335416710/domains/translators101.com/public_html/v/certificates/certificate_7ddc697f-5191-4e72-afff-f8a1a805e568.png
[2025-12-01 15:02:21] [VIEW] DEBUG: Script view_certificate_files.php iniciado.
[2025-12-01 15:02:21] [VIEW] DEBUG: ID do certificado recebido: 7ddc697f-5191-4e72-afff-f8a1a805e568
[2025-12-01 15:02:21] [VIEW] DEBUG: Dados do certificado encontrados no banco de dados para ID: 7ddc697f-5191-4e72-afff-f8a1a805e568
[2025-12-01 15:02:21] [VIEW] DEBUG: Arquivo PNG encontrado: /home/u335416710/domains/translators101.com/public_html/v/certificates/certificate_7ddc697f-5191-4e72-afff-f8a1a805e568.png
[2025-12-01 15:02:21] [VIEW] DEBUG: Mostrando imagem diretamente: Certificado_EulaliaNavarro.png
[2025-12-01 15:02:21] [VIEW] INFO: Imagem PNG enviada para visualização direta.
[2025-12-01 15:18:45] [LIVE_CERT] Script gerar-certificado-live.php iniciado
[2025-12-01 15:18:45] [LIVE_CERT] Dados recebidos - User: debug-user, Date: 2025-12-01
[2025-12-01 15:18:45] [LIVE_CERT] AVISO: Nenhuma palestra agendada para 2025-12-01 - Usando valores padrão
[2025-12-01 15:18:45] [LIVE_CERT] ERRO PDO: SQLSTATE[23000]: Integrity constraint violation: 1452 Cannot add or update a child row: a foreign key constraint fails (`u335416710_t101_db`.`certificates`, CONSTRAINT `certificates_ibfk_2` FOREIGN KEY (`lecture_id`) REFERENCES `lectures` (`id`) ON DELETE CASCADE)
[2025-12-01 15:19:36] [LIVE_CERT] Script gerar-certificado-live.php iniciado
[2025-12-01 15:19:36] [LIVE_CERT] Dados recebidos - User: debug-user, Date: 2025-12-01
[2025-12-01 15:19:36] [LIVE_CERT] AVISO: Nenhuma palestra agendada para 2025-12-01 - Usando valores padrão
[2025-12-01 15:19:36] [LIVE_CERT] ERRO PDO: SQLSTATE[23000]: Integrity constraint violation: 1452 Cannot add or update a child row: a foreign key constraint fails (`u335416710_t101_db`.`certificates`, CONSTRAINT `certificates_ibfk_2` FOREIGN KEY (`lecture_id`) REFERENCES `lectures` (`id`) ON DELETE CASCADE)
[2025-12-01 15:22:36] [LIVE_CERT] Script gerar-certificado-live.php iniciado
[2025-12-01 15:22:36] [LIVE_CERT] Dados recebidos - User: debug-user, Date: 2025-12-01
[2025-12-01 15:22:36] [LIVE_CERT] AVISO: Nenhuma palestra agendada para 2025-12-01 - Usando valores padrão
[2025-12-01 15:22:36] [LIVE_CERT] Criando registro temporário na tabela lectures para: live-2025-12-01
[2025-12-01 15:22:36] [LIVE_CERT] Registro criado com sucesso na tabela lectures
[2025-12-01 15:22:36] [LIVE_CERT] SUCESSO: Certificado de live gerado - ID: f42de505-c757-451c-9e50-edea9de52c1e, User: William Cassemiro, Palestra: Palestra ao Vivo - 01/12/2025, Palestrante: Translators101, Tempo: 63 min
[2025-12-01 15:22:55] [VIEW] DEBUG: Script view_certificate_files.php iniciado.
[2025-12-01 15:22:55] [VIEW] DEBUG: ID do certificado recebido: f42de505-c757-451c-9e50-edea9de52c1e
[2025-12-01 15:22:55] [VIEW] DEBUG: Dados do certificado encontrados no banco de dados para ID: f42de505-c757-451c-9e50-edea9de52c1e
[2025-12-01 15:23:04] [GENERATE_SIMPLE] Script generate_simple_certificate.php iniciado
[2025-12-01 15:24:48] [GENERATE_CERT] Script generate_certificate.php iniciado
[2025-12-01 15:24:58] [VIEW] DEBUG: Script view_certificate_files.php iniciado.
[2025-12-01 15:24:58] [VIEW] DEBUG: ID do certificado recebido: f42de505-c757-451c-9e50-edea9de52c1e
[2025-12-01 15:24:58] [VIEW] DEBUG: Dados do certificado encontrados no banco de dados para ID: f42de505-c757-451c-9e50-edea9de52c1e
[2025-12-01 15:29:31] [VIEW] DEBUG: Script view_certificate_files.php iniciado.
[2025-12-01 15:29:31] [VIEW] DEBUG: ID do certificado recebido: f42de505-c757-451c-9e50-edea9de52c1e
[2025-12-01 15:29:31] [VIEW] DEBUG: Dados do certificado encontrados no banco de dados para ID: f42de505-c757-451c-9e50-edea9de52c1e
[2025-12-01 15:29:33] [GENERATE_SIMPLE] Script generate_simple_certificate.php iniciado
[2025-12-01 15:29:36] [GENERATE_SIMPLE] Script generate_simple_certificate.php iniciado
[2025-12-01 15:30:39] [VIEW] DEBUG: Script view_certificate_files.php iniciado.
[2025-12-01 15:30:39] [VIEW] DEBUG: ID do certificado recebido: f42de505-c757-451c-9e50-edea9de52c1e
[2025-12-01 15:30:39] [VIEW] DEBUG: Dados do certificado encontrados no banco de dados para ID: f42de505-c757-451c-9e50-edea9de52c1e
[2025-12-01 15:30:42] [GENERATE_SIMPLE] Script generate_simple_certificate.php iniciado
